[
{
  "model": "admin.logentry",
  "pk": 1,
  "fields": {
    "action_time": "2025-09-29T01:08:15.685Z",
    "user": 1,
    "content_type": 8,
    "object_id": "1",
    "object_repr": "admin@example.com ()",
    "action_flag": 2,
    "change_message": "[{\"changed\": {\"fields\": [\"Is first login\"]}}]"
  }
},
{
  "model": "admin.logentry",
  "pk": 2,
  "fields": {
    "action_time": "2025-09-29T01:09:24.949Z",
    "user": 1,
    "content_type": 8,
    "object_id": "1",
    "object_repr": "admin@example.com (Admin)",
    "action_flag": 2,
    "change_message": "[{\"changed\": {\"fields\": [\"First name\", \"Userlevel\"]}}]"
  }
},
{
  "model": "admin.logentry",
  "pk": 3,
  "fields": {
    "action_time": "2025-09-30T18:18:11.294Z",
    "user": 1,
    "content_type": 8,
    "object_id": "3",
    "object_repr": "jerichourb.01.01.04@gmail.com (Unit Head)",
    "action_flag": 3,
    "change_message": ""
  }
},
{
  "model": "admin.logentry",
  "pk": 4,
  "fields": {
    "action_time": "2025-10-01T03:31:47.707Z",
    "user": 1,
    "content_type": 8,
    "object_id": "1",
    "object_repr": "admin@example.com (Admin)",
    "action_flag": 2,
    "change_message": "[{\"changed\": {\"fields\": [\"First name\"]}}]"
  }
},
{
  "model": "admin.logentry",
  "pk": 5,
  "fields": {
    "action_time": "2025-10-01T09:22:47.184Z",
    "user": 1,
    "content_type": 8,
    "object_id": "2",
    "object_repr": "22101222@slc-sflu.edu.ph (Legal Unit)",
    "action_flag": 3,
    "change_message": ""
  }
},
{
  "model": "admin.logentry",
  "pk": 6,
  "fields": {
    "action_time": "2025-10-01T09:32:59.931Z",
    "user": 1,
    "content_type": 8,
    "object_id": "7",
    "object_repr": "22101222@slc-sflu.edu.ph (Legal Unit)",
    "action_flag": 3,
    "change_message": ""
  }
},
{
  "model": "sessions.session",
  "pk": "4h0d54qmjaqq7u6q3ak12fqw8zjpjmpi",
  "fields": {
    "session_data": ".eJxVjMsOwiAQRf-FtSFlykNcuvcbyAwDUjWQlHZl_HfbpAvdnnPufYuA61LC2tMcJhYXocTplxHGZ6q74AfWe5Ox1WWeSO6JPGyXt8bpdT3av4OCvWzrTBq1jiabzGCH7MAC59E7pclTNuBpULgBBedEyJZHhJEcgo9oiMTnC_LbOIU:1v3teU:S0tY_g8xmxcl811FVOpEIxzUyINBshU3U4KVKbZ4bMg",
    "expire_date": "2025-10-15T10:01:38.053Z"
  }
},
{
  "model": "sessions.session",
  "pk": "9dv4fvezfsu4xency567zbx2oo9zazsf",
  "fields": {
    "session_data": ".eJxVjMsOwiAQRf-FtSFlykNcuvcbyAwDUjWQlHZl_HfbpAvdnnPufYuA61LC2tMcJhYXocTplxHGZ6q74AfWe5Ox1WWeSO6JPGyXt8bpdT3av4OCvWzrTBq1jiabzGCH7MAC59E7pclTNuBpULgBBedEyJZHhJEcgo9oiMTnC_LbOIU:1v3t2W:5Qw8uYyivDqzUDYI_wO664HGFD5T5S5kLeu2u5EQdNI",
    "expire_date": "2025-10-15T09:22:24.687Z"
  }
},
{
  "model": "token_blacklist.outstandingtoken",
  "pk": 1,
  "fields": {
    "user": 1,
    "jti": "73af370ecca04335963fb2a217debf10",
    "token": "eyJhbGciOiJIUzI1NiIsInR5cCI6IkpXVCJ9.eyJ0b2tlbl90eXBlIjoicmVmcmVzaCIsImV4cCI6MTc1OTE5MjQ1NiwiaWF0IjoxNzU5MTA2MDU2LCJqdGkiOiI3M2FmMzcwZWNjYTA0MzM1OTYzZmIyYTIxN2RlYmYxMCIsInVzZXJfaWQiOiIxIiwibXVzdF9jaGFuZ2VfcGFzc3dvcmQiOmZhbHNlfQ.KWXX6bhjro3KU6zc1ngDH3CiVhZkQNk57OA8d4Iv43w",
    "created_at": "2025-09-29T01:08:33.788Z",
    "expires_at": "2025-09-30T00:34:16Z"
  }
},
{
  "model": "token_blacklist.outstandingtoken",
  "pk": 2,
  "fields": {
    "user": 1,
    "jti": "062310baebbe4562978af1392617ffe8",
    "token": "eyJhbGciOiJIUzI1NiIsInR5cCI6IkpXVCJ9.eyJ0b2tlbl90eXBlIjoicmVmcmVzaCIsImV4cCI6MTc1OTE5NDUyMSwiaWF0IjoxNzU5MTA4MTIxLCJqdGkiOiIwNjIzMTBiYWViYmU0NTYyOTc4YWYxMzkyNjE3ZmZlOCIsInVzZXJfaWQiOiIxIn0.QHz9yu_BZ0edskPmG5opG-fUN6kdgIU5AHkidCKx2cw",
    "created_at": "2025-09-29T01:08:41.620Z",
    "expires_at": "2025-09-30T01:08:41Z"
  }
},
{
  "model": "token_blacklist.outstandingtoken",
  "pk": 3,
  "fields": {
    "user": 1,
    "jti": "90d5b8b8ad834f04aa2478978fd13ddc",
    "token": "eyJhbGciOiJIUzI1NiIsInR5cCI6IkpXVCJ9.eyJ0b2tlbl90eXBlIjoicmVmcmVzaCIsImV4cCI6MTc1OTE5NDU5MywiaWF0IjoxNzU5MTA4MTkzLCJqdGkiOiI5MGQ1YjhiOGFkODM0ZjA0YWEyNDc4OTc4ZmQxM2RkYyIsInVzZXJfaWQiOiIxIn0.swoIPQ7pMY2OugONgi3s1xBtQsGbi8hwU8p5RFMfuw4",
    "created_at": "2025-09-29T01:09:53.353Z",
    "expires_at": "2025-09-30T01:09:53Z"
  }
},
{
  "model": "token_blacklist.outstandingtoken",
  "pk": 4,
  "fields": {
    "user": null,
    "jti": "557b0e66240b47098da3e2f876e5e809",
    "token": "eyJhbGciOiJIUzI1NiIsInR5cCI6IkpXVCJ9.eyJ0b2tlbl90eXBlIjoicmVmcmVzaCIsImV4cCI6MTc1OTE5NTMzNiwiaWF0IjoxNzU5MTA4OTM2LCJqdGkiOiI1NTdiMGU2NjI0MGI0NzA5OGRhM2UyZjg3NmU1ZTgwOSIsInVzZXJfaWQiOiIyIn0.azGe9xo_ATKya52CKFYSph01sYsGZELYA3HUjuL2qZo",
    "created_at": "2025-09-29T01:22:16.348Z",
    "expires_at": "2025-09-30T01:22:16Z"
  }
},
{
  "model": "token_blacklist.outstandingtoken",
  "pk": 5,
  "fields": {
    "user": 1,
    "jti": "217c831f98974a63b6a633674dfb000e",
    "token": "eyJhbGciOiJIUzI1NiIsInR5cCI6IkpXVCJ9.eyJ0b2tlbl90eXBlIjoicmVmcmVzaCIsImV4cCI6MTc1OTE5OTAwMywiaWF0IjoxNzU5MTEyNjAzLCJqdGkiOiIyMTdjODMxZjk4OTc0YTYzYjZhNjMzNjc0ZGZiMDAwZSIsInVzZXJfaWQiOiIxIiwibXVzdF9jaGFuZ2VfcGFzc3dvcmQiOmZhbHNlfQ.seGNV1G6QjmWvBBUMTWjVIJiKAYdemIUn5KgpV0f-ZQ",
    "created_at": "2025-09-29T02:23:23.879Z",
    "expires_at": "2025-09-30T02:23:23Z"
  }
},
{
  "model": "token_blacklist.outstandingtoken",
  "pk": 6,
  "fields": {
    "user": 1,
    "jti": "2af0f0548bb14a95aaa5877b1a3fc404",
    "token": "eyJhbGciOiJIUzI1NiIsInR5cCI6IkpXVCJ9.eyJ0b2tlbl90eXBlIjoicmVmcmVzaCIsImV4cCI6MTc1OTE5OTAwMywiaWF0IjoxNzU5MTEyNjAzLCJqdGkiOiIyYWYwZjA1NDhiYjE0YTk1YWFhNTg3N2IxYTNmYzQwNCIsInVzZXJfaWQiOiIxIiwibXVzdF9jaGFuZ2VfcGFzc3dvcmQiOmZhbHNlfQ.kTb-T-xrx0PYSonOSDlBhVvf3_mbexNRidXDyETnKjg",
    "created_at": "2025-09-29T02:23:23.883Z",
    "expires_at": "2025-09-30T02:23:23Z"
  }
},
{
  "model": "token_blacklist.outstandingtoken",
  "pk": 7,
  "fields": {
    "user": null,
    "jti": "a2d1067444d54e95976a45eeb5b7c5ac",
    "token": "eyJhbGciOiJIUzI1NiIsInR5cCI6IkpXVCJ9.eyJ0b2tlbl90eXBlIjoicmVmcmVzaCIsImV4cCI6MTc1OTE5OTI1OSwiaWF0IjoxNzU5MTEyODU5LCJqdGkiOiJhMmQxMDY3NDQ0ZDU0ZTk1OTc2YTQ1ZWViNWI3YzVhYyIsInVzZXJfaWQiOiIyIn0.zG0LBIH3eiO3YiQnHA4-VjF6HA_c5P2QZIAXVNLjOUI",
    "created_at": "2025-09-29T02:27:39.445Z",
    "expires_at": "2025-09-30T02:27:39Z"
  }
},
{
  "model": "token_blacklist.outstandingtoken",
  "pk": 8,
  "fields": {
    "user": null,
    "jti": "c569397b506b4b45b8f04bcc2c4f709f",
    "token": "eyJhbGciOiJIUzI1NiIsInR5cCI6IkpXVCJ9.eyJ0b2tlbl90eXBlIjoicmVmcmVzaCIsImV4cCI6MTc1OTIwMjg4MSwiaWF0IjoxNzU5MTE2NDgxLCJqdGkiOiJjNTY5Mzk3YjUwNmI0YjQ1YjhmMDRiY2MyYzRmNzA5ZiIsInVzZXJfaWQiOiIyIiwibXVzdF9jaGFuZ2VfcGFzc3dvcmQiOmZhbHNlfQ.sROX9BZG6BagE9Pb3OcUAhvD0c0RxkMvM9-ffIOSzdQ",
    "created_at": "2025-09-29T03:28:01.164Z",
    "expires_at": "2025-09-30T03:28:01Z"
  }
},
{
  "model": "token_blacklist.outstandingtoken",
  "pk": 9,
  "fields": {
    "user": null,
    "jti": "38ebac91e0384a9ea05d43af86a3d2fe",
    "token": "eyJhbGciOiJIUzI1NiIsInR5cCI6IkpXVCJ9.eyJ0b2tlbl90eXBlIjoicmVmcmVzaCIsImV4cCI6MTc1OTIwMjg4MSwiaWF0IjoxNzU5MTE2NDgxLCJqdGkiOiIzOGViYWM5MWUwMzg0YTllYTA1ZDQzYWY4NmEzZDJmZSIsInVzZXJfaWQiOiIyIiwibXVzdF9jaGFuZ2VfcGFzc3dvcmQiOmZhbHNlfQ.VvuG-c-cTPBKqdEFet_kwkl0RyJtcKpWS7hTAzaH9Ew",
    "created_at": "2025-09-29T03:28:01.167Z",
    "expires_at": "2025-09-30T03:28:01Z"
  }
},
{
  "model": "token_blacklist.outstandingtoken",
  "pk": 10,
  "fields": {
    "user": 1,
    "jti": "3ebee272c083431c85a5b06154f782ae",
    "token": "eyJhbGciOiJIUzI1NiIsInR5cCI6IkpXVCJ9.eyJ0b2tlbl90eXBlIjoicmVmcmVzaCIsImV4cCI6MTc1OTIwNTYwOCwiaWF0IjoxNzU5MTE5MjA4LCJqdGkiOiIzZWJlZTI3MmMwODM0MzFjODVhNWIwNjE1NGY3ODJhZSIsInVzZXJfaWQiOiIxIn0.fyE4FUM9p0271JhR2Q1TiUxCrIlcYdLS-On_b08nEZQ",
    "created_at": "2025-09-29T04:13:28.444Z",
    "expires_at": "2025-09-30T04:13:28Z"
  }
},
{
  "model": "token_blacklist.outstandingtoken",
  "pk": 11,
  "fields": {
    "user": 1,
    "jti": "5155b50345164dde895e01e07faeee5c",
    "token": "eyJhbGciOiJIUzI1NiIsInR5cCI6IkpXVCJ9.eyJ0b2tlbl90eXBlIjoicmVmcmVzaCIsImV4cCI6MTc1OTIwOTIzMiwiaWF0IjoxNzU5MTIyODMyLCJqdGkiOiI1MTU1YjUwMzQ1MTY0ZGRlODk1ZTAxZTA3ZmFlZWU1YyIsInVzZXJfaWQiOiIxIiwibXVzdF9jaGFuZ2VfcGFzc3dvcmQiOmZhbHNlfQ.OAw_kEBmjHii-0zlmV-TbGZiNSNmsJIHGraVm0BB058",
    "created_at": "2025-09-29T05:13:52.831Z",
    "expires_at": "2025-09-30T05:13:52Z"
  }
},
{
  "model": "token_blacklist.outstandingtoken",
  "pk": 12,
  "fields": {
    "user": 1,
    "jti": "165b326a8f704457ba1616048ea41c72",
    "token": "eyJhbGciOiJIUzI1NiIsInR5cCI6IkpXVCJ9.eyJ0b2tlbl90eXBlIjoicmVmcmVzaCIsImV4cCI6MTc1OTIwOTIzMiwiaWF0IjoxNzU5MTIyODMyLCJqdGkiOiIxNjViMzI2YThmNzA0NDU3YmExNjE2MDQ4ZWE0MWM3MiIsInVzZXJfaWQiOiIxIiwibXVzdF9jaGFuZ2VfcGFzc3dvcmQiOmZhbHNlfQ.o-pT5Xx1GOeK5r9I3dwiUaohfylcRFTsK7GrX1O1BLA",
    "created_at": "2025-09-29T05:13:52.834Z",
    "expires_at": "2025-09-30T05:13:52Z"
  }
},
{
  "model": "token_blacklist.outstandingtoken",
  "pk": 13,
  "fields": {
    "user": 1,
    "jti": "ce86152c9f674840b955f4647ef8af15",
    "token": "eyJhbGciOiJIUzI1NiIsInR5cCI6IkpXVCJ9.eyJ0b2tlbl90eXBlIjoicmVmcmVzaCIsImV4cCI6MTc1OTIxMjg1MCwiaWF0IjoxNzU5MTI2NDUwLCJqdGkiOiJjZTg2MTUyYzlmNjc0ODQwYjk1NWY0NjQ3ZWY4YWYxNSIsInVzZXJfaWQiOiIxIiwibXVzdF9jaGFuZ2VfcGFzc3dvcmQiOmZhbHNlfQ.o_XnIsptyrmDWeB-fuCCq56qrKJQDAbyeqbBZuqZTeY",
    "created_at": "2025-09-29T06:14:10.217Z",
    "expires_at": "2025-09-30T06:14:10Z"
  }
},
{
  "model": "token_blacklist.outstandingtoken",
  "pk": 14,
  "fields": {
    "user": 1,
    "jti": "9417afb5f7574eb49a09973c57ca919c",
    "token": "eyJhbGciOiJIUzI1NiIsInR5cCI6IkpXVCJ9.eyJ0b2tlbl90eXBlIjoicmVmcmVzaCIsImV4cCI6MTc1OTIxMjg1MCwiaWF0IjoxNzU5MTI2NDUwLCJqdGkiOiI5NDE3YWZiNWY3NTc0ZWI0OWEwOTk3M2M1N2NhOTE5YyIsInVzZXJfaWQiOiIxIiwibXVzdF9jaGFuZ2VfcGFzc3dvcmQiOmZhbHNlfQ.656QA5cbDOaDBLbHqQI2znceTeoq5IMrY3ieQBnA620",
    "created_at": "2025-09-29T06:14:10.210Z",
    "expires_at": "2025-09-30T06:14:10Z"
  }
},
{
  "model": "token_blacklist.outstandingtoken",
  "pk": 15,
  "fields": {
    "user": 1,
    "jti": "4975d60907a44fd2b6bdc47b926cfa6c",
    "token": "eyJhbGciOiJIUzI1NiIsInR5cCI6IkpXVCJ9.eyJ0b2tlbl90eXBlIjoicmVmcmVzaCIsImV4cCI6MTc1OTIxMjkxMywiaWF0IjoxNzU5MTI2NTEzLCJqdGkiOiI0OTc1ZDYwOTA3YTQ0ZmQyYjZiZGM0N2I5MjZjZmE2YyIsInVzZXJfaWQiOiIxIn0.SiavGSgmwpkUPldqdx0FDy4MASG6paHavNzjVgDkfZI",
    "created_at": "2025-09-29T06:15:13.536Z",
    "expires_at": "2025-09-30T06:15:13Z"
  }
},
{
  "model": "token_blacklist.outstandingtoken",
  "pk": 16,
  "fields": {
    "user": 1,
    "jti": "90483915f0f7445d91790ab1f4f3ebb4",
    "token": "eyJhbGciOiJIUzI1NiIsInR5cCI6IkpXVCJ9.eyJ0b2tlbl90eXBlIjoicmVmcmVzaCIsImV4cCI6MTc1OTIxMjk5OCwiaWF0IjoxNzU5MTI2NTk4LCJqdGkiOiI5MDQ4MzkxNWYwZjc0NDVkOTE3OTBhYjFmNGYzZWJiNCIsInVzZXJfaWQiOiIxIn0.qHPpSaGH3l3JV30XdINr7d0V8tn09cYWrAa-_fhIQxU",
    "created_at": "2025-09-29T06:16:38.136Z",
    "expires_at": "2025-09-30T06:16:38Z"
  }
},
{
  "model": "token_blacklist.outstandingtoken",
  "pk": 17,
  "fields": {
    "user": 1,
    "jti": "a931bb1c3ae649dc9e42a1773a56cbe0",
    "token": "eyJhbGciOiJIUzI1NiIsInR5cCI6IkpXVCJ9.eyJ0b2tlbl90eXBlIjoicmVmcmVzaCIsImV4cCI6MTc1OTIxODE2NywiaWF0IjoxNzU5MTMxNzY3LCJqdGkiOiJhOTMxYmIxYzNhZTY0OWRjOWU0MmExNzczYTU2Y2JlMCIsInVzZXJfaWQiOiIxIiwibXVzdF9jaGFuZ2VfcGFzc3dvcmQiOmZhbHNlfQ.nMqEGUEgEjejysBX4P-XKyHwQVosrM8DT2EJ1d0VCtg",
    "created_at": "2025-09-29T07:42:47.580Z",
    "expires_at": "2025-09-30T07:42:47Z"
  }
},
{
  "model": "token_blacklist.outstandingtoken",
  "pk": 18,
  "fields": {
    "user": 1,
    "jti": "c34f779ed4d3422686e9a211449f73a1",
    "token": "eyJhbGciOiJIUzI1NiIsInR5cCI6IkpXVCJ9.eyJ0b2tlbl90eXBlIjoicmVmcmVzaCIsImV4cCI6MTc1OTIxODE2NywiaWF0IjoxNzU5MTMxNzY3LCJqdGkiOiJjMzRmNzc5ZWQ0ZDM0MjI2ODZlOWEyMTE0NDlmNzNhMSIsInVzZXJfaWQiOiIxIiwibXVzdF9jaGFuZ2VfcGFzc3dvcmQiOmZhbHNlfQ.zNWvNs0xnIh488PwGbErXTMrw2kAIMgEz0NCmkTC5Wo",
    "created_at": "2025-09-29T07:42:47.590Z",
    "expires_at": "2025-09-30T07:42:47Z"
  }
},
{
  "model": "token_blacklist.outstandingtoken",
  "pk": 19,
  "fields": {
    "user": 1,
    "jti": "02bc1da360484a2181b1e8daff4506d8",
    "token": "eyJhbGciOiJIUzI1NiIsInR5cCI6IkpXVCJ9.eyJ0b2tlbl90eXBlIjoicmVmcmVzaCIsImV4cCI6MTc1OTIyMjc1OSwiaWF0IjoxNzU5MTM2MzU5LCJqdGkiOiIwMmJjMWRhMzYwNDg0YTIxODFiMWU4ZGFmZjQ1MDZkOCIsInVzZXJfaWQiOiIxIiwibXVzdF9jaGFuZ2VfcGFzc3dvcmQiOmZhbHNlfQ.wgMzv-erARn0hxIZ6ZnacNaQPI3CAHGPe1WVvh6n3gw",
    "created_at": "2025-09-29T08:59:19.436Z",
    "expires_at": "2025-09-30T08:59:19Z"
  }
},
{
  "model": "token_blacklist.outstandingtoken",
  "pk": 20,
  "fields": {
    "user": 1,
    "jti": "dbcd3b4082fe47759c23871f09deef0d",
    "token": "eyJhbGciOiJIUzI1NiIsInR5cCI6IkpXVCJ9.eyJ0b2tlbl90eXBlIjoicmVmcmVzaCIsImV4cCI6MTc1OTIyMjc1OSwiaWF0IjoxNzU5MTM2MzU5LCJqdGkiOiJkYmNkM2I0MDgyZmU0Nzc1OWMyMzg3MWYwOWRlZWYwZCIsInVzZXJfaWQiOiIxIiwibXVzdF9jaGFuZ2VfcGFzc3dvcmQiOmZhbHNlfQ.ZyyRToCaGc_DqJjncgFCEhforARY1un8hZQHlv8OM7I",
    "created_at": "2025-09-29T08:59:19.431Z",
    "expires_at": "2025-09-30T08:59:19Z"
  }
},
{
  "model": "token_blacklist.outstandingtoken",
  "pk": 21,
  "fields": {
    "user": 1,
    "jti": "4e10608320284bf392538bdc4b27955a",
    "token": "eyJhbGciOiJIUzI1NiIsInR5cCI6IkpXVCJ9.eyJ0b2tlbl90eXBlIjoicmVmcmVzaCIsImV4cCI6MTc1OTIyNjQwNSwiaWF0IjoxNzU5MTQwMDA1LCJqdGkiOiI0ZTEwNjA4MzIwMjg0YmYzOTI1MzhiZGM0YjI3OTU1YSIsInVzZXJfaWQiOiIxIiwibXVzdF9jaGFuZ2VfcGFzc3dvcmQiOmZhbHNlfQ.cN1RHMr3IBrY8XyUQ67d6OopmryL78RJ0Lq8D8alBjY",
    "created_at": "2025-09-29T10:00:05.142Z",
    "expires_at": "2025-09-30T10:00:05Z"
  }
},
{
  "model": "token_blacklist.outstandingtoken",
  "pk": 22,
  "fields": {
    "user": 1,
    "jti": "4e979af74fac4eaeac37a61c1e69f45f",
    "token": "eyJhbGciOiJIUzI1NiIsInR5cCI6IkpXVCJ9.eyJ0b2tlbl90eXBlIjoicmVmcmVzaCIsImV4cCI6MTc1OTIyNjQwNSwiaWF0IjoxNzU5MTQwMDA1LCJqdGkiOiI0ZTk3OWFmNzRmYWM0ZWFlYWMzN2E2MWMxZTY5ZjQ1ZiIsInVzZXJfaWQiOiIxIiwibXVzdF9jaGFuZ2VfcGFzc3dvcmQiOmZhbHNlfQ.aTwmY0azBvhFIyM0fo_0NbbUTJS_5ir3CR0IbU78KYg",
    "created_at": "2025-09-29T10:00:05.138Z",
    "expires_at": "2025-09-30T10:00:05Z"
  }
},
{
  "model": "token_blacklist.outstandingtoken",
  "pk": 23,
  "fields": {
    "user": 1,
    "jti": "ac753c70840a4fa6b41621f5c4920b2d",
    "token": "eyJhbGciOiJIUzI1NiIsInR5cCI6IkpXVCJ9.eyJ0b2tlbl90eXBlIjoicmVmcmVzaCIsImV4cCI6MTc1OTIzMTM0NSwiaWF0IjoxNzU5MTQ0OTQ1LCJqdGkiOiJhYzc1M2M3MDg0MGE0ZmE2YjQxNjIxZjVjNDkyMGIyZCIsInVzZXJfaWQiOiIxIiwibXVzdF9jaGFuZ2VfcGFzc3dvcmQiOmZhbHNlfQ.JASrxFsYFuuPqpSNp_BP2bWyrMz2SxoqDZ8oex9wX7s",
    "created_at": "2025-09-29T11:22:25.418Z",
    "expires_at": "2025-09-30T11:22:25Z"
  }
},
{
  "model": "token_blacklist.outstandingtoken",
  "pk": 24,
  "fields": {
    "user": 1,
    "jti": "0a2458d400014337a5d85a1e0d5172e6",
    "token": "eyJhbGciOiJIUzI1NiIsInR5cCI6IkpXVCJ9.eyJ0b2tlbl90eXBlIjoicmVmcmVzaCIsImV4cCI6MTc1OTIzMTM0NSwiaWF0IjoxNzU5MTQ0OTQ1LCJqdGkiOiIwYTI0NThkNDAwMDE0MzM3YTVkODVhMWUwZDUxNzJlNiIsInVzZXJfaWQiOiIxIiwibXVzdF9jaGFuZ2VfcGFzc3dvcmQiOmZhbHNlfQ.wGy4WUgylUVJ9KW5duQ5Ybcfin7WOAsvkCmP7urFn-g",
    "created_at": "2025-09-29T11:22:25.421Z",
    "expires_at": "2025-09-30T11:22:25Z"
  }
},
{
  "model": "token_blacklist.outstandingtoken",
  "pk": 25,
  "fields": {
    "user": 1,
    "jti": "2173e6f7748f40e3b20524a6fb6a5d12",
    "token": "eyJhbGciOiJIUzI1NiIsInR5cCI6IkpXVCJ9.eyJ0b2tlbl90eXBlIjoicmVmcmVzaCIsImV4cCI6MTc1OTIzNDk1MSwiaWF0IjoxNzU5MTQ4NTUxLCJqdGkiOiIyMTczZTZmNzc0OGY0MGUzYjIwNTI0YTZmYjZhNWQxMiIsInVzZXJfaWQiOiIxIiwibXVzdF9jaGFuZ2VfcGFzc3dvcmQiOmZhbHNlfQ.CWUyX3JNSx8IqqYg8RYPbaZTf7Es5WfzAmjf-Ltqo7g",
    "created_at": "2025-09-29T12:22:31.032Z",
    "expires_at": "2025-09-30T12:22:31Z"
  }
},
{
  "model": "token_blacklist.outstandingtoken",
  "pk": 26,
  "fields": {
    "user": 1,
    "jti": "e86b803675b04d67a8f19d9cc31b39e8",
    "token": "eyJhbGciOiJIUzI1NiIsInR5cCI6IkpXVCJ9.eyJ0b2tlbl90eXBlIjoicmVmcmVzaCIsImV4cCI6MTc1OTIzNDk1MSwiaWF0IjoxNzU5MTQ4NTUxLCJqdGkiOiJlODZiODAzNjc1YjA0ZDY3YThmMTlkOWNjMzFiMzllOCIsInVzZXJfaWQiOiIxIiwibXVzdF9jaGFuZ2VfcGFzc3dvcmQiOmZhbHNlfQ.rtJRpMAVuhv3WcmWofOCw9uMGiRc4FHsvbCc2Kukx0w",
    "created_at": "2025-09-29T12:22:31.035Z",
    "expires_at": "2025-09-30T12:22:31Z"
  }
},
{
  "model": "token_blacklist.outstandingtoken",
  "pk": 27,
  "fields": {
    "user": 1,
    "jti": "067a7bdf6b044954badf888ada05cdf1",
    "token": "eyJhbGciOiJIUzI1NiIsInR5cCI6IkpXVCJ9.eyJ0b2tlbl90eXBlIjoicmVmcmVzaCIsImV4cCI6MTc1OTI0NTA0MSwiaWF0IjoxNzU5MTU4NjQxLCJqdGkiOiIwNjdhN2JkZjZiMDQ0OTU0YmFkZjg4OGFkYTA1Y2RmMSIsInVzZXJfaWQiOiIxIiwibXVzdF9jaGFuZ2VfcGFzc3dvcmQiOmZhbHNlfQ.f2MLvYSlmyO8MTdebUPZZBwpqJty_v2esfRY3y_NjKA",
    "created_at": "2025-09-29T15:10:41.169Z",
    "expires_at": "2025-09-30T15:10:41Z"
  }
},
{
  "model": "token_blacklist.outstandingtoken",
  "pk": 28,
  "fields": {
    "user": 1,
    "jti": "7c99013f8205481ca928e895df036769",
    "token": "eyJhbGciOiJIUzI1NiIsInR5cCI6IkpXVCJ9.eyJ0b2tlbl90eXBlIjoicmVmcmVzaCIsImV4cCI6MTc1OTI0NTA0MSwiaWF0IjoxNzU5MTU4NjQxLCJqdGkiOiI3Yzk5MDEzZjgyMDU0ODFjYTkyOGU4OTVkZjAzNjc2OSIsInVzZXJfaWQiOiIxIiwibXVzdF9jaGFuZ2VfcGFzc3dvcmQiOmZhbHNlfQ.sNmfDROukdCGrvfQjou4OeVh1DWinNvXCQzIAldkcu4",
    "created_at": "2025-09-29T15:10:41.171Z",
    "expires_at": "2025-09-30T15:10:41Z"
  }
},
{
  "model": "token_blacklist.outstandingtoken",
  "pk": 29,
  "fields": {
    "user": 1,
    "jti": "d1650ccddf4c4b9189ffaf88b6400cff",
    "token": "eyJhbGciOiJIUzI1NiIsInR5cCI6IkpXVCJ9.eyJ0b2tlbl90eXBlIjoicmVmcmVzaCIsImV4cCI6MTc1OTI0ODY3MSwiaWF0IjoxNzU5MTYyMjcxLCJqdGkiOiJkMTY1MGNjZGRmNGM0YjkxODlmZmFmODhiNjQwMGNmZiIsInVzZXJfaWQiOiIxIiwibXVzdF9jaGFuZ2VfcGFzc3dvcmQiOmZhbHNlfQ.W2h2QXioNifWPCsl-o0-dkHWE1rOAf6PXRuSjTD-gd4",
    "created_at": "2025-09-29T16:11:11.593Z",
    "expires_at": "2025-09-30T16:11:11Z"
  }
},
{
  "model": "token_blacklist.outstandingtoken",
  "pk": 30,
  "fields": {
    "user": 1,
    "jti": "0bbb63ec136642dbae940bc45bcf7a6c",
    "token": "eyJhbGciOiJIUzI1NiIsInR5cCI6IkpXVCJ9.eyJ0b2tlbl90eXBlIjoicmVmcmVzaCIsImV4cCI6MTc1OTI0ODkxNSwiaWF0IjoxNzU5MTYyNTE1LCJqdGkiOiIwYmJiNjNlYzEzNjY0MmRiYWU5NDBiYzQ1YmNmN2E2YyIsInVzZXJfaWQiOiIxIn0.-YWZmm_lKyPY_eDsDR6jMit96_QeLIRSawNX-jVMRNs",
    "created_at": "2025-09-29T16:15:15.785Z",
    "expires_at": "2025-09-30T16:15:15Z"
  }
},
{
  "model": "token_blacklist.outstandingtoken",
  "pk": 31,
  "fields": {
    "user": 1,
    "jti": "ebabafed6ebc48c1baabde869dda584d",
    "token": "eyJhbGciOiJIUzI1NiIsInR5cCI6IkpXVCJ9.eyJ0b2tlbl90eXBlIjoicmVmcmVzaCIsImV4cCI6MTc1OTI1MjU0MywiaWF0IjoxNzU5MTY2MTQzLCJqdGkiOiJlYmFiYWZlZDZlYmM0OGMxYmFhYmRlODY5ZGRhNTg0ZCIsInVzZXJfaWQiOiIxIiwibXVzdF9jaGFuZ2VfcGFzc3dvcmQiOmZhbHNlfQ.YGc2UDl5qQfS97I0IqmDhYFhD6zra1Qkn9dH4xY3AaQ",
    "created_at": "2025-09-29T17:15:43.147Z",
    "expires_at": "2025-09-30T17:15:43Z"
  }
},
{
  "model": "token_blacklist.outstandingtoken",
  "pk": 32,
  "fields": {
    "user": 1,
    "jti": "da2a7d55ee764cb7aac09c8e924519df",
    "token": "eyJhbGciOiJIUzI1NiIsInR5cCI6IkpXVCJ9.eyJ0b2tlbl90eXBlIjoicmVmcmVzaCIsImV4cCI6MTc1OTI1MjU0MywiaWF0IjoxNzU5MTY2MTQzLCJqdGkiOiJkYTJhN2Q1NWVlNzY0Y2I3YWFjMDljOGU5MjQ1MTlkZiIsInVzZXJfaWQiOiIxIiwibXVzdF9jaGFuZ2VfcGFzc3dvcmQiOmZhbHNlfQ.fNm6Sqo-XIbK1yp3E3XDYl0sjVbpfwPtK7MriEBk2AE",
    "created_at": "2025-09-29T17:15:43.152Z",
    "expires_at": "2025-09-30T17:15:43Z"
  }
},
{
  "model": "token_blacklist.outstandingtoken",
  "pk": 33,
  "fields": {
    "user": 1,
    "jti": "6bc076c99e054da995485a24f6385322",
    "token": "eyJhbGciOiJIUzI1NiIsInR5cCI6IkpXVCJ9.eyJ0b2tlbl90eXBlIjoicmVmcmVzaCIsImV4cCI6MTc1OTI1NjE2NSwiaWF0IjoxNzU5MTY5NzY1LCJqdGkiOiI2YmMwNzZjOTllMDU0ZGE5OTU0ODVhMjRmNjM4NTMyMiIsInVzZXJfaWQiOiIxIiwibXVzdF9jaGFuZ2VfcGFzc3dvcmQiOmZhbHNlfQ.Mv7nohpBZ7JY41oIMYjMknhGuuxykk8x2_kqCaE7IwM",
    "created_at": "2025-09-29T18:16:05.168Z",
    "expires_at": "2025-09-30T18:16:05Z"
  }
},
{
  "model": "token_blacklist.outstandingtoken",
  "pk": 34,
  "fields": {
    "user": 1,
    "jti": "4f8466450a3d4dfd9c8b282636d1f4af",
    "token": "eyJhbGciOiJIUzI1NiIsInR5cCI6IkpXVCJ9.eyJ0b2tlbl90eXBlIjoicmVmcmVzaCIsImV4cCI6MTc1OTI1NjE2NSwiaWF0IjoxNzU5MTY5NzY1LCJqdGkiOiI0Zjg0NjY0NTBhM2Q0ZGZkOWM4YjI4MjYzNmQxZjRhZiIsInVzZXJfaWQiOiIxIiwibXVzdF9jaGFuZ2VfcGFzc3dvcmQiOmZhbHNlfQ.B7Csi6aKUPtsNLEAlsyWymaRzvSiU4aHD9Ye58zb2aM",
    "created_at": "2025-09-29T18:16:05.175Z",
    "expires_at": "2025-09-30T18:16:05Z"
  }
},
{
  "model": "token_blacklist.outstandingtoken",
  "pk": 35,
  "fields": {
    "user": 1,
    "jti": "05db288d24134c478f939a0e3d1767bb",
    "token": "eyJhbGciOiJIUzI1NiIsInR5cCI6IkpXVCJ9.eyJ0b2tlbl90eXBlIjoicmVmcmVzaCIsImV4cCI6MTc1OTI3NTMzNSwiaWF0IjoxNzU5MTg4OTM1LCJqdGkiOiIwNWRiMjg4ZDI0MTM0YzQ3OGY5MzlhMGUzZDE3NjdiYiIsInVzZXJfaWQiOiIxIiwibXVzdF9jaGFuZ2VfcGFzc3dvcmQiOmZhbHNlfQ.8nDcB3alHdEwpiWHVmzaJYz3rHqhH1V-avBaLD7KcBc",
    "created_at": "2025-09-29T23:35:35.977Z",
    "expires_at": "2025-09-30T23:35:35Z"
  }
},
{
  "model": "token_blacklist.outstandingtoken",
  "pk": 36,
  "fields": {
    "user": 1,
    "jti": "385bb77fa49340a3948d219d1c8f1061",
    "token": "eyJhbGciOiJIUzI1NiIsInR5cCI6IkpXVCJ9.eyJ0b2tlbl90eXBlIjoicmVmcmVzaCIsImV4cCI6MTc1OTI3NTM3MiwiaWF0IjoxNzU5MTg4OTcyLCJqdGkiOiIzODViYjc3ZmE0OTM0MGEzOTQ4ZDIxOWQxYzhmMTA2MSIsInVzZXJfaWQiOiIxIn0.pJVnJ_0e9ZbCEXslRmmJSZ0tchBKCaLZjokQs1uQMmg",
    "created_at": "2025-09-29T23:36:12.248Z",
    "expires_at": "2025-09-30T23:36:12Z"
  }
},
{
  "model": "token_blacklist.outstandingtoken",
  "pk": 37,
  "fields": {
    "user": 1,
    "jti": "61d61502c70d4e42a3c62c43f9605374",
    "token": "eyJhbGciOiJIUzI1NiIsInR5cCI6IkpXVCJ9.eyJ0b2tlbl90eXBlIjoicmVmcmVzaCIsImV4cCI6MTc1OTI3OTE0NiwiaWF0IjoxNzU5MTkyNzQ2LCJqdGkiOiI2MWQ2MTUwMmM3MGQ0ZTQyYTNjNjJjNDNmOTYwNTM3NCIsInVzZXJfaWQiOiIxIiwibXVzdF9jaGFuZ2VfcGFzc3dvcmQiOmZhbHNlfQ.ti2HjGUox4OZUtoUWLhQlC1vgmmdz6KRaGFVDdpAL20",
    "created_at": "2025-09-30T00:39:06.181Z",
    "expires_at": "2025-10-01T00:39:06Z"
  }
},
{
  "model": "token_blacklist.outstandingtoken",
  "pk": 38,
  "fields": {
    "user": 1,
    "jti": "4fa6b794de7e4a4ebf8f6f6ef347547f",
    "token": "eyJhbGciOiJIUzI1NiIsInR5cCI6IkpXVCJ9.eyJ0b2tlbl90eXBlIjoicmVmcmVzaCIsImV4cCI6MTc1OTI3OTE0NiwiaWF0IjoxNzU5MTkyNzQ2LCJqdGkiOiI0ZmE2Yjc5NGRlN2U0YTRlYmY4ZjZmNmVmMzQ3NTQ3ZiIsInVzZXJfaWQiOiIxIiwibXVzdF9jaGFuZ2VfcGFzc3dvcmQiOmZhbHNlfQ.fG0EDJPXt4nGAqxVgSe5iq-povynf28xcLy9zkOvHRo",
    "created_at": "2025-09-30T00:39:06.186Z",
    "expires_at": "2025-10-01T00:39:06Z"
  }
},
{
  "model": "token_blacklist.outstandingtoken",
  "pk": 39,
  "fields": {
    "user": 1,
    "jti": "6b29ccbe86ad40e285135410d93c1427",
    "token": "eyJhbGciOiJIUzI1NiIsInR5cCI6IkpXVCJ9.eyJ0b2tlbl90eXBlIjoicmVmcmVzaCIsImV4cCI6MTc1OTI4MjcwMSwiaWF0IjoxNzU5MTk2MzAxLCJqdGkiOiI2YjI5Y2NiZTg2YWQ0MGUyODUxMzU0MTBkOTNjMTQyNyIsInVzZXJfaWQiOiIxIn0.ofyCF9GlBiURwHdl8n9y_BDQ1WQ_TOkWH3aq-BbTG3s",
    "created_at": "2025-09-30T01:38:21.577Z",
    "expires_at": "2025-10-01T01:38:21Z"
  }
},
{
  "model": "token_blacklist.outstandingtoken",
  "pk": 40,
  "fields": {
    "user": 1,
    "jti": "9012afad81a44efbb892639800246b54",
    "token": "eyJhbGciOiJIUzI1NiIsInR5cCI6IkpXVCJ9.eyJ0b2tlbl90eXBlIjoicmVmcmVzaCIsImV4cCI6MTc1OTI4NzcxNSwiaWF0IjoxNzU5MjAxMzE1LCJqdGkiOiI5MDEyYWZhZDgxYTQ0ZWZiYjg5MjYzOTgwMDI0NmI1NCIsInVzZXJfaWQiOiIxIiwibXVzdF9jaGFuZ2VfcGFzc3dvcmQiOmZhbHNlfQ.srFT3DlzKg7qTmgqKboedllZ6H_GuCWNZQJv05gNXv8",
    "created_at": "2025-09-30T03:01:55.414Z",
    "expires_at": "2025-10-01T03:01:55Z"
  }
},
{
  "model": "token_blacklist.outstandingtoken",
  "pk": 41,
  "fields": {
    "user": 1,
    "jti": "d6e07d9406bd4a9693e802773f05ae90",
    "token": "eyJhbGciOiJIUzI1NiIsInR5cCI6IkpXVCJ9.eyJ0b2tlbl90eXBlIjoicmVmcmVzaCIsImV4cCI6MTc1OTI4NzcxNSwiaWF0IjoxNzU5MjAxMzE1LCJqdGkiOiJkNmUwN2Q5NDA2YmQ0YTk2OTNlODAyNzczZjA1YWU5MCIsInVzZXJfaWQiOiIxIiwibXVzdF9jaGFuZ2VfcGFzc3dvcmQiOmZhbHNlfQ.vhG9WJEafPNwNu-moX20_Vo7ryw1QDZfskZiMHheAqk",
    "created_at": "2025-09-30T03:01:55.417Z",
    "expires_at": "2025-10-01T03:01:55Z"
  }
},
{
  "model": "token_blacklist.outstandingtoken",
  "pk": 42,
  "fields": {
    "user": 1,
    "jti": "8134235ae46e459aa499ece1a596bc8f",
    "token": "eyJhbGciOiJIUzI1NiIsInR5cCI6IkpXVCJ9.eyJ0b2tlbl90eXBlIjoicmVmcmVzaCIsImV4cCI6MTc1OTI5MTMzMywiaWF0IjoxNzU5MjA0OTMzLCJqdGkiOiI4MTM0MjM1YWU0NmU0NTlhYTQ5OWVjZTFhNTk2YmM4ZiIsInVzZXJfaWQiOiIxIiwibXVzdF9jaGFuZ2VfcGFzc3dvcmQiOmZhbHNlfQ.EhPpLJLWqS8P73r-te7E1W09sucCHMkZ4NrB1PXiaNE",
    "created_at": "2025-09-30T04:02:13.283Z",
    "expires_at": "2025-10-01T04:02:13Z"
  }
},
{
  "model": "token_blacklist.outstandingtoken",
  "pk": 43,
  "fields": {
    "user": 1,
    "jti": "f39bcb0aa6bf4e1483f5e775ebfc9cad",
    "token": "eyJhbGciOiJIUzI1NiIsInR5cCI6IkpXVCJ9.eyJ0b2tlbl90eXBlIjoicmVmcmVzaCIsImV4cCI6MTc1OTI5MTMzMywiaWF0IjoxNzU5MjA0OTMzLCJqdGkiOiJmMzliY2IwYWE2YmY0ZTE0ODNmNWU3NzVlYmZjOWNhZCIsInVzZXJfaWQiOiIxIiwibXVzdF9jaGFuZ2VfcGFzc3dvcmQiOmZhbHNlfQ.KrUONGmMjUUu_QXC8VNw8Hw-UByvSiK97lZi66hmLBU",
    "created_at": "2025-09-30T04:02:13.286Z",
    "expires_at": "2025-10-01T04:02:13Z"
  }
},
{
  "model": "token_blacklist.outstandingtoken",
  "pk": 44,
  "fields": {
    "user": null,
    "jti": "c695be5b33a6443ba6d264f1f96eed18",
    "token": "eyJhbGciOiJIUzI1NiIsInR5cCI6IkpXVCJ9.eyJ0b2tlbl90eXBlIjoicmVmcmVzaCIsImV4cCI6MTc1OTI5MjE3NiwiaWF0IjoxNzU5MjA1Nzc2LCJqdGkiOiJjNjk1YmU1YjMzYTY0NDNiYTZkMjY0ZjFmOTZlZWQxOCIsInVzZXJfaWQiOiIyIn0.lQup3IrlxBXlF45HUeWtfDpjRU68zpm6OKOnAsy2xdQ",
    "created_at": "2025-09-30T04:16:16.638Z",
    "expires_at": "2025-10-01T04:16:16Z"
  }
},
{
  "model": "token_blacklist.outstandingtoken",
  "pk": 45,
  "fields": {
    "user": 1,
    "jti": "e942a1ef487f40abb9e8eaee163e4c0a",
    "token": "eyJhbGciOiJIUzI1NiIsInR5cCI6IkpXVCJ9.eyJ0b2tlbl90eXBlIjoicmVmcmVzaCIsImV4cCI6MTc1OTI5MjY3NywiaWF0IjoxNzU5MjA2Mjc3LCJqdGkiOiJlOTQyYTFlZjQ4N2Y0MGFiYjllOGVhZWUxNjNlNGMwYSIsInVzZXJfaWQiOiIxIn0.4XH9c1hGbmDsdFu7LXeDBB0BzbkMeH9PPLKycVRCsr0",
    "created_at": "2025-09-30T04:24:37.162Z",
    "expires_at": "2025-10-01T04:24:37Z"
  }
},
{
  "model": "token_blacklist.outstandingtoken",
  "pk": 46,
  "fields": {
    "user": 1,
    "jti": "1a769c565ffb486382dc1c4588d1babe",
    "token": "eyJhbGciOiJIUzI1NiIsInR5cCI6IkpXVCJ9.eyJ0b2tlbl90eXBlIjoicmVmcmVzaCIsImV4cCI6MTc1OTI5NjMwMiwiaWF0IjoxNzU5MjA5OTAyLCJqdGkiOiIxYTc2OWM1NjVmZmI0ODYzODJkYzFjNDU4OGQxYmFiZSIsInVzZXJfaWQiOiIxIiwibXVzdF9jaGFuZ2VfcGFzc3dvcmQiOmZhbHNlfQ.GiTd6MhPk2qJ2R1B098RGXeIQ4V5h0fgJ2d-4GR_rlc",
    "created_at": "2025-09-30T05:25:02.115Z",
    "expires_at": "2025-10-01T05:25:02Z"
  }
},
{
  "model": "token_blacklist.outstandingtoken",
  "pk": 47,
  "fields": {
    "user": 1,
    "jti": "05fd93d0957e4a8da258f5f941134db6",
    "token": "eyJhbGciOiJIUzI1NiIsInR5cCI6IkpXVCJ9.eyJ0b2tlbl90eXBlIjoicmVmcmVzaCIsImV4cCI6MTc1OTI5NjMwMiwiaWF0IjoxNzU5MjA5OTAyLCJqdGkiOiIwNWZkOTNkMDk1N2U0YThkYTI1OGY1Zjk0MTEzNGRiNiIsInVzZXJfaWQiOiIxIiwibXVzdF9jaGFuZ2VfcGFzc3dvcmQiOmZhbHNlfQ.7i-7BNXGPbOXbVKQgSKxo-uzL_pfUOZjODkaZ031xxw",
    "created_at": "2025-09-30T05:25:02.118Z",
    "expires_at": "2025-10-01T05:25:02Z"
  }
},
{
  "model": "token_blacklist.outstandingtoken",
  "pk": 48,
  "fields": {
    "user": 1,
    "jti": "414f44a329944bbda8fafa052f0c4ccd",
    "token": "eyJhbGciOiJIUzI1NiIsInR5cCI6IkpXVCJ9.eyJ0b2tlbl90eXBlIjoicmVmcmVzaCIsImV4cCI6MTc1OTI5OTkwNSwiaWF0IjoxNzU5MjEzNTA1LCJqdGkiOiI0MTRmNDRhMzI5OTQ0YmJkYThmYWZhMDUyZjBjNGNjZCIsInVzZXJfaWQiOiIxIiwibXVzdF9jaGFuZ2VfcGFzc3dvcmQiOmZhbHNlfQ.Mdl0ri6XCEf6lzLBSXihw326GnI-Xt9KEp9o--c7pEM",
    "created_at": "2025-09-30T06:25:05.122Z",
    "expires_at": "2025-10-01T06:25:05Z"
  }
},
{
  "model": "token_blacklist.outstandingtoken",
  "pk": 49,
  "fields": {
    "user": 1,
    "jti": "20aee302a9aa4eb2befa8cbcf44bda88",
    "token": "eyJhbGciOiJIUzI1NiIsInR5cCI6IkpXVCJ9.eyJ0b2tlbl90eXBlIjoicmVmcmVzaCIsImV4cCI6MTc1OTMwNTcyNiwiaWF0IjoxNzU5MjE5MzI2LCJqdGkiOiIyMGFlZTMwMmE5YWE0ZWIyYmVmYThjYmNmNDRiZGE4OCIsInVzZXJfaWQiOiIxIn0.Q9DzSUWyVr-k6EH5R3WCSGFqIQAlkh1zsZmOnYHKFso",
    "created_at": "2025-09-30T08:02:06.014Z",
    "expires_at": "2025-10-01T08:02:06Z"
  }
},
{
  "model": "token_blacklist.outstandingtoken",
  "pk": 50,
  "fields": {
    "user": 1,
    "jti": "5c84c0ec4d574e7b986926f65ac759c4",
    "token": "eyJhbGciOiJIUzI1NiIsInR5cCI6IkpXVCJ9.eyJ0b2tlbl90eXBlIjoicmVmcmVzaCIsImV4cCI6MTc1OTMwOTM0MCwiaWF0IjoxNzU5MjIyOTQwLCJqdGkiOiI1Yzg0YzBlYzRkNTc0ZTdiOTg2OTI2ZjY1YWM3NTljNCIsInVzZXJfaWQiOiIxIiwibXVzdF9jaGFuZ2VfcGFzc3dvcmQiOmZhbHNlfQ.bkdcQcf3tLX8FefnHFSTx_cWFQ42xoLhuHrlPAPsBgM",
    "created_at": "2025-09-30T09:02:20.117Z",
    "expires_at": "2025-10-01T09:02:20Z"
  }
},
{
  "model": "token_blacklist.outstandingtoken",
  "pk": 51,
  "fields": {
    "user": 1,
    "jti": "eeaed90d8a5c46f88859e0d4f5f4e186",
    "token": "eyJhbGciOiJIUzI1NiIsInR5cCI6IkpXVCJ9.eyJ0b2tlbl90eXBlIjoicmVmcmVzaCIsImV4cCI6MTc1OTMwOTM0MCwiaWF0IjoxNzU5MjIyOTQwLCJqdGkiOiJlZWFlZDkwZDhhNWM0NmY4ODg1OWUwZDRmNWY0ZTE4NiIsInVzZXJfaWQiOiIxIiwibXVzdF9jaGFuZ2VfcGFzc3dvcmQiOmZhbHNlfQ.8f9-r4FMbR6pqzPCemkLrnFXbMP9ia6wGF_IDzGY7Nc",
    "created_at": "2025-09-30T09:02:20.127Z",
    "expires_at": "2025-10-01T09:02:20Z"
  }
},
{
  "model": "token_blacklist.outstandingtoken",
  "pk": 52,
  "fields": {
    "user": null,
    "jti": "1f7dc840ca2545e48af7d6dc200189eb",
    "token": "eyJhbGciOiJIUzI1NiIsInR5cCI6IkpXVCJ9.eyJ0b2tlbl90eXBlIjoicmVmcmVzaCIsImV4cCI6MTc1OTMxMjAxMywiaWF0IjoxNzU5MjI1NjEzLCJqdGkiOiIxZjdkYzg0MGNhMjU0NWU0OGFmN2Q2ZGMyMDAxODllYiIsInVzZXJfaWQiOiIzIn0.ocMAnGv3rKnDrtg7EaRUBPGZ_3VIPMLqKKNjLmYlFFE",
    "created_at": "2025-09-30T09:46:53.164Z",
    "expires_at": "2025-10-01T09:46:53Z"
  }
},
{
  "model": "token_blacklist.outstandingtoken",
  "pk": 53,
  "fields": {
    "user": 1,
    "jti": "e3ef71e3ded341ec8af2f8cc844a688e",
    "token": "eyJhbGciOiJIUzI1NiIsInR5cCI6IkpXVCJ9.eyJ0b2tlbl90eXBlIjoicmVmcmVzaCIsImV4cCI6MTc1OTMxMzEyOSwiaWF0IjoxNzU5MjI2NzI5LCJqdGkiOiJlM2VmNzFlM2RlZDM0MWVjOGFmMmY4Y2M4NDRhNjg4ZSIsInVzZXJfaWQiOiIxIiwibXVzdF9jaGFuZ2VfcGFzc3dvcmQiOmZhbHNlfQ.3GcQHJe8I0awyCczse_Y37ybzdClqGPTltkd9tA7P_Q",
    "created_at": "2025-09-30T10:05:29.691Z",
    "expires_at": "2025-10-01T10:05:29Z"
  }
},
{
  "model": "token_blacklist.outstandingtoken",
  "pk": 54,
  "fields": {
    "user": 1,
    "jti": "7402b7ffeff64cdc9cf4a3bff16c6519",
    "token": "eyJhbGciOiJIUzI1NiIsInR5cCI6IkpXVCJ9.eyJ0b2tlbl90eXBlIjoicmVmcmVzaCIsImV4cCI6MTc1OTMxMzEyOSwiaWF0IjoxNzU5MjI2NzI5LCJqdGkiOiI3NDAyYjdmZmVmZjY0Y2RjOWNmNGEzYmZmMTZjNjUxOSIsInVzZXJfaWQiOiIxIiwibXVzdF9jaGFuZ2VfcGFzc3dvcmQiOmZhbHNlfQ.Dv0kezittPvwMaxdQ2FBIHs5JCF8QIheh7PSaKED1Q4",
    "created_at": "2025-09-30T10:05:29.779Z",
    "expires_at": "2025-10-01T10:05:29Z"
  }
},
{
  "model": "token_blacklist.outstandingtoken",
  "pk": 55,
  "fields": {
    "user": 1,
    "jti": "d6cdd6a7a74749919a21362ccdc8eab5",
    "token": "eyJhbGciOiJIUzI1NiIsInR5cCI6IkpXVCJ9.eyJ0b2tlbl90eXBlIjoicmVmcmVzaCIsImV4cCI6MTc1OTMyMDU0NSwiaWF0IjoxNzU5MjM0MTQ1LCJqdGkiOiJkNmNkZDZhN2E3NDc0OTkxOWEyMTM2MmNjZGM4ZWFiNSIsInVzZXJfaWQiOiIxIiwibXVzdF9jaGFuZ2VfcGFzc3dvcmQiOmZhbHNlfQ.X88Ll7dNrtK3QVGytkD-tSKmMM0On9oa0swe2MOPhAc",
    "created_at": "2025-09-30T12:09:05.045Z",
    "expires_at": "2025-10-01T12:09:05Z"
  }
},
{
  "model": "token_blacklist.outstandingtoken",
  "pk": 56,
  "fields": {
    "user": 1,
    "jti": "ef801859529643159053f2e46e4ef8a8",
    "token": "eyJhbGciOiJIUzI1NiIsInR5cCI6IkpXVCJ9.eyJ0b2tlbl90eXBlIjoicmVmcmVzaCIsImV4cCI6MTc1OTMyMDU0NSwiaWF0IjoxNzU5MjM0MTQ1LCJqdGkiOiJlZjgwMTg1OTUyOTY0MzE1OTA1M2YyZTQ2ZTRlZjhhOCIsInVzZXJfaWQiOiIxIiwibXVzdF9jaGFuZ2VfcGFzc3dvcmQiOmZhbHNlfQ.86hS-xOYfg51q5VhQbaWYEszX4FTWOgisaFdUyG_WI4",
    "created_at": "2025-09-30T12:09:05.048Z",
    "expires_at": "2025-10-01T12:09:05Z"
  }
},
{
  "model": "token_blacklist.outstandingtoken",
  "pk": 57,
  "fields": {
    "user": null,
    "jti": "4b8acf862e4548b2b0bd82d8724dda2c",
    "token": "eyJhbGciOiJIUzI1NiIsInR5cCI6IkpXVCJ9.eyJ0b2tlbl90eXBlIjoicmVmcmVzaCIsImV4cCI6MTc1OTMyMDg0NiwiaWF0IjoxNzU5MjM0NDQ2LCJqdGkiOiI0YjhhY2Y4NjJlNDU0OGIyYjBiZDgyZDg3MjRkZGEyYyIsInVzZXJfaWQiOiIyIn0.xtMVKKjQrSRWypRKcsVDmVJUzk4dcH7Y-3GS3y5zRsc",
    "created_at": "2025-09-30T12:14:06.118Z",
    "expires_at": "2025-10-01T12:14:06Z"
  }
},
{
  "model": "token_blacklist.outstandingtoken",
  "pk": 58,
  "fields": {
    "user": null,
    "jti": "6602b5bc75464d189541d047556c82fb",
    "token": "eyJhbGciOiJIUzI1NiIsInR5cCI6IkpXVCJ9.eyJ0b2tlbl90eXBlIjoicmVmcmVzaCIsImV4cCI6MTc1OTMyNDQ2NywiaWF0IjoxNzU5MjM4MDY3LCJqdGkiOiI2NjAyYjViYzc1NDY0ZDE4OTU0MWQwNDc1NTZjODJmYiIsInVzZXJfaWQiOiIyIiwibXVzdF9jaGFuZ2VfcGFzc3dvcmQiOmZhbHNlfQ.ylGSZR3u2XtVHR2xHLWDmWCDZN7Y59-wE1TT_8Lglzc",
    "created_at": "2025-09-30T13:14:27.925Z",
    "expires_at": "2025-10-01T13:14:27Z"
  }
},
{
  "model": "token_blacklist.outstandingtoken",
  "pk": 59,
  "fields": {
    "user": null,
    "jti": "fa70170811a546e9ba8255972dd51937",
    "token": "eyJhbGciOiJIUzI1NiIsInR5cCI6IkpXVCJ9.eyJ0b2tlbl90eXBlIjoicmVmcmVzaCIsImV4cCI6MTc1OTMyNDQ2NywiaWF0IjoxNzU5MjM4MDY3LCJqdGkiOiJmYTcwMTcwODExYTU0NmU5YmE4MjU1OTcyZGQ1MTkzNyIsInVzZXJfaWQiOiIyIiwibXVzdF9jaGFuZ2VfcGFzc3dvcmQiOmZhbHNlfQ.Rwyo-tkNPiRep1ud1RucRhkGFZWhzSuzhcI1vh_87nQ",
    "created_at": "2025-09-30T13:14:27.941Z",
    "expires_at": "2025-10-01T13:14:27Z"
  }
},
{
  "model": "token_blacklist.outstandingtoken",
  "pk": 60,
  "fields": {
    "user": 1,
    "jti": "81b94a4901c14da0adb0d521d6e65640",
    "token": "eyJhbGciOiJIUzI1NiIsInR5cCI6IkpXVCJ9.eyJ0b2tlbl90eXBlIjoicmVmcmVzaCIsImV4cCI6MTc1OTMyNDY3MiwiaWF0IjoxNzU5MjM4MjcyLCJqdGkiOiI4MWI5NGE0OTAxYzE0ZGEwYWRiMGQ1MjFkNmU2NTY0MCIsInVzZXJfaWQiOiIxIn0.7kvv1uTnZGpZH0pbTeKiUGh1azgLO433do9vmkS5X0k",
    "created_at": "2025-09-30T13:17:52.609Z",
    "expires_at": "2025-10-01T13:17:52Z"
  }
},
{
  "model": "token_blacklist.outstandingtoken",
  "pk": 61,
  "fields": {
    "user": 1,
    "jti": "0c7396ffdfe84b4396c6c73027f117f2",
    "token": "eyJhbGciOiJIUzI1NiIsInR5cCI6IkpXVCJ9.eyJ0b2tlbl90eXBlIjoicmVmcmVzaCIsImV4cCI6MTc1OTMyODMzMSwiaWF0IjoxNzU5MjQxOTMxLCJqdGkiOiIwYzczOTZmZmRmZTg0YjQzOTZjNmM3MzAyN2YxMTdmMiIsInVzZXJfaWQiOiIxIiwibXVzdF9jaGFuZ2VfcGFzc3dvcmQiOmZhbHNlfQ.3dgjqFIRzSi4bZ9vQclyROGx3BsZ4FEL2h7snZGxXPw",
    "created_at": "2025-09-30T14:18:51.044Z",
    "expires_at": "2025-10-01T14:18:51Z"
  }
},
{
  "model": "token_blacklist.outstandingtoken",
  "pk": 62,
  "fields": {
    "user": 1,
    "jti": "07f59cb184034388be58669399c96fb5",
    "token": "eyJhbGciOiJIUzI1NiIsInR5cCI6IkpXVCJ9.eyJ0b2tlbl90eXBlIjoicmVmcmVzaCIsImV4cCI6MTc1OTMyODMzMSwiaWF0IjoxNzU5MjQxOTMxLCJqdGkiOiIwN2Y1OWNiMTg0MDM0Mzg4YmU1ODY2OTM5OWM5NmZiNSIsInVzZXJfaWQiOiIxIiwibXVzdF9jaGFuZ2VfcGFzc3dvcmQiOmZhbHNlfQ.yIWO90ncJduCk7U5ncJ_dQ9pCgWw5gSi_SHWsU8e3A4",
    "created_at": "2025-09-30T14:18:51.040Z",
    "expires_at": "2025-10-01T14:18:51Z"
  }
},
{
  "model": "token_blacklist.outstandingtoken",
  "pk": 63,
  "fields": {
    "user": 1,
    "jti": "a3049640a5e243f79956504933f23cae",
    "token": "eyJhbGciOiJIUzI1NiIsInR5cCI6IkpXVCJ9.eyJ0b2tlbl90eXBlIjoicmVmcmVzaCIsImV4cCI6MTc1OTMzMTkzMywiaWF0IjoxNzU5MjQ1NTMzLCJqdGkiOiJhMzA0OTY0MGE1ZTI0M2Y3OTk1NjUwNDkzM2YyM2NhZSIsInVzZXJfaWQiOiIxIiwibXVzdF9jaGFuZ2VfcGFzc3dvcmQiOmZhbHNlfQ.uG58dr8HS_Xmh7qHWw-cw80pJyLggUleky5BO4YEkgY",
    "created_at": "2025-09-30T15:18:53.309Z",
    "expires_at": "2025-10-01T15:18:53Z"
  }
},
{
  "model": "token_blacklist.outstandingtoken",
  "pk": 64,
  "fields": {
    "user": 1,
    "jti": "29c6790ad4844743b5e9797a7aec1d8b",
    "token": "eyJhbGciOiJIUzI1NiIsInR5cCI6IkpXVCJ9.eyJ0b2tlbl90eXBlIjoicmVmcmVzaCIsImV4cCI6MTc1OTMzMTkzMywiaWF0IjoxNzU5MjQ1NTMzLCJqdGkiOiIyOWM2NzkwYWQ0ODQ0NzQzYjVlOTc5N2E3YWVjMWQ4YiIsInVzZXJfaWQiOiIxIiwibXVzdF9jaGFuZ2VfcGFzc3dvcmQiOmZhbHNlfQ.yFBxTNOTgP8fvZFiFBpBoHx4f8bzV351M1Gc1Aak9hg",
    "created_at": "2025-09-30T15:18:53.305Z",
    "expires_at": "2025-10-01T15:18:53Z"
  }
},
{
  "model": "token_blacklist.outstandingtoken",
  "pk": 65,
  "fields": {
    "user": 1,
    "jti": "c3fd2fe0244d4c5281df9c8d3651adb6",
    "token": "eyJhbGciOiJIUzI1NiIsInR5cCI6IkpXVCJ9.eyJ0b2tlbl90eXBlIjoicmVmcmVzaCIsImV4cCI6MTc1OTMzNTU5MCwiaWF0IjoxNzU5MjQ5MTkwLCJqdGkiOiJjM2ZkMmZlMDI0NGQ0YzUyODFkZjljOGQzNjUxYWRiNiIsInVzZXJfaWQiOiIxIiwibXVzdF9jaGFuZ2VfcGFzc3dvcmQiOmZhbHNlfQ.ZWBwzc9mI437HgIRiii5YJFLBYSyW_DFecuCrmo7Ukc",
    "created_at": "2025-09-30T16:19:50.736Z",
    "expires_at": "2025-10-01T16:19:50Z"
  }
},
{
  "model": "token_blacklist.outstandingtoken",
  "pk": 66,
  "fields": {
    "user": 1,
    "jti": "d7b5ced187954ffab15d07b9aa575645",
    "token": "eyJhbGciOiJIUzI1NiIsInR5cCI6IkpXVCJ9.eyJ0b2tlbl90eXBlIjoicmVmcmVzaCIsImV4cCI6MTc1OTMzNTU5MSwiaWF0IjoxNzU5MjQ5MTkxLCJqdGkiOiJkN2I1Y2VkMTg3OTU0ZmZhYjE1ZDA3YjlhYTU3NTY0NSIsInVzZXJfaWQiOiIxIiwibXVzdF9jaGFuZ2VfcGFzc3dvcmQiOmZhbHNlfQ.BKGWxPXw42vABcY0uxXRjGF-SBd9TJVS5U5aXjVdyZE",
    "created_at": "2025-09-30T16:19:51.107Z",
    "expires_at": "2025-10-01T16:19:51Z"
  }
},
{
  "model": "token_blacklist.outstandingtoken",
  "pk": 67,
  "fields": {
    "user": 1,
    "jti": "d79e6cbfbd2a4dfa85829da8c2fb3891",
    "token": "eyJhbGciOiJIUzI1NiIsInR5cCI6IkpXVCJ9.eyJ0b2tlbl90eXBlIjoicmVmcmVzaCIsImV4cCI6MTc1OTMzNTczMywiaWF0IjoxNzU5MjQ5MzMzLCJqdGkiOiJkNzllNmNiZmJkMmE0ZGZhODU4MjlkYThjMmZiMzg5MSIsInVzZXJfaWQiOiIxIn0.iz2M98e2VlBLi1JuLq1UrM5dP2pOxlLsAmpY_y4XP9Y",
    "created_at": "2025-09-30T16:22:13.947Z",
    "expires_at": "2025-10-01T16:22:13Z"
  }
},
{
  "model": "token_blacklist.outstandingtoken",
  "pk": 68,
  "fields": {
    "user": 1,
    "jti": "7cc375d14e2547d6a51385dc87ea5239",
    "token": "eyJhbGciOiJIUzI1NiIsInR5cCI6IkpXVCJ9.eyJ0b2tlbl90eXBlIjoicmVmcmVzaCIsImV4cCI6MTc1OTMzOTMzMywiaWF0IjoxNzU5MjUyOTMzLCJqdGkiOiI3Y2MzNzVkMTRlMjU0N2Q2YTUxMzg1ZGM4N2VhNTIzOSIsInVzZXJfaWQiOiIxIiwibXVzdF9jaGFuZ2VfcGFzc3dvcmQiOmZhbHNlfQ.IpGvSk3xof8O4LvhRCeowH_tSEfT9zde1Euhbme17mg",
    "created_at": "2025-09-30T17:22:13.329Z",
    "expires_at": "2025-10-01T17:22:13Z"
  }
},
{
  "model": "token_blacklist.outstandingtoken",
  "pk": 69,
  "fields": {
    "user": 1,
    "jti": "a93b6239d21945868b01e96169988067",
    "token": "eyJhbGciOiJIUzI1NiIsInR5cCI6IkpXVCJ9.eyJ0b2tlbl90eXBlIjoicmVmcmVzaCIsImV4cCI6MTc1OTMzOTMzMywiaWF0IjoxNzU5MjUyOTMzLCJqdGkiOiJhOTNiNjIzOWQyMTk0NTg2OGIwMWU5NjE2OTk4ODA2NyIsInVzZXJfaWQiOiIxIiwibXVzdF9jaGFuZ2VfcGFzc3dvcmQiOmZhbHNlfQ.QLc3dFqwKYRKMbQ46afA1-vas91pG2wD05vLM5jk9TM",
    "created_at": "2025-09-30T17:22:13.341Z",
    "expires_at": "2025-10-01T17:22:13Z"
  }
},
{
  "model": "token_blacklist.outstandingtoken",
  "pk": 70,
  "fields": {
    "user": 1,
    "jti": "c5f01a40fa6d411fbe07551c414add0c",
    "token": "eyJhbGciOiJIUzI1NiIsInR5cCI6IkpXVCJ9.eyJ0b2tlbl90eXBlIjoicmVmcmVzaCIsImV4cCI6MTc1OTM0Mjk0MywiaWF0IjoxNzU5MjU2NTQzLCJqdGkiOiJjNWYwMWE0MGZhNmQ0MTFmYmUwNzU1MWM0MTRhZGQwYyIsInVzZXJfaWQiOiIxIiwibXVzdF9jaGFuZ2VfcGFzc3dvcmQiOmZhbHNlfQ.7xP8ItRJJX9ywDfFfIcFxHktE6isFplF8nMyU0Y6sEM",
    "created_at": "2025-09-30T18:22:23.462Z",
    "expires_at": "2025-10-01T18:22:23Z"
  }
},
{
  "model": "token_blacklist.outstandingtoken",
  "pk": 71,
  "fields": {
    "user": 1,
    "jti": "f84e21c72a2947adaabe5ebcaebffbf0",
    "token": "eyJhbGciOiJIUzI1NiIsInR5cCI6IkpXVCJ9.eyJ0b2tlbl90eXBlIjoicmVmcmVzaCIsImV4cCI6MTc1OTM0Mjk0MywiaWF0IjoxNzU5MjU2NTQzLCJqdGkiOiJmODRlMjFjNzJhMjk0N2FkYWFiZTVlYmNhZWJmZmJmMCIsInVzZXJfaWQiOiIxIiwibXVzdF9jaGFuZ2VfcGFzc3dvcmQiOmZhbHNlfQ.Wcuqez-6PnTP3SR7pQKm0HGdguiBqOuEhfUugCLqYhw",
    "created_at": "2025-09-30T18:22:23.476Z",
    "expires_at": "2025-10-01T18:22:23Z"
  }
},
{
  "model": "token_blacklist.outstandingtoken",
  "pk": 72,
  "fields": {
    "user": 1,
    "jti": "c4bd0651e9824bd6af635a166dafa74e",
    "token": "eyJhbGciOiJIUzI1NiIsInR5cCI6IkpXVCJ9.eyJ0b2tlbl90eXBlIjoicmVmcmVzaCIsImV4cCI6MTc1OTM2MTE4MCwiaWF0IjoxNzU5Mjc0NzgwLCJqdGkiOiJjNGJkMDY1MWU5ODI0YmQ2YWY2MzVhMTY2ZGFmYTc0ZSIsInVzZXJfaWQiOiIxIiwibXVzdF9jaGFuZ2VfcGFzc3dvcmQiOmZhbHNlfQ.lKk-WgaB2Ehv0lU35gHpDww3WVOSuXC94Ps4PLEj5jQ",
    "created_at": "2025-09-30T23:26:20.578Z",
    "expires_at": "2025-10-01T23:26:20Z"
  }
},
{
  "model": "token_blacklist.outstandingtoken",
  "pk": 73,
  "fields": {
    "user": 1,
    "jti": "f6f6671607a54f0b8fa8d3bf6bc61146",
    "token": "eyJhbGciOiJIUzI1NiIsInR5cCI6IkpXVCJ9.eyJ0b2tlbl90eXBlIjoicmVmcmVzaCIsImV4cCI6MTc1OTM2MTE4MCwiaWF0IjoxNzU5Mjc0NzgwLCJqdGkiOiJmNmY2NjcxNjA3YTU0ZjBiOGZhOGQzYmY2YmM2MTE0NiIsInVzZXJfaWQiOiIxIiwibXVzdF9jaGFuZ2VfcGFzc3dvcmQiOmZhbHNlfQ.XPEoCkaKjX5A839sjS2BXOki-JADTO1L2BLF0_O1Cpk",
    "created_at": "2025-09-30T23:26:20.604Z",
    "expires_at": "2025-10-01T23:26:20Z"
  }
},
{
  "model": "token_blacklist.outstandingtoken",
  "pk": 74,
  "fields": {
    "user": 1,
    "jti": "5f9d985d7d614382975c901c232130d6",
    "token": "eyJhbGciOiJIUzI1NiIsInR5cCI6IkpXVCJ9.eyJ0b2tlbl90eXBlIjoicmVmcmVzaCIsImV4cCI6MTc1OTM2MTE5NSwiaWF0IjoxNzU5Mjc0Nzk1LCJqdGkiOiI1ZjlkOTg1ZDdkNjE0MzgyOTc1YzkwMWMyMzIxMzBkNiIsInVzZXJfaWQiOiIxIiwibXVzdF9jaGFuZ2VfcGFzc3dvcmQiOmZhbHNlfQ.z7_cP-MdbE9jbfevW0hqXeeits1zI3jouaVoX7ckQhM",
    "created_at": "2025-09-30T23:26:35.210Z",
    "expires_at": "2025-10-01T23:26:35Z"
  }
},
{
  "model": "token_blacklist.outstandingtoken",
  "pk": 75,
  "fields": {
    "user": 1,
    "jti": "7217b794372347e0ba927c052bb9a9cc",
    "token": "eyJhbGciOiJIUzI1NiIsInR5cCI6IkpXVCJ9.eyJ0b2tlbl90eXBlIjoicmVmcmVzaCIsImV4cCI6MTc1OTM2NDgyNCwiaWF0IjoxNzU5Mjc4NDI0LCJqdGkiOiI3MjE3Yjc5NDM3MjM0N2UwYmE5MjdjMDUyYmI5YTljYyIsInVzZXJfaWQiOiIxIiwibXVzdF9jaGFuZ2VfcGFzc3dvcmQiOmZhbHNlfQ.4wIg3DyIDl5uvUnsFGDMBBgNmAFDHaHR9PjeoUJmXTA",
    "created_at": "2025-10-01T00:27:04.234Z",
    "expires_at": "2025-10-02T00:27:04Z"
  }
},
{
  "model": "token_blacklist.outstandingtoken",
  "pk": 76,
  "fields": {
    "user": 1,
    "jti": "80f9ee33f2454e0f919c297fe887ee3f",
    "token": "eyJhbGciOiJIUzI1NiIsInR5cCI6IkpXVCJ9.eyJ0b2tlbl90eXBlIjoicmVmcmVzaCIsImV4cCI6MTc1OTM2NDgyNCwiaWF0IjoxNzU5Mjc4NDI0LCJqdGkiOiI4MGY5ZWUzM2YyNDU0ZTBmOTE5YzI5N2ZlODg3ZWUzZiIsInVzZXJfaWQiOiIxIiwibXVzdF9jaGFuZ2VfcGFzc3dvcmQiOmZhbHNlfQ.7_3kt4_i2MucvOsfTxiEXcHLmffqAyWj4NOAGUfYp90",
    "created_at": "2025-10-01T00:27:04.238Z",
    "expires_at": "2025-10-02T00:27:04Z"
  }
},
{
  "model": "token_blacklist.outstandingtoken",
  "pk": 77,
  "fields": {
    "user": 1,
    "jti": "9f79f3c939d64045927966c0cd4b0c10",
    "token": "eyJhbGciOiJIUzI1NiIsInR5cCI6IkpXVCJ9.eyJ0b2tlbl90eXBlIjoicmVmcmVzaCIsImV4cCI6MTc1OTM2OTU0NSwiaWF0IjoxNzU5MjgzMTQ1LCJqdGkiOiI5Zjc5ZjNjOTM5ZDY0MDQ1OTI3OTY2YzBjZDRiMGMxMCIsInVzZXJfaWQiOiIxIiwibXVzdF9jaGFuZ2VfcGFzc3dvcmQiOmZhbHNlfQ.WqPGRRk4znEZNS6BQWdqd4KOHGOj7ntN0LBzEnSVO6E",
    "created_at": "2025-10-01T01:45:45.143Z",
    "expires_at": "2025-10-02T01:45:45Z"
  }
},
{
  "model": "token_blacklist.outstandingtoken",
  "pk": 78,
  "fields": {
    "user": 1,
    "jti": "f8ab553504834e3b997733d085a3aeec",
    "token": "eyJhbGciOiJIUzI1NiIsInR5cCI6IkpXVCJ9.eyJ0b2tlbl90eXBlIjoicmVmcmVzaCIsImV4cCI6MTc1OTM2OTU0NSwiaWF0IjoxNzU5MjgzMTQ1LCJqdGkiOiJmOGFiNTUzNTA0ODM0ZTNiOTk3NzMzZDA4NWEzYWVlYyIsInVzZXJfaWQiOiIxIiwibXVzdF9jaGFuZ2VfcGFzc3dvcmQiOmZhbHNlfQ.gjUfa321kbfbTjwFmk34L0ENNyOh7jf_-kUJ72vgBVM",
    "created_at": "2025-10-01T01:45:45.140Z",
    "expires_at": "2025-10-02T01:45:45Z"
  }
},
{
  "model": "token_blacklist.outstandingtoken",
  "pk": 79,
  "fields": {
    "user": 1,
    "jti": "81ea91d947a944e59a5bafa0b2e022bb",
    "token": "eyJhbGciOiJIUzI1NiIsInR5cCI6IkpXVCJ9.eyJ0b2tlbl90eXBlIjoicmVmcmVzaCIsImV4cCI6MTc1OTM3Mjg5NiwiaWF0IjoxNzU5Mjg2NDk2LCJqdGkiOiI4MWVhOTFkOTQ3YTk0NGU1OWE1YmFmYTBiMmUwMjJiYiIsInVzZXJfaWQiOiIxIn0.naviXA6JPkCsnDkBhqEV62ClOyh4x_i46XJV_FxwHQU",
    "created_at": "2025-10-01T02:41:36.967Z",
    "expires_at": "2025-10-02T02:41:36Z"
  }
},
{
  "model": "token_blacklist.outstandingtoken",
  "pk": 80,
  "fields": {
    "user": 4,
    "jti": "bf1f5ec2f438444ea103c51ecc4bd028",
    "token": "eyJhbGciOiJIUzI1NiIsInR5cCI6IkpXVCJ9.eyJ0b2tlbl90eXBlIjoicmVmcmVzaCIsImV4cCI6MTc1OTM3MzUyMiwiaWF0IjoxNzU5Mjg3MTIyLCJqdGkiOiJiZjFmNWVjMmY0Mzg0NDRlYTEwM2M1MWVjYzRiZDAyOCIsInVzZXJfaWQiOiI0In0.yrrETbaTVqRmRsWbKejyanlRuOf7pFs43F4rikTVPdo",
    "created_at": "2025-10-01T02:52:02.345Z",
    "expires_at": "2025-10-02T02:52:02Z"
  }
},
{
  "model": "token_blacklist.outstandingtoken",
  "pk": 81,
  "fields": {
    "user": 1,
    "jti": "9a9cc6b4a72849d193ceb662d5745c25",
    "token": "eyJhbGciOiJIUzI1NiIsInR5cCI6IkpXVCJ9.eyJ0b2tlbl90eXBlIjoicmVmcmVzaCIsImV4cCI6MTc1OTM3NjkzNSwiaWF0IjoxNzU5MjkwNTM1LCJqdGkiOiI5YTljYzZiNGE3Mjg0OWQxOTNjZWI2NjJkNTc0NWMyNSIsInVzZXJfaWQiOiIxIiwibXVzdF9jaGFuZ2VfcGFzc3dvcmQiOmZhbHNlfQ.985gu9PEJc0HkGmQDyb8KhRaZlAZZwNRFCTmmiGVtPs",
    "created_at": "2025-10-01T03:48:55.114Z",
    "expires_at": "2025-10-02T03:48:55Z"
  }
},
{
  "model": "token_blacklist.outstandingtoken",
  "pk": 82,
  "fields": {
    "user": 1,
    "jti": "e78561c2a4f040988f3679a70f5878f2",
    "token": "eyJhbGciOiJIUzI1NiIsInR5cCI6IkpXVCJ9.eyJ0b2tlbl90eXBlIjoicmVmcmVzaCIsImV4cCI6MTc1OTM3NjkzNSwiaWF0IjoxNzU5MjkwNTM1LCJqdGkiOiJlNzg1NjFjMmE0ZjA0MDk4OGYzNjc5YTcwZjU4NzhmMiIsInVzZXJfaWQiOiIxIiwibXVzdF9jaGFuZ2VfcGFzc3dvcmQiOmZhbHNlfQ.0mv0ZKfrG5XQeVfmEnFmQA1zTWS4NBaGAokboPLyw7o",
    "created_at": "2025-10-01T03:48:55.107Z",
    "expires_at": "2025-10-02T03:48:55Z"
  }
},
{
  "model": "token_blacklist.outstandingtoken",
  "pk": 83,
  "fields": {
    "user": 1,
    "jti": "d5f922c41cb7403082c1bdd4930c81c5",
    "token": "eyJhbGciOiJIUzI1NiIsInR5cCI6IkpXVCJ9.eyJ0b2tlbl90eXBlIjoicmVmcmVzaCIsImV4cCI6MTc1OTM3NzE3NiwiaWF0IjoxNzU5MjkwNzc2LCJqdGkiOiJkNWY5MjJjNDFjYjc0MDMwODJjMWJkZDQ5MzBjODFjNSIsInVzZXJfaWQiOiIxIn0.W5Y3_9hObh3oJMmD-ZB9zbnJnzgdL55gQNnh3KF0UWw",
    "created_at": "2025-10-01T03:52:56.604Z",
    "expires_at": "2025-10-02T03:52:56Z"
  }
},
{
  "model": "token_blacklist.outstandingtoken",
  "pk": 84,
  "fields": {
    "user": 3,
    "jti": "b7ad1ee365504977a0820c0b453fca07",
    "token": "eyJhbGciOiJIUzI1NiIsInR5cCI6IkpXVCJ9.eyJ0b2tlbl90eXBlIjoicmVmcmVzaCIsImV4cCI6MTc1OTM4MDEwNSwiaWF0IjoxNzU5MjkzNzA1LCJqdGkiOiJiN2FkMWVlMzY1NTA0OTc3YTA4MjBjMGI0NTNmY2EwNyIsInVzZXJfaWQiOiIzIn0.ajTGnEaIxSXzhB92ZiZQQ0_k6OlqALXuOkhUIrAy2_Q",
    "created_at": "2025-10-01T04:41:45.958Z",
    "expires_at": "2025-10-02T04:41:45Z"
  }
},
{
  "model": "token_blacklist.outstandingtoken",
  "pk": 85,
  "fields": {
    "user": 1,
    "jti": "192a13408b924611b443be02cb6e5438",
    "token": "eyJhbGciOiJIUzI1NiIsInR5cCI6IkpXVCJ9.eyJ0b2tlbl90eXBlIjoicmVmcmVzaCIsImV4cCI6MTc1OTM4MDE4NCwiaWF0IjoxNzU5MjkzNzg0LCJqdGkiOiIxOTJhMTM0MDhiOTI0NjExYjQ0M2JlMDJjYjZlNTQzOCIsInVzZXJfaWQiOiIxIn0.n4wG83-J4ejDVuSJuq2mJdfwx86A5sNvdQKd4UPsVIY",
    "created_at": "2025-10-01T04:43:04.363Z",
    "expires_at": "2025-10-02T04:43:04Z"
  }
},
{
  "model": "token_blacklist.outstandingtoken",
  "pk": 86,
  "fields": {
    "user": 5,
    "jti": "edeb37923bf149b78c4af83fa7ba8add",
    "token": "eyJhbGciOiJIUzI1NiIsInR5cCI6IkpXVCJ9.eyJ0b2tlbl90eXBlIjoicmVmcmVzaCIsImV4cCI6MTc1OTM4MDI4MywiaWF0IjoxNzU5MjkzODgzLCJqdGkiOiJlZGViMzc5MjNiZjE0OWI3OGM0YWY4M2ZhN2JhOGFkZCIsInVzZXJfaWQiOiI1In0.VM5MXbE1abyGuAR6L4EEAzs1edJWrdjGV4vm43r1ek8",
    "created_at": "2025-10-01T04:44:43.938Z",
    "expires_at": "2025-10-02T04:44:43Z"
  }
},
{
  "model": "token_blacklist.outstandingtoken",
  "pk": 87,
  "fields": {
    "user": 5,
    "jti": "75c4c8b4db014c0fa56594be2f8474be",
    "token": "eyJhbGciOiJIUzI1NiIsInR5cCI6IkpXVCJ9.eyJ0b2tlbl90eXBlIjoicmVmcmVzaCIsImV4cCI6MTc1OTM4MTI4OSwiaWF0IjoxNzU5Mjk0ODg5LCJqdGkiOiI3NWM0YzhiNGRiMDE0YzBmYTU2NTk0YmUyZjg0NzRiZSIsInVzZXJfaWQiOiI1In0.pdtarrWG_T2NSVyUq9jWQRwn5EmZ0a9UfGaY1o0xlUQ",
    "created_at": "2025-10-01T05:01:29.196Z",
    "expires_at": "2025-10-02T05:01:29Z"
  }
},
{
  "model": "token_blacklist.outstandingtoken",
  "pk": 88,
  "fields": {
    "user": 1,
    "jti": "0b63ba9ecb7840eca591fb606089030a",
    "token": "eyJhbGciOiJIUzI1NiIsInR5cCI6IkpXVCJ9.eyJ0b2tlbl90eXBlIjoicmVmcmVzaCIsImV4cCI6MTc1OTM4MzMwMSwiaWF0IjoxNzU5Mjk2OTAxLCJqdGkiOiIwYjYzYmE5ZWNiNzg0MGVjYTU5MWZiNjA2MDg5MDMwYSIsInVzZXJfaWQiOiIxIn0.oibFSuikdmUnjv0qfIAVxtY14WW05kuTSf7d-OEAJd4",
    "created_at": "2025-10-01T05:35:01.360Z",
    "expires_at": "2025-10-02T05:35:01Z"
  }
},
{
  "model": "token_blacklist.outstandingtoken",
  "pk": 89,
  "fields": {
    "user": 6,
    "jti": "60272e1ec9684341aa3fd78ea0191d82",
    "token": "eyJhbGciOiJIUzI1NiIsInR5cCI6IkpXVCJ9.eyJ0b2tlbl90eXBlIjoicmVmcmVzaCIsImV4cCI6MTc1OTM4Mzk2NCwiaWF0IjoxNzU5Mjk3NTY0LCJqdGkiOiI2MDI3MmUxZWM5Njg0MzQxYWEzZmQ3OGVhMDE5MWQ4MiIsInVzZXJfaWQiOiI2In0.buOHdRmMDNMrG32lnebgxqnbGbADss5qi4OJzV9rxxY",
    "created_at": "2025-10-01T05:46:04.972Z",
    "expires_at": "2025-10-02T05:46:04Z"
  }
},
{
  "model": "token_blacklist.outstandingtoken",
  "pk": 90,
  "fields": {
    "user": 5,
    "jti": "690ea86509e341c6bbbee2a3a433351a",
    "token": "eyJhbGciOiJIUzI1NiIsInR5cCI6IkpXVCJ9.eyJ0b2tlbl90eXBlIjoicmVmcmVzaCIsImV4cCI6MTc1OTM4NDg5MiwiaWF0IjoxNzU5Mjk4NDkyLCJqdGkiOiI2OTBlYTg2NTA5ZTM0MWM2YmJiZWUyYTNhNDMzMzUxYSIsInVzZXJfaWQiOiI1IiwibXVzdF9jaGFuZ2VfcGFzc3dvcmQiOmZhbHNlfQ.-Hhu_SHOuxRTPm7JczLUdiYL0v_DwFVQxy5qyhF7mGU",
    "created_at": "2025-10-01T06:01:32.047Z",
    "expires_at": "2025-10-02T06:01:32Z"
  }
},
{
  "model": "token_blacklist.outstandingtoken",
  "pk": 91,
  "fields": {
    "user": 5,
    "jti": "a79769bf5a09475b839c3348b1177285",
    "token": "eyJhbGciOiJIUzI1NiIsInR5cCI6IkpXVCJ9.eyJ0b2tlbl90eXBlIjoicmVmcmVzaCIsImV4cCI6MTc1OTM4NDg5MiwiaWF0IjoxNzU5Mjk4NDkyLCJqdGkiOiJhNzk3NjliZjVhMDk0NzViODM5YzMzNDhiMTE3NzI4NSIsInVzZXJfaWQiOiI1IiwibXVzdF9jaGFuZ2VfcGFzc3dvcmQiOmZhbHNlfQ.dxvSryVlS-r_d-IBKWHdInJKbgSTgwiPHZ9KyUxbpPo",
    "created_at": "2025-10-01T06:01:32.049Z",
    "expires_at": "2025-10-02T06:01:32Z"
  }
},
{
  "model": "token_blacklist.outstandingtoken",
  "pk": 92,
  "fields": {
    "user": 1,
    "jti": "2f7d7fc3cf764c0c9973f62d93564d94",
    "token": "eyJhbGciOiJIUzI1NiIsInR5cCI6IkpXVCJ9.eyJ0b2tlbl90eXBlIjoicmVmcmVzaCIsImV4cCI6MTc1OTM4NjkzMCwiaWF0IjoxNzU5MzAwNTMwLCJqdGkiOiIyZjdkN2ZjM2NmNzY0YzBjOTk3M2Y2MmQ5MzU2NGQ5NCIsInVzZXJfaWQiOiIxIiwibXVzdF9jaGFuZ2VfcGFzc3dvcmQiOmZhbHNlfQ.Iz3qmO8UH9nvbRP-VxtOlRyCzO8sDr4sBGGm85sCbf8",
    "created_at": "2025-10-01T06:35:30.161Z",
    "expires_at": "2025-10-02T06:35:30Z"
  }
},
{
  "model": "token_blacklist.outstandingtoken",
  "pk": 93,
  "fields": {
    "user": 1,
    "jti": "e704876260ae465788f64c3956811a37",
    "token": "eyJhbGciOiJIUzI1NiIsInR5cCI6IkpXVCJ9.eyJ0b2tlbl90eXBlIjoicmVmcmVzaCIsImV4cCI6MTc1OTM4NjkzMCwiaWF0IjoxNzU5MzAwNTMwLCJqdGkiOiJlNzA0ODc2MjYwYWU0NjU3ODhmNjRjMzk1NjgxMWEzNyIsInVzZXJfaWQiOiIxIiwibXVzdF9jaGFuZ2VfcGFzc3dvcmQiOmZhbHNlfQ._XtvPQFsLlgAoT2Qy3yW18ejhHPcaZ2MK3gDHv4081U",
    "created_at": "2025-10-01T06:35:30.165Z",
    "expires_at": "2025-10-02T06:35:30Z"
  }
},
{
  "model": "token_blacklist.outstandingtoken",
  "pk": 94,
  "fields": {
    "user": 1,
    "jti": "439ea7101545427eae3477b32c132fd7",
    "token": "eyJhbGciOiJIUzI1NiIsInR5cCI6IkpXVCJ9.eyJ0b2tlbl90eXBlIjoicmVmcmVzaCIsImV4cCI6MTc1OTM5MzMwMywiaWF0IjoxNzU5MzA2OTAzLCJqdGkiOiI0MzllYTcxMDE1NDU0MjdlYWUzNDc3YjMyYzEzMmZkNyIsInVzZXJfaWQiOiIxIiwibXVzdF9jaGFuZ2VfcGFzc3dvcmQiOmZhbHNlfQ.wwG5-9iLAT0DhD1MZ2S4b85UVHz3I_ZAnFHjTvJvNTI",
    "created_at": "2025-10-01T08:21:43.500Z",
    "expires_at": "2025-10-02T08:21:43Z"
  }
},
{
  "model": "token_blacklist.outstandingtoken",
  "pk": 95,
  "fields": {
    "user": 5,
    "jti": "0ce20cb0de1945cdb007cf90dc1a289f",
    "token": "eyJhbGciOiJIUzI1NiIsInR5cCI6IkpXVCJ9.eyJ0b2tlbl90eXBlIjoicmVmcmVzaCIsImV4cCI6MTc1OTM5MzMwMywiaWF0IjoxNzU5MzA2OTAzLCJqdGkiOiIwY2UyMGNiMGRlMTk0NWNkYjAwN2NmOTBkYzFhMjg5ZiIsInVzZXJfaWQiOiI1IiwibXVzdF9jaGFuZ2VfcGFzc3dvcmQiOmZhbHNlfQ.1GhXCLATB1m8TKfjgXIhRzK_cTre1EUiOxu4_V6oBpk",
    "created_at": "2025-10-01T08:21:43.504Z",
    "expires_at": "2025-10-02T08:21:43Z"
  }
},
{
  "model": "token_blacklist.outstandingtoken",
  "pk": 96,
  "fields": {
    "user": 1,
    "jti": "c507161a24f54407a1194b4e518bc925",
    "token": "eyJhbGciOiJIUzI1NiIsInR5cCI6IkpXVCJ9.eyJ0b2tlbl90eXBlIjoicmVmcmVzaCIsImV4cCI6MTc1OTM5NjkwMywiaWF0IjoxNzU5MzEwNTAzLCJqdGkiOiJjNTA3MTYxYTI0ZjU0NDA3YTExOTRiNGU1MThiYzkyNSIsInVzZXJfaWQiOiIxIn0.WdVJrrxn90CVBCT5Gad3ZOC8TGFzK9F3StxgKnvjV8s",
    "created_at": "2025-10-01T09:21:43.258Z",
    "expires_at": "2025-10-02T09:21:43Z"
  }
},
{
  "model": "token_blacklist.outstandingtoken",
  "pk": 97,
  "fields": {
    "user": 1,
    "jti": "1031d6741a8247f1bd8969d925704063",
    "token": "eyJhbGciOiJIUzI1NiIsInR5cCI6IkpXVCJ9.eyJ0b2tlbl90eXBlIjoicmVmcmVzaCIsImV4cCI6MTc1OTM5Njk5MiwiaWF0IjoxNzU5MzEwNTkyLCJqdGkiOiIxMDMxZDY3NDFhODI0N2YxYmQ4OTY5ZDkyNTcwNDA2MyIsInVzZXJfaWQiOiIxIiwibXVzdF9jaGFuZ2VfcGFzc3dvcmQiOmZhbHNlfQ.upV7Tlwob3B6RCLoVZlf2oEaTjsE2CwRO3GEae0aeA8",
    "created_at": "2025-10-01T09:23:12.739Z",
    "expires_at": "2025-10-02T09:23:12Z"
  }
},
{
  "model": "token_blacklist.outstandingtoken",
  "pk": 98,
  "fields": {
    "user": 1,
    "jti": "35a7e14e4830437a83c5b1741c7aba93",
    "token": "eyJhbGciOiJIUzI1NiIsInR5cCI6IkpXVCJ9.eyJ0b2tlbl90eXBlIjoicmVmcmVzaCIsImV4cCI6MTc1OTM5NzAwNCwiaWF0IjoxNzU5MzEwNjA0LCJqdGkiOiIzNWE3ZTE0ZTQ4MzA0MzdhODNjNWIxNzQxYzdhYmE5MyIsInVzZXJfaWQiOiIxIn0.GFU_AOJZGqrfZVfCwpjsUXJ17r8xav3HJV7rrgSi4Uw",
    "created_at": "2025-10-01T09:23:24.829Z",
    "expires_at": "2025-10-02T09:23:24Z"
  }
},
{
  "model": "token_blacklist.outstandingtoken",
  "pk": 99,
  "fields": {
    "user": null,
    "jti": "de1f321f656a48a1b2724a4dd4da5f28",
    "token": "eyJhbGciOiJIUzI1NiIsInR5cCI6IkpXVCJ9.eyJ0b2tlbl90eXBlIjoicmVmcmVzaCIsImV4cCI6MTc1OTM5NzA3NywiaWF0IjoxNzU5MzEwNjc3LCJqdGkiOiJkZTFmMzIxZjY1NmE0OGExYjI3MjRhNGRkNGRhNWYyOCIsInVzZXJfaWQiOiI3In0.wxjwfsTXfN-UMOJF8pfa8eVb5KJ655Y7PHKVbnl0waY",
    "created_at": "2025-10-01T09:24:37.008Z",
    "expires_at": "2025-10-02T09:24:37Z"
  }
},
{
  "model": "token_blacklist.outstandingtoken",
  "pk": 100,
  "fields": {
    "user": 8,
    "jti": "4f3c057432ac4fe98d25834a466124f4",
    "token": "eyJhbGciOiJIUzI1NiIsInR5cCI6IkpXVCJ9.eyJ0b2tlbl90eXBlIjoicmVmcmVzaCIsImV4cCI6MTc1OTM5Nzk1NywiaWF0IjoxNzU5MzExNTU3LCJqdGkiOiI0ZjNjMDU3NDMyYWM0ZmU5OGQyNTgzNGE0NjYxMjRmNCIsInVzZXJfaWQiOiI4In0.fB-BRI5jEGSGgLZQ1U9Kt4loIsKK7BoQLLE45pN25-Y",
    "created_at": "2025-10-01T09:39:17.841Z",
    "expires_at": "2025-10-02T09:39:17Z"
  }
},
{
  "model": "token_blacklist.outstandingtoken",
  "pk": 101,
  "fields": {
    "user": 1,
    "jti": "03a0b1a6fb10476ab6b80fcfc8abf3c4",
    "token": "eyJhbGciOiJIUzI1NiIsInR5cCI6IkpXVCJ9.eyJ0b2tlbl90eXBlIjoicmVmcmVzaCIsImV4cCI6MTc1OTM5OTM0NCwiaWF0IjoxNzU5MzEyOTQ0LCJqdGkiOiIwM2EwYjFhNmZiMTA0NzZhYjZiODBmY2ZjOGFiZjNjNCIsInVzZXJfaWQiOiIxIn0.QO3klmv4g6axMSryyi8fRtLBtvpAwM5t7kUrJs4qFHE",
    "created_at": "2025-10-01T10:02:24.866Z",
    "expires_at": "2025-10-02T10:02:24Z"
  }
},
{
  "model": "token_blacklist.outstandingtoken",
  "pk": 102,
  "fields": {
    "user": 1,
    "jti": "13ae34d9532a4aec87293d9359057a2b",
    "token": "eyJhbGciOiJIUzI1NiIsInR5cCI6IkpXVCJ9.eyJ0b2tlbl90eXBlIjoicmVmcmVzaCIsImV4cCI6MTc1OTQwMTAyMywiaWF0IjoxNzU5MzE0NjIzLCJqdGkiOiIxM2FlMzRkOTUzMmE0YWVjODcyOTNkOTM1OTA1N2EyYiIsInVzZXJfaWQiOiIxIiwibXVzdF9jaGFuZ2VfcGFzc3dvcmQiOmZhbHNlfQ.x7enI_5c1XnJxmf6Ufs_lP3v_Jm_DVCijRsq35lOryA",
    "created_at": "2025-10-01T10:30:23.528Z",
    "expires_at": "2025-10-02T10:30:23Z"
  }
},
{
  "model": "token_blacklist.outstandingtoken",
  "pk": 103,
  "fields": {
    "user": 1,
    "jti": "54ed0e2334394d629c99dc5c8eb23617",
    "token": "eyJhbGciOiJIUzI1NiIsInR5cCI6IkpXVCJ9.eyJ0b2tlbl90eXBlIjoicmVmcmVzaCIsImV4cCI6MTc1OTQwMTAyMywiaWF0IjoxNzU5MzE0NjIzLCJqdGkiOiI1NGVkMGUyMzM0Mzk0ZDYyOWM5OWRjNWM4ZWIyMzYxNyIsInVzZXJfaWQiOiIxIiwibXVzdF9jaGFuZ2VfcGFzc3dvcmQiOmZhbHNlfQ.LW-iNXTJyvr-u-r_afKVeJRGStF_Sltggt5xh3hKIcU",
    "created_at": "2025-10-01T10:30:23.523Z",
    "expires_at": "2025-10-02T10:30:23Z"
  }
},
{
  "model": "token_blacklist.outstandingtoken",
  "pk": 104,
  "fields": {
    "user": 1,
    "jti": "3463095d26f54d0faa36788e5f98c936",
    "token": "eyJhbGciOiJIUzI1NiIsInR5cCI6IkpXVCJ9.eyJ0b2tlbl90eXBlIjoicmVmcmVzaCIsImV4cCI6MTc1OTQwMTI2OSwiaWF0IjoxNzU5MzE0ODY5LCJqdGkiOiIzNDYzMDk1ZDI2ZjU0ZDBmYWEzNjc4OGU1Zjk4YzkzNiIsInVzZXJfaWQiOiIxIn0.07mramcNZc0dWS5rhCtW6PtacUfpGmjaZAA9b7RgCbI",
    "created_at": "2025-10-01T10:34:29.353Z",
    "expires_at": "2025-10-02T10:34:29Z"
  }
},
{
  "model": "token_blacklist.outstandingtoken",
  "pk": 105,
  "fields": {
    "user": 1,
    "jti": "1ae173d656b048f983adc2ce7fe13b3d",
    "token": "eyJhbGciOiJIUzI1NiIsInR5cCI6IkpXVCJ9.eyJ0b2tlbl90eXBlIjoicmVmcmVzaCIsImV4cCI6MTc1OTQwNDg5MCwiaWF0IjoxNzU5MzE4NDkwLCJqdGkiOiIxYWUxNzNkNjU2YjA0OGY5ODNhZGMyY2U3ZmUxM2IzZCIsInVzZXJfaWQiOiIxIiwibXVzdF9jaGFuZ2VfcGFzc3dvcmQiOmZhbHNlfQ.mVGkBNR9kx44URtlfp_-bUNIOjmS5j6zbLUPZQmN1rA",
    "created_at": "2025-10-01T11:34:50.270Z",
    "expires_at": "2025-10-02T11:34:50Z"
  }
},
{
  "model": "token_blacklist.outstandingtoken",
  "pk": 106,
  "fields": {
    "user": 1,
    "jti": "edec48c33b6043bb9e147f3491d78c36",
    "token": "eyJhbGciOiJIUzI1NiIsInR5cCI6IkpXVCJ9.eyJ0b2tlbl90eXBlIjoicmVmcmVzaCIsImV4cCI6MTc1OTQwNDg5MCwiaWF0IjoxNzU5MzE4NDkwLCJqdGkiOiJlZGVjNDhjMzNiNjA0M2JiOWUxNDdmMzQ5MWQ3OGMzNiIsInVzZXJfaWQiOiIxIiwibXVzdF9jaGFuZ2VfcGFzc3dvcmQiOmZhbHNlfQ.8A7qXku_u96Ne0dcSbcN32068Uyt8tjoqDx2gjHjB3I",
    "created_at": "2025-10-01T11:34:50.272Z",
    "expires_at": "2025-10-02T11:34:50Z"
  }
},
{
  "model": "token_blacklist.outstandingtoken",
  "pk": 107,
  "fields": {
    "user": 1,
    "jti": "347e3fdbb24c45f3bf14bf8c43ecbd2d",
    "token": "eyJhbGciOiJIUzI1NiIsInR5cCI6IkpXVCJ9.eyJ0b2tlbl90eXBlIjoicmVmcmVzaCIsImV4cCI6MTc1OTQwNzQ3MSwiaWF0IjoxNzU5MzIxMDcxLCJqdGkiOiIzNDdlM2ZkYmIyNGM0NWYzYmYxNGJmOGM0M2VjYmQyZCIsInVzZXJfaWQiOiIxIn0.k4_hQe1mM6MufYRWKwg4z1XnyVA9E-qk2wGNfPi4u3g",
    "created_at": "2025-10-01T12:17:51.457Z",
    "expires_at": "2025-10-02T12:17:51Z"
  }
},
{
  "model": "token_blacklist.blacklistedtoken",
  "pk": 1,
  "fields": {
    "token": 1,
    "blacklisted_at": "2025-09-29T01:08:33.798Z"
  }
},
{
  "model": "token_blacklist.blacklistedtoken",
  "pk": 2,
  "fields": {
    "token": 2,
    "blacklisted_at": "2025-09-29T01:09:40.450Z"
  }
},
{
  "model": "token_blacklist.blacklistedtoken",
  "pk": 3,
  "fields": {
    "token": 3,
    "blacklisted_at": "2025-09-29T02:23:23.893Z"
  }
},
{
  "model": "token_blacklist.blacklistedtoken",
  "pk": 4,
  "fields": {
    "token": 6,
    "blacklisted_at": "2025-09-29T02:27:30.130Z"
  }
},
{
  "model": "token_blacklist.blacklistedtoken",
  "pk": 5,
  "fields": {
    "token": 7,
    "blacklisted_at": "2025-09-29T03:28:01.184Z"
  }
},
{
  "model": "token_blacklist.blacklistedtoken",
  "pk": 7,
  "fields": {
    "token": 9,
    "blacklisted_at": "2025-09-29T04:13:20.436Z"
  }
},
{
  "model": "token_blacklist.blacklistedtoken",
  "pk": 8,
  "fields": {
    "token": 10,
    "blacklisted_at": "2025-09-29T05:13:52.843Z"
  }
},
{
  "model": "token_blacklist.blacklistedtoken",
  "pk": 9,
  "fields": {
    "token": 12,
    "blacklisted_at": "2025-09-29T06:14:10.224Z"
  }
},
{
  "model": "token_blacklist.blacklistedtoken",
  "pk": 10,
  "fields": {
    "token": 14,
    "blacklisted_at": "2025-09-29T06:14:59.531Z"
  }
},
{
  "model": "token_blacklist.blacklistedtoken",
  "pk": 11,
  "fields": {
    "token": 15,
    "blacklisted_at": "2025-09-29T06:15:18.362Z"
  }
},
{
  "model": "token_blacklist.blacklistedtoken",
  "pk": 12,
  "fields": {
    "token": 16,
    "blacklisted_at": "2025-09-29T07:42:47.596Z"
  }
},
{
  "model": "token_blacklist.blacklistedtoken",
  "pk": 14,
  "fields": {
    "token": 18,
    "blacklisted_at": "2025-09-29T08:59:19.460Z"
  }
},
{
  "model": "token_blacklist.blacklistedtoken",
  "pk": 15,
  "fields": {
    "token": 20,
    "blacklisted_at": "2025-09-29T10:00:05.156Z"
  }
},
{
  "model": "token_blacklist.blacklistedtoken",
  "pk": 17,
  "fields": {
    "token": 22,
    "blacklisted_at": "2025-09-29T11:22:25.434Z"
  }
},
{
  "model": "token_blacklist.blacklistedtoken",
  "pk": 19,
  "fields": {
    "token": 24,
    "blacklisted_at": "2025-09-29T12:22:31.046Z"
  }
},
{
  "model": "token_blacklist.blacklistedtoken",
  "pk": 20,
  "fields": {
    "token": 26,
    "blacklisted_at": "2025-09-29T15:10:41.183Z"
  }
},
{
  "model": "token_blacklist.blacklistedtoken",
  "pk": 22,
  "fields": {
    "token": 28,
    "blacklisted_at": "2025-09-29T16:11:12.679Z"
  }
},
{
  "model": "token_blacklist.blacklistedtoken",
  "pk": 23,
  "fields": {
    "token": 30,
    "blacklisted_at": "2025-09-29T17:15:43.173Z"
  }
},
{
  "model": "token_blacklist.blacklistedtoken",
  "pk": 26,
  "fields": {
    "token": 32,
    "blacklisted_at": "2025-09-29T18:16:05.204Z"
  }
},
{
  "model": "token_blacklist.blacklistedtoken",
  "pk": 27,
  "fields": {
    "token": 34,
    "blacklisted_at": "2025-09-29T23:35:35.991Z"
  }
},
{
  "model": "token_blacklist.blacklistedtoken",
  "pk": 28,
  "fields": {
    "token": 36,
    "blacklisted_at": "2025-09-30T00:39:06.202Z"
  }
},
{
  "model": "token_blacklist.blacklistedtoken",
  "pk": 30,
  "fields": {
    "token": 39,
    "blacklisted_at": "2025-09-30T03:01:55.431Z"
  }
},
{
  "model": "token_blacklist.blacklistedtoken",
  "pk": 32,
  "fields": {
    "token": 41,
    "blacklisted_at": "2025-09-30T04:02:13.303Z"
  }
},
{
  "model": "token_blacklist.blacklistedtoken",
  "pk": 34,
  "fields": {
    "token": 43,
    "blacklisted_at": "2025-09-30T04:16:08.181Z"
  }
},
{
  "model": "token_blacklist.blacklistedtoken",
  "pk": 35,
  "fields": {
    "token": 44,
    "blacklisted_at": "2025-09-30T04:24:28.706Z"
  }
},
{
  "model": "token_blacklist.blacklistedtoken",
  "pk": 36,
  "fields": {
    "token": 45,
    "blacklisted_at": "2025-09-30T05:25:02.132Z"
  }
},
{
  "model": "token_blacklist.blacklistedtoken",
  "pk": 38,
  "fields": {
    "token": 47,
    "blacklisted_at": "2025-09-30T06:25:05.136Z"
  }
},
{
  "model": "token_blacklist.blacklistedtoken",
  "pk": 39,
  "fields": {
    "token": 49,
    "blacklisted_at": "2025-09-30T09:02:20.140Z"
  }
},
{
  "model": "token_blacklist.blacklistedtoken",
  "pk": 41,
  "fields": {
    "token": 51,
    "blacklisted_at": "2025-09-30T10:05:29.707Z"
  }
},
{
  "model": "token_blacklist.blacklistedtoken",
  "pk": 42,
  "fields": {
    "token": 53,
    "blacklisted_at": "2025-09-30T10:05:29.789Z"
  }
},
{
  "model": "token_blacklist.blacklistedtoken",
  "pk": 43,
  "fields": {
    "token": 54,
    "blacklisted_at": "2025-09-30T12:09:05.066Z"
  }
},
{
  "model": "token_blacklist.blacklistedtoken",
  "pk": 45,
  "fields": {
    "token": 56,
    "blacklisted_at": "2025-09-30T12:13:57.217Z"
  }
},
{
  "model": "token_blacklist.blacklistedtoken",
  "pk": 46,
  "fields": {
    "token": 57,
    "blacklisted_at": "2025-09-30T13:14:27.952Z"
  }
},
{
  "model": "token_blacklist.blacklistedtoken",
  "pk": 47,
  "fields": {
    "token": 59,
    "blacklisted_at": "2025-09-30T13:17:27.276Z"
  }
},
{
  "model": "token_blacklist.blacklistedtoken",
  "pk": 49,
  "fields": {
    "token": 60,
    "blacklisted_at": "2025-09-30T14:18:51.063Z"
  }
},
{
  "model": "token_blacklist.blacklistedtoken",
  "pk": 51,
  "fields": {
    "token": 62,
    "blacklisted_at": "2025-09-30T15:18:53.333Z"
  }
},
{
  "model": "token_blacklist.blacklistedtoken",
  "pk": 52,
  "fields": {
    "token": 64,
    "blacklisted_at": "2025-09-30T16:19:50.766Z"
  }
},
{
  "model": "token_blacklist.blacklistedtoken",
  "pk": 53,
  "fields": {
    "token": 65,
    "blacklisted_at": "2025-09-30T16:19:51.122Z"
  }
},
{
  "model": "token_blacklist.blacklistedtoken",
  "pk": 54,
  "fields": {
    "token": 66,
    "blacklisted_at": "2025-09-30T16:22:06.459Z"
  }
},
{
  "model": "token_blacklist.blacklistedtoken",
  "pk": 55,
  "fields": {
    "token": 67,
    "blacklisted_at": "2025-09-30T17:22:13.370Z"
  }
},
{
  "model": "token_blacklist.blacklistedtoken",
  "pk": 57,
  "fields": {
    "token": 69,
    "blacklisted_at": "2025-09-30T18:22:23.510Z"
  }
},
{
  "model": "token_blacklist.blacklistedtoken",
  "pk": 59,
  "fields": {
    "token": 71,
    "blacklisted_at": "2025-09-30T23:26:20.639Z"
  }
},
{
  "model": "token_blacklist.blacklistedtoken",
  "pk": 61,
  "fields": {
    "token": 72,
    "blacklisted_at": "2025-09-30T23:26:35.222Z"
  }
},
{
  "model": "token_blacklist.blacklistedtoken",
  "pk": 62,
  "fields": {
    "token": 74,
    "blacklisted_at": "2025-10-01T00:27:04.253Z"
  }
},
{
  "model": "token_blacklist.blacklistedtoken",
  "pk": 64,
  "fields": {
    "token": 76,
    "blacklisted_at": "2025-10-01T01:45:45.161Z"
  }
},
{
  "model": "token_blacklist.blacklistedtoken",
  "pk": 66,
  "fields": {
    "token": 78,
    "blacklisted_at": "2025-10-01T02:11:44.538Z"
  }
},
{
  "model": "token_blacklist.blacklistedtoken",
  "pk": 67,
  "fields": {
    "token": 79,
    "blacklisted_at": "2025-10-01T03:48:55.173Z"
  }
},
{
  "model": "token_blacklist.blacklistedtoken",
  "pk": 68,
  "fields": {
    "token": 83,
    "blacklisted_at": "2025-10-01T04:38:08.113Z"
  }
},
{
  "model": "token_blacklist.blacklistedtoken",
  "pk": 69,
  "fields": {
    "token": 84,
    "blacklisted_at": "2025-10-01T04:59:46.478Z"
  }
},
{
  "model": "token_blacklist.blacklistedtoken",
  "pk": 70,
  "fields": {
    "token": 85,
    "blacklisted_at": "2025-10-01T05:16:15.702Z"
  }
},
{
  "model": "token_blacklist.blacklistedtoken",
  "pk": 71,
  "fields": {
    "token": 87,
    "blacklisted_at": "2025-10-01T06:01:32.059Z"
  }
},
{
  "model": "token_blacklist.blacklistedtoken",
  "pk": 73,
  "fields": {
    "token": 88,
    "blacklisted_at": "2025-10-01T06:35:30.175Z"
  }
},
{
  "model": "token_blacklist.blacklistedtoken",
  "pk": 74,
  "fields": {
    "token": 93,
    "blacklisted_at": "2025-10-01T08:21:43.517Z"
  }
},
{
  "model": "token_blacklist.blacklistedtoken",
  "pk": 75,
  "fields": {
    "token": 91,
    "blacklisted_at": "2025-10-01T08:21:43.519Z"
  }
},
{
  "model": "token_blacklist.blacklistedtoken",
  "pk": 76,
  "fields": {
    "token": 96,
    "blacklisted_at": "2025-10-01T09:23:12.749Z"
  }
},
{
  "model": "token_blacklist.blacklistedtoken",
  "pk": 77,
  "fields": {
    "token": 101,
    "blacklisted_at": "2025-10-01T10:05:03.406Z"
  }
},
{
  "model": "token_blacklist.blacklistedtoken",
  "pk": 78,
  "fields": {
    "token": 98,
    "blacklisted_at": "2025-10-01T10:30:23.545Z"
  }
},
{
  "model": "token_blacklist.blacklistedtoken",
  "pk": 80,
  "fields": {
    "token": 103,
    "blacklisted_at": "2025-10-01T10:33:36.471Z"
  }
},
{
  "model": "token_blacklist.blacklistedtoken",
  "pk": 81,
  "fields": {
    "token": 104,
    "blacklisted_at": "2025-10-01T11:34:50.281Z"
  }
},
{
  "model": "users.user",
  "pk": 1,
  "fields": {
    "password": "pbkdf2_sha256$600000$3WSl66UCmjQQA37PFHjjxm$VNl7Yr/qbplCPrw9zUZKSbwLMSnlv1LyFMFtd6clLxk=",
    "last_login": "2025-10-01T10:01:38.046Z",
    "is_superuser": true,
    "email": "admin@example.com",
    "first_name": "Administrator",
    "middle_name": "",
    "last_name": "",
    "userlevel": "Admin",
    "section": null,
    "district": null,
    "is_staff": true,
    "is_active": true,
    "date_joined": "2025-09-29T01:07:21Z",
    "updated_at": "2025-10-01T05:15:05.565Z",
    "is_first_login": false,
    "must_change_password": false,
    "groups": [],
    "user_permissions": []
  }
},
{
  "model": "users.user",
  "pk": 3,
  "fields": {
    "password": "pbkdf2_sha256$600000$90aMbdhfs5AycarR2QK28C$sZhdMMIgBZyaK8C8Y1C2fh+ngekPRCKD/m7L3A4DVog=",
    "last_login": null,
    "is_superuser": false,
    "email": "jerichourb.01.01.04@gmail.com",
    "first_name": "MONITORING1",
    "middle_name": "EMB",
    "last_name": "SAMPLE",
    "userlevel": "Monitoring Personnel",
    "section": "RA-6969",
    "district": null,
    "is_staff": false,
    "is_active": true,
    "date_joined": "2025-09-30T09:46:24.537Z",
    "updated_at": "2025-10-01T04:42:15.019Z",
    "is_first_login": false,
    "must_change_password": false,
    "groups": [],
    "user_permissions": []
  }
},
{
  "model": "users.user",
  "pk": 4,
  "fields": {
    "password": "pbkdf2_sha256$600000$WuqYFNJhh38oNDFZTCK5pA$VEW3bCh8kdwhONRWWTbgJq6hFEBXjKN9g9V5wWRQOTo=",
    "last_login": null,
    "is_superuser": false,
    "email": "echo.010104@gmail.com",
    "first_name": "SECTION",
    "middle_name": "CHIEF",
    "last_name": "TOXIC",
    "userlevel": "Section Chief",
    "section": "RA-6969",
    "district": null,
    "is_staff": false,
    "is_active": true,
    "date_joined": "2025-10-01T02:51:54.301Z",
    "updated_at": "2025-10-01T04:43:24.713Z",
    "is_first_login": true,
    "must_change_password": false,
    "groups": [],
    "user_permissions": []
  }
},
{
  "model": "users.user",
  "pk": 5,
  "fields": {
    "password": "pbkdf2_sha256$600000$XKr6ZsrKsNcRQdWeISBALG$KgL0iA7qWDpRU5xojx1LP4eTDW0HimPmCuaPUAx3sjo=",
    "last_login": null,
    "is_superuser": false,
    "email": "division@example.com",
    "first_name": "DIVISION",
    "middle_name": "SAMPLE",
    "last_name": "SAMPLE",
    "userlevel": "Division Chief",
    "section": null,
    "district": null,
    "is_staff": false,
    "is_active": true,
    "date_joined": "2025-10-01T04:44:37.036Z",
    "updated_at": "2025-10-01T05:01:54.921Z",
    "is_first_login": false,
    "must_change_password": false,
    "groups": [],
    "user_permissions": []
  }
},
{
  "model": "users.user",
  "pk": 6,
  "fields": {
    "password": "pbkdf2_sha256$600000$ZDQBHZE1GJAPU03TxzfI86$+O3+8ZDIiL3rK3NrC5/DHXyBXI4XqJEJRUTqhx1Y4SM=",
    "last_login": null,
    "is_superuser": false,
    "email": "unithead@example.com",
    "first_name": "UNIT",
    "middle_name": "HEAD",
    "last_name": "SAMPLE",
    "userlevel": "Unit Head",
    "section": "RA-8749",
    "district": null,
    "is_staff": false,
    "is_active": true,
    "date_joined": "2025-10-01T05:45:48.881Z",
    "updated_at": "2025-10-01T05:45:50.507Z",
    "is_first_login": true,
    "must_change_password": false,
    "groups": [],
    "user_permissions": []
  }
},
{
  "model": "users.user",
  "pk": 8,
  "fields": {
    "password": "pbkdf2_sha256$600000$QLjf2cANJ6yQjlpVY2l07r$8c3GYCOvXc2ru652SCG9N+3Y/MzGqZyq6uHKuqe+btk=",
    "last_login": null,
    "is_superuser": false,
    "email": "22101222@slc-sflu.edu.ph",
    "first_name": "JERICHO",
    "middle_name": "SOTELO",
    "last_name": "URBANO",
    "userlevel": "Legal Unit",
    "section": null,
    "district": null,
    "is_staff": false,
    "is_active": true,
    "date_joined": "2025-10-01T09:38:48.623Z",
    "updated_at": "2025-10-01T09:38:50.058Z",
    "is_first_login": true,
    "must_change_password": false,
    "groups": [],
    "user_permissions": []
  }
},
{
  "model": "establishments.establishment",
  "pk": 1,
  "fields": {
    "name": "SAINT LOUIS COLLEGE",
    "nature_of_business": "EDUCATION",
    "year_established": "1964",
    "province": "LA UNION",
    "city": "SAN FERNANDO",
    "barangay": "CARLATAN",
    "street_building": "MACARTHUR HIGHWAY",
    "postal_code": "2500",
    "latitude": "16.636925",
    "longitude": "120.313207",
    "polygon": [
      [
        16.638429373213555,
        120.314137422738
      ],
      [
        16.6382649981934,
        120.31304333422544
      ],
      [
        16.63739175353592,
        120.3131505978051
      ],
      [
        16.637222240876767,
        120.31214768333531
      ],
      [
        16.63558947970582,
        120.31284267779758
      ],
      [
        16.635661394797953,
        120.31316715012606
      ],
      [
        16.635741015047063,
        120.31314301582063
      ],
      [
        16.635794951326073,
        120.3136900600769
      ],
      [
        16.6364524590313,
        120.31377587094063
      ],
      [
        16.636442185490747,
        120.31384022908844
      ],
      [
        16.636370270691444,
        120.31394212948912
      ],
      [
        16.636401091323012,
        120.31396626379453
      ],
      [
        16.63637797584978,
        120.3139957612789
      ],
      [
        16.636709297366288,
        120.31421565161722
      ]
    ],
    "is_active": true,
    "created_at": "2025-09-29T02:29:26.322Z",
    "updated_at": "2025-09-29T02:54:09.108Z"
  }
},
{
  "model": "establishments.establishment",
  "pk": 2,
  "fields": {
    "name": "JOLLIBEE",
    "nature_of_business": "SERVICE",
    "year_established": "2020",
    "province": "LA UNION",
    "city": "SAN FERNANDO",
    "barangay": "CATALAN COMPOUND",
    "street_building": "DOCTOR A. MARTINEZ STREET",
    "postal_code": "2500",
    "latitude": "16.636636",
    "longitude": "120.311873",
    "polygon": null,
    "is_active": true,
    "created_at": "2025-10-01T05:03:04.000Z",
    "updated_at": "2025-10-01T05:03:04.035Z"
  }
},
{
  "model": "establishments.establishment",
  "pk": 3,
  "fields": {
    "name": "BALAI",
    "nature_of_business": "RESTAURANT",
    "year_established": "2018",
    "province": "LA UNION",
    "city": "SAN FERNANDO",
    "barangay": "CARLATAN",
    "street_building": "MACARTHUR HIGHWAY",
    "postal_code": "2500",
    "latitude": "16.636118",
    "longitude": "120.312145",
    "polygon": [
      [
        16.636124481837534,
        120.31234790316287
      ],
      [
        16.63606027209021,
        120.31209047057166
      ],
      [
        16.636195112534768,
        120.31204220196084
      ],
      [
        16.63625803804312,
        120.31226209229915
      ]
    ],
    "is_active": true,
    "created_at": "2025-10-01T05:21:38.413Z",
    "updated_at": "2025-10-01T05:28:14.684Z"
  }
},
{
  "model": "notifications.notification",
  "pk": 7,
  "fields": {
    "recipient": 5,
    "sender": 5,
    "notification_type": "new_user",
    "title": "New Division Chief Created",
    "message": "A new Division Chief (division@example.com) has been created.",
    "is_read": false,
    "created_at": "2025-10-01T04:44:43.933Z"
  }
},
{
  "model": "notifications.notification",
  "pk": 8,
  "fields": {
    "recipient": 1,
    "sender": 5,
    "notification_type": "new_establishment",
    "title": "New Establishment Created",
    "message": "A new establishment \"JOLLIBEE\" has been created by division@example.com.",
    "is_read": false,
    "created_at": "2025-10-01T05:03:04.065Z"
  }
},
{
  "model": "notifications.notification",
  "pk": 10,
  "fields": {
    "recipient": 4,
    "sender": 5,
    "notification_type": "new_establishment",
    "title": "New Establishment Created",
    "message": "A new establishment \"JOLLIBEE\" has been created by division@example.com.",
    "is_read": false,
    "created_at": "2025-10-01T05:03:04.085Z"
  }
},
{
  "model": "notifications.notification",
  "pk": 11,
  "fields": {
    "recipient": 5,
    "sender": 5,
    "notification_type": "new_establishment",
    "title": "New Establishment Created",
    "message": "A new establishment \"JOLLIBEE\" has been created by division@example.com.",
    "is_read": false,
    "created_at": "2025-10-01T05:03:04.089Z"
  }
},
{
  "model": "notifications.notification",
  "pk": 12,
  "fields": {
    "recipient": 1,
    "sender": 5,
    "notification_type": "new_establishment",
    "title": "New Establishment Created",
    "message": "A new establishment \"BALAI\" has been created by division@example.com.",
    "is_read": true,
    "created_at": "2025-10-01T05:21:38.460Z"
  }
},
{
  "model": "notifications.notification",
  "pk": 14,
  "fields": {
    "recipient": 4,
    "sender": 5,
    "notification_type": "new_establishment",
    "title": "New Establishment Created",
    "message": "A new establishment \"BALAI\" has been created by division@example.com.",
    "is_read": false,
    "created_at": "2025-10-01T05:21:38.474Z"
  }
},
{
  "model": "notifications.notification",
  "pk": 15,
  "fields": {
    "recipient": 5,
    "sender": 5,
    "notification_type": "new_establishment",
    "title": "New Establishment Created",
    "message": "A new establishment \"BALAI\" has been created by division@example.com.",
    "is_read": false,
    "created_at": "2025-10-01T05:21:38.481Z"
  }
},
{
  "model": "notifications.notification",
  "pk": 16,
  "fields": {
    "recipient": 5,
    "sender": 6,
    "notification_type": "new_user",
    "title": "New Unit Head Created",
    "message": "A new Unit Head (unithead@example.com) created for section: RA-8749.",
    "is_read": false,
    "created_at": "2025-10-01T05:46:04.961Z"
  }
},
{
  "model": "notifications.notification",
  "pk": 18,
  "fields": {
    "recipient": 5,
    "sender": 8,
    "notification_type": "new_user",
    "title": "New Legal Unit Created",
    "message": "A new Legal Unit (22101222@slc-sflu.edu.ph) has been created.",
    "is_read": false,
    "created_at": "2025-10-01T09:39:17.836Z"
  }
},
{
  "model": "audit.activitylog",
  "pk": 1,
  "fields": {
    "user": 1,
    "action": "create",
    "message": "New user account created: admin@example.com",
    "ip_address": null,
    "user_agent": "",
    "created_at": "2025-09-29T01:07:28.261Z"
  }
},
{
  "model": "audit.activitylog",
  "pk": 2,
  "fields": {
    "user": 1,
    "action": "update",
    "message": "User account updated: admin@example.com",
    "ip_address": null,
    "user_agent": "",
    "created_at": "2025-09-29T01:08:05.364Z"
  }
},
{
  "model": "audit.activitylog",
  "pk": 3,
  "fields": {
    "user": 1,
    "action": "login",
    "message": "User admin@example.com logged in",
    "ip_address": "127.0.0.1",
    "user_agent": "Mozilla/5.0 (Windows NT 10.0; Win64; x64) AppleWebKit/537.36 (KHTML, like Gecko) Chrome/140.0.0.0 Safari/537.36",
    "created_at": "2025-09-29T01:08:05.366Z"
  }
},
{
  "model": "audit.activitylog",
  "pk": 4,
  "fields": {
    "user": 1,
    "action": "update",
    "message": "User account updated: admin@example.com",
    "ip_address": null,
    "user_agent": "",
    "created_at": "2025-09-29T01:08:15.679Z"
  }
},
{
  "model": "audit.activitylog",
  "pk": 5,
  "fields": {
    "user": 1,
    "action": "update",
    "message": "User account updated: admin@example.com",
    "ip_address": null,
    "user_agent": "",
    "created_at": "2025-09-29T01:09:24.944Z"
  }
},
{
  "model": "audit.activitylog",
  "pk": 6,
  "fields": {
    "user": 1,
    "action": "update",
    "message": "System configuration updated",
    "ip_address": "127.0.0.1",
    "user_agent": "Mozilla/5.0 (Windows NT 10.0; Win64; x64) AppleWebKit/537.36 (KHTML, like Gecko) Chrome/140.0.0.0 Safari/537.36",
    "created_at": "2025-09-29T01:10:18.883Z"
  }
},
{
  "model": "audit.activitylog",
  "pk": 7,
  "fields": {
    "user": null,
    "action": "create",
    "message": "New user account created: 22101222@slc-sflu.edu.ph",
    "ip_address": null,
    "user_agent": "",
    "created_at": "2025-09-29T01:22:13.490Z"
  }
},
{
  "model": "audit.activitylog",
  "pk": 8,
  "fields": {
    "user": 1,
    "action": "create",
    "message": "New user registered: 22101222@slc-sflu.edu.ph",
    "ip_address": "127.0.0.1",
    "user_agent": "Mozilla/5.0 (Windows NT 10.0; Win64; x64) AppleWebKit/537.36 (KHTML, like Gecko) Chrome/140.0.0.0 Safari/537.36",
    "created_at": "2025-09-29T01:22:16.287Z"
  }
},
{
  "model": "audit.activitylog",
  "pk": 9,
  "fields": {
    "user": null,
    "action": "update",
    "message": "User account updated: 22101222@slc-sflu.edu.ph",
    "ip_address": null,
    "user_agent": "",
    "created_at": "2025-09-29T02:27:39.452Z"
  }
},
{
  "model": "audit.activitylog",
  "pk": 10,
  "fields": {
    "user": null,
    "action": "update",
    "message": "User account updated: 22101222@slc-sflu.edu.ph",
    "ip_address": null,
    "user_agent": "",
    "created_at": "2025-09-29T02:27:50.727Z"
  }
},
{
  "model": "audit.activitylog",
  "pk": 11,
  "fields": {
    "user": null,
    "action": "update",
    "message": "First-time password set for 22101222@slc-sflu.edu.ph",
    "ip_address": "127.0.0.1",
    "user_agent": "Mozilla/5.0 (Windows NT 10.0; Win64; x64) AppleWebKit/537.36 (KHTML, like Gecko) Chrome/140.0.0.0 Safari/537.36",
    "created_at": "2025-09-29T02:27:50.730Z"
  }
},
{
  "model": "audit.activitylog",
  "pk": 12,
  "fields": {
    "user": null,
    "action": "create",
    "message": "Created establishment: SAINT LOUIS COLLEGE",
    "ip_address": null,
    "user_agent": "",
    "created_at": "2025-09-29T02:29:26.326Z"
  }
},
{
  "model": "audit.activitylog",
  "pk": 13,
  "fields": {
    "user": null,
    "action": "update",
    "message": "Updated establishment: SAINT LOUIS COLLEGE",
    "ip_address": null,
    "user_agent": "",
    "created_at": "2025-09-29T02:29:26.359Z"
  }
},
{
  "model": "audit.activitylog",
  "pk": 14,
  "fields": {
    "user": null,
    "action": "update",
    "message": "Updated establishment: SAINT LOUIS COLLEGE",
    "ip_address": null,
    "user_agent": "",
    "created_at": "2025-09-29T02:54:09.131Z"
  }
},
{
  "model": "audit.activitylog",
  "pk": 15,
  "fields": {
    "user": 1,
    "action": "update",
    "message": "User account updated: admin@example.com",
    "ip_address": null,
    "user_agent": "",
    "created_at": "2025-09-29T06:14:50.325Z"
  }
},
{
  "model": "audit.activitylog",
  "pk": 16,
  "fields": {
    "user": 1,
    "action": "update",
    "message": "Password changed for admin@example.com",
    "ip_address": "127.0.0.1",
    "user_agent": "Mozilla/5.0 (Windows NT 10.0; Win64; x64) AppleWebKit/537.36 (KHTML, like Gecko) Chrome/140.0.0.0 Safari/537.36",
    "created_at": "2025-09-29T06:14:50.331Z"
  }
},
{
  "model": "audit.activitylog",
  "pk": 17,
  "fields": {
    "user": 1,
    "action": "update",
    "message": "System configuration updated",
    "ip_address": "127.0.0.1",
    "user_agent": "Mozilla/5.0 (Windows NT 10.0; Win64; x64) AppleWebKit/537.36 (KHTML, like Gecko) Chrome/140.0.0.0 Safari/537.36",
    "created_at": "2025-09-29T06:18:42.121Z"
  }
},
{
  "model": "audit.activitylog",
  "pk": 18,
  "fields": {
    "user": 1,
    "action": "update",
    "message": "System configuration updated",
    "ip_address": "127.0.0.1",
    "user_agent": "Mozilla/5.0 (Windows NT 10.0; Win64; x64) AppleWebKit/537.36 (KHTML, like Gecko) Chrome/140.0.0.0 Safari/537.36",
    "created_at": "2025-09-29T06:19:32.652Z"
  }
},
{
  "model": "audit.activitylog",
  "pk": 19,
  "fields": {
    "user": null,
    "action": "create",
    "message": "New user account created: jerichourb.01.01.04@gmail.com",
    "ip_address": null,
    "user_agent": "",
    "created_at": "2025-09-30T09:46:50.087Z"
  }
},
{
  "model": "audit.activitylog",
  "pk": 20,
  "fields": {
    "user": 1,
    "action": "create",
    "message": "New user registered: jerichourb.01.01.04@gmail.com",
    "ip_address": "127.0.0.1",
    "user_agent": "Mozilla/5.0 (Windows NT 10.0; Win64; x64) AppleWebKit/537.36 (KHTML, like Gecko) Chrome/140.0.0.0 Safari/537.36",
    "created_at": "2025-09-30T09:46:53.101Z"
  }
},
{
  "model": "audit.activitylog",
  "pk": 21,
  "fields": {
    "user": null,
    "action": "update",
    "message": "User account updated: jerichourb.01.01.04@gmail.com",
    "ip_address": null,
    "user_agent": "",
    "created_at": "2025-09-30T09:56:44.800Z"
  }
},
{
  "model": "audit.activitylog",
  "pk": 22,
  "fields": {
    "user": 1,
    "action": "update",
    "message": "Updated user: jerichourb.01.01.04@gmail.com",
    "ip_address": "127.0.0.1",
    "user_agent": "Mozilla/5.0 (Windows NT 10.0; Win64; x64) AppleWebKit/537.36 (KHTML, like Gecko) Chrome/140.0.0.0 Safari/537.36",
    "created_at": "2025-09-30T09:56:44.810Z"
  }
},
{
  "model": "audit.activitylog",
  "pk": 23,
  "fields": {
    "user": 1,
    "action": "update",
    "message": "User account updated: admin@example.com",
    "ip_address": null,
    "user_agent": "",
    "created_at": "2025-09-30T10:14:25.827Z"
  }
},
{
  "model": "audit.activitylog",
  "pk": 24,
  "fields": {
    "user": null,
    "action": "update",
    "message": "User account updated: 22101222@slc-sflu.edu.ph",
    "ip_address": null,
    "user_agent": "",
    "created_at": "2025-09-30T10:14:25.859Z"
  }
},
{
  "model": "audit.activitylog",
  "pk": 25,
  "fields": {
    "user": null,
    "action": "update",
    "message": "User account updated: jerichourb.01.01.04@gmail.com",
    "ip_address": null,
    "user_agent": "",
    "created_at": "2025-09-30T10:14:25.893Z"
  }
},
{
  "model": "audit.activitylog",
  "pk": 26,
  "fields": {
    "user": null,
    "action": "update",
    "message": "Updated establishment: SAINT LOUIS COLLEGE",
    "ip_address": null,
    "user_agent": "",
    "created_at": "2025-09-30T10:14:25.934Z"
  }
},
{
  "model": "audit.activitylog",
  "pk": 27,
  "fields": {
    "user": null,
    "action": "update",
    "message": "User account updated: jerichourb.01.01.04@gmail.com",
    "ip_address": null,
    "user_agent": "",
    "created_at": "2025-09-30T16:12:34.753Z"
  }
},
{
  "model": "audit.activitylog",
  "pk": 28,
  "fields": {
    "user": 1,
    "action": "update",
    "message": "Updated user: jerichourb.01.01.04@gmail.com",
    "ip_address": "127.0.0.1",
    "user_agent": "Mozilla/5.0 (Windows NT 10.0; Win64; x64) AppleWebKit/537.36 (KHTML, like Gecko) Chrome/140.0.0.0 Safari/537.36",
    "created_at": "2025-09-30T16:12:34.768Z"
  }
},
{
  "model": "audit.activitylog",
  "pk": 29,
  "fields": {
    "user": null,
    "action": "update",
    "message": "User account updated: jerichourb.01.01.04@gmail.com",
    "ip_address": null,
    "user_agent": "",
    "created_at": "2025-09-30T16:23:05.234Z"
  }
},
{
  "model": "audit.activitylog",
  "pk": 30,
  "fields": {
    "user": 1,
    "action": "update",
    "message": "Updated user: jerichourb.01.01.04@gmail.com",
    "ip_address": "127.0.0.1",
    "user_agent": "Mozilla/5.0 (Windows NT 10.0; Win64; x64) AppleWebKit/537.36 (KHTML, like Gecko) Chrome/140.0.0.0 Safari/537.36",
    "created_at": "2025-09-30T16:23:05.243Z"
  }
},
{
  "model": "audit.activitylog",
  "pk": 31,
  "fields": {
    "user": null,
    "action": "update",
    "message": "User account updated: jerichourb.01.01.04@gmail.com",
    "ip_address": null,
    "user_agent": "",
    "created_at": "2025-09-30T16:31:29.193Z"
  }
},
{
  "model": "audit.activitylog",
  "pk": 32,
  "fields": {
    "user": 1,
    "action": "update",
    "message": "Updated user: jerichourb.01.01.04@gmail.com",
    "ip_address": "127.0.0.1",
    "user_agent": "Mozilla/5.0 (Windows NT 10.0; Win64; x64) AppleWebKit/537.36 (KHTML, like Gecko) Chrome/140.0.0.0 Safari/537.36",
    "created_at": "2025-09-30T16:31:29.217Z"
  }
},
{
  "model": "audit.activitylog",
  "pk": 33,
  "fields": {
    "user": 1,
    "action": "update",
    "message": "User account updated: admin@example.com",
    "ip_address": null,
    "user_agent": "",
    "created_at": "2025-09-30T18:17:46.046Z"
  }
},
{
  "model": "audit.activitylog",
  "pk": 34,
  "fields": {
    "user": 1,
    "action": "login",
    "message": "User admin@example.com logged in",
    "ip_address": "127.0.0.1",
    "user_agent": "Mozilla/5.0 (Windows NT 10.0; Win64; x64) AppleWebKit/537.36 (KHTML, like Gecko) Chrome/140.0.0.0 Safari/537.36",
    "created_at": "2025-09-30T18:17:46.050Z"
  }
},
{
  "model": "audit.activitylog",
  "pk": 35,
  "fields": {
    "user": 3,
    "action": "update",
    "message": "User account updated: jerichourb.01.01.04@gmail.com",
    "ip_address": null,
    "user_agent": "",
    "created_at": "2025-10-01T00:15:30.188Z"
  }
},
{
  "model": "audit.activitylog",
  "pk": 36,
  "fields": {
    "user": 1,
    "action": "update",
    "message": "Updated user: jerichourb.01.01.04@gmail.com",
    "ip_address": "127.0.0.1",
    "user_agent": "Mozilla/5.0 (Windows NT 10.0; Win64; x64) AppleWebKit/537.36 (KHTML, like Gecko) Chrome/140.0.0.0 Safari/537.36",
    "created_at": "2025-10-01T00:15:30.211Z"
  }
},
{
  "model": "audit.activitylog",
  "pk": 37,
  "fields": {
    "user": 1,
    "action": "update",
    "message": "User account updated: admin@example.com",
    "ip_address": null,
    "user_agent": "",
    "created_at": "2025-10-01T02:40:54.507Z"
  }
},
{
  "model": "audit.activitylog",
  "pk": 38,
  "fields": {
    "user": 1,
    "action": "login",
    "message": "User admin@example.com logged in",
    "ip_address": "127.0.0.1",
    "user_agent": "Mozilla/5.0 (Windows NT 10.0; Win64; x64) AppleWebKit/537.36 (KHTML, like Gecko) Chrome/140.0.0.0 Safari/537.36",
    "created_at": "2025-10-01T02:40:54.510Z"
  }
},
{
  "model": "audit.activitylog",
  "pk": 39,
  "fields": {
    "user": 3,
    "action": "update",
    "message": "User account updated: jerichourb.01.01.04@gmail.com",
    "ip_address": null,
    "user_agent": "",
    "created_at": "2025-10-01T02:51:07.343Z"
  }
},
{
  "model": "audit.activitylog",
  "pk": 40,
  "fields": {
    "user": 1,
    "action": "update",
    "message": "Updated user: jerichourb.01.01.04@gmail.com",
    "ip_address": "127.0.0.1",
    "user_agent": "Mozilla/5.0 (Windows NT 10.0; Win64; x64) AppleWebKit/537.36 (KHTML, like Gecko) Chrome/140.0.0.0 Safari/537.36",
    "created_at": "2025-10-01T02:51:07.345Z"
  }
},
{
  "model": "audit.activitylog",
  "pk": 41,
  "fields": {
    "user": 4,
    "action": "create",
    "message": "New user account created: echo.010104@gmail.com",
    "ip_address": null,
    "user_agent": "",
    "created_at": "2025-10-01T02:51:59.794Z"
  }
},
{
  "model": "audit.activitylog",
  "pk": 42,
  "fields": {
    "user": 1,
    "action": "create",
    "message": "New user registered: echo.010104@gmail.com",
    "ip_address": "127.0.0.1",
    "user_agent": "Mozilla/5.0 (Windows NT 10.0; Win64; x64) AppleWebKit/537.36 (KHTML, like Gecko) Chrome/140.0.0.0 Safari/537.36",
    "created_at": "2025-10-01T02:52:02.262Z"
  }
},
{
  "model": "audit.activitylog",
  "pk": 43,
  "fields": {
    "user": 4,
    "action": "update",
    "message": "User account updated: echo.010104@gmail.com",
    "ip_address": null,
    "user_agent": "",
    "created_at": "2025-10-01T02:53:17.394Z"
  }
},
{
  "model": "audit.activitylog",
  "pk": 44,
  "fields": {
    "user": 1,
    "action": "update",
    "message": "Toggled active status for echo.010104@gmail.com  False",
    "ip_address": "127.0.0.1",
    "user_agent": "Mozilla/5.0 (Windows NT 10.0; Win64; x64) AppleWebKit/537.36 (KHTML, like Gecko) Chrome/140.0.0.0 Safari/537.36",
    "created_at": "2025-10-01T02:53:17.397Z"
  }
},
{
  "model": "audit.activitylog",
  "pk": 45,
  "fields": {
    "user": 1,
    "action": "update",
    "message": "User account updated: admin@example.com",
    "ip_address": null,
    "user_agent": "",
    "created_at": "2025-10-01T03:31:47.702Z"
  }
},
{
  "model": "audit.activitylog",
  "pk": 46,
  "fields": {
    "user": 3,
    "action": "update",
    "message": "User account updated: jerichourb.01.01.04@gmail.com",
    "ip_address": null,
    "user_agent": "",
    "created_at": "2025-10-01T04:41:45.966Z"
  }
},
{
  "model": "audit.activitylog",
  "pk": 47,
  "fields": {
    "user": 3,
    "action": "update",
    "message": "User account updated: jerichourb.01.01.04@gmail.com",
    "ip_address": null,
    "user_agent": "",
    "created_at": "2025-10-01T04:42:15.023Z"
  }
},
{
  "model": "audit.activitylog",
  "pk": 48,
  "fields": {
    "user": 3,
    "action": "update",
    "message": "First-time password set for jerichourb.01.01.04@gmail.com",
    "ip_address": "127.0.0.1",
    "user_agent": "Mozilla/5.0 (Windows NT 10.0; Win64; x64) AppleWebKit/537.36 (KHTML, like Gecko) Chrome/140.0.0.0 Safari/537.36",
    "created_at": "2025-10-01T04:42:15.027Z"
  }
},
{
  "model": "audit.activitylog",
  "pk": 49,
  "fields": {
    "user": 4,
    "action": "update",
    "message": "User account updated: echo.010104@gmail.com",
    "ip_address": null,
    "user_agent": "",
    "created_at": "2025-10-01T04:43:24.717Z"
  }
},
{
  "model": "audit.activitylog",
  "pk": 50,
  "fields": {
    "user": 1,
    "action": "update",
    "message": "Toggled active status for echo.010104@gmail.com  True",
    "ip_address": "127.0.0.1",
    "user_agent": "Mozilla/5.0 (Windows NT 10.0; Win64; x64) AppleWebKit/537.36 (KHTML, like Gecko) Chrome/140.0.0.0 Safari/537.36",
    "created_at": "2025-10-01T04:43:24.719Z"
  }
},
{
  "model": "audit.activitylog",
  "pk": 51,
  "fields": {
    "user": 5,
    "action": "create",
    "message": "New user account created: division@example.com",
    "ip_address": null,
    "user_agent": "",
    "created_at": "2025-10-01T04:44:41.209Z"
  }
},
{
  "model": "audit.activitylog",
  "pk": 52,
  "fields": {
    "user": 1,
    "action": "create",
    "message": "New user registered: division@example.com",
    "ip_address": "127.0.0.1",
    "user_agent": "Mozilla/5.0 (Windows NT 10.0; Win64; x64) AppleWebKit/537.36 (KHTML, like Gecko) Chrome/140.0.0.0 Safari/537.36",
    "created_at": "2025-10-01T04:44:43.919Z"
  }
},
{
  "model": "audit.activitylog",
  "pk": 53,
  "fields": {
    "user": null,
    "action": "update",
    "message": "User account updated: 22101222@slc-sflu.edu.ph",
    "ip_address": null,
    "user_agent": "",
    "created_at": "2025-10-01T04:49:08.685Z"
  }
},
{
  "model": "audit.activitylog",
  "pk": 54,
  "fields": {
    "user": 1,
    "action": "update",
    "message": "Updated user: 22101222@slc-sflu.edu.ph",
    "ip_address": "127.0.0.1",
    "user_agent": "Mozilla/5.0 (Windows NT 10.0; Win64; x64) AppleWebKit/537.36 (KHTML, like Gecko) Chrome/140.0.0.0 Safari/537.36",
    "created_at": "2025-10-01T04:49:08.690Z"
  }
},
{
  "model": "audit.activitylog",
  "pk": 55,
  "fields": {
    "user": 5,
    "action": "update",
    "message": "User account updated: division@example.com",
    "ip_address": null,
    "user_agent": "",
    "created_at": "2025-10-01T05:01:29.202Z"
  }
},
{
  "model": "audit.activitylog",
  "pk": 56,
  "fields": {
    "user": 5,
    "action": "update",
    "message": "User account updated: division@example.com",
    "ip_address": null,
    "user_agent": "",
    "created_at": "2025-10-01T05:01:54.924Z"
  }
},
{
  "model": "audit.activitylog",
  "pk": 57,
  "fields": {
    "user": 5,
    "action": "update",
    "message": "First-time password set for division@example.com",
    "ip_address": "127.0.0.1",
    "user_agent": "Mozilla/5.0 (Windows NT 10.0; Win64; x64) AppleWebKit/537.36 (KHTML, like Gecko) Chrome/140.0.0.0 Safari/537.36",
    "created_at": "2025-10-01T05:01:54.926Z"
  }
},
{
  "model": "audit.activitylog",
  "pk": 58,
  "fields": {
    "user": null,
    "action": "create",
    "message": "Created establishment: JOLLIBEE",
    "ip_address": null,
    "user_agent": "",
    "created_at": "2025-10-01T05:03:04.011Z"
  }
},
{
  "model": "audit.activitylog",
  "pk": 59,
  "fields": {
    "user": 5,
    "action": "update",
    "message": "Updated establishment: JOLLIBEE",
    "ip_address": null,
    "user_agent": "",
    "created_at": "2025-10-01T05:03:04.046Z"
  }
},
{
  "model": "audit.activitylog",
  "pk": 60,
  "fields": {
    "user": 1,
    "action": "update",
    "message": "User account updated: admin@example.com",
    "ip_address": null,
    "user_agent": "",
    "created_at": "2025-10-01T05:15:05.573Z"
  }
},
{
  "model": "audit.activitylog",
  "pk": 61,
  "fields": {
    "user": 1,
    "action": "update",
    "message": "Password changed for admin@example.com",
    "ip_address": "127.0.0.1",
    "user_agent": "Mozilla/5.0 (Windows NT 10.0; Win64; x64) AppleWebKit/537.36 (KHTML, like Gecko) Chrome/140.0.0.0 Safari/537.36",
    "created_at": "2025-10-01T05:15:05.577Z"
  }
},
{
  "model": "audit.activitylog",
  "pk": 62,
  "fields": {
    "user": null,
    "action": "create",
    "message": "Created establishment: BALAI",
    "ip_address": null,
    "user_agent": "",
    "created_at": "2025-10-01T05:21:38.416Z"
  }
},
{
  "model": "audit.activitylog",
  "pk": 63,
  "fields": {
    "user": 5,
    "action": "update",
    "message": "Updated establishment: BALAI",
    "ip_address": null,
    "user_agent": "",
    "created_at": "2025-10-01T05:21:38.448Z"
  }
},
{
  "model": "audit.activitylog",
  "pk": 64,
  "fields": {
    "user": null,
    "action": "update",
    "message": "Updated establishment: BALAI",
    "ip_address": null,
    "user_agent": "",
    "created_at": "2025-10-01T05:26:36.894Z"
  }
},
{
  "model": "audit.activitylog",
  "pk": 65,
  "fields": {
    "user": 5,
    "action": "update",
    "message": "Updated establishment: BALAI",
    "ip_address": null,
    "user_agent": "",
    "created_at": "2025-10-01T05:26:36.928Z"
  }
},
{
  "model": "audit.activitylog",
  "pk": 66,
  "fields": {
    "user": 5,
    "action": "update",
    "message": "Updated establishment: BALAI",
    "ip_address": null,
    "user_agent": "",
    "created_at": "2025-10-01T05:27:44.153Z"
  }
},
{
  "model": "audit.activitylog",
  "pk": 67,
  "fields": {
    "user": 5,
    "action": "update",
    "message": "Updated establishment: BALAI",
    "ip_address": null,
    "user_agent": "",
    "created_at": "2025-10-01T05:28:14.691Z"
  }
},
{
  "model": "audit.activitylog",
  "pk": 68,
  "fields": {
    "user": 6,
    "action": "create",
    "message": "New user account created: unithead@example.com",
    "ip_address": null,
    "user_agent": "",
    "created_at": "2025-10-01T05:46:01.940Z"
  }
},
{
  "model": "audit.activitylog",
  "pk": 69,
  "fields": {
    "user": 1,
    "action": "create",
    "message": "New user registered: unithead@example.com",
    "ip_address": "127.0.0.1",
    "user_agent": "Mozilla/5.0 (Windows NT 10.0; Win64; x64) AppleWebKit/537.36 (KHTML, like Gecko) Chrome/140.0.0.0 Safari/537.36",
    "created_at": "2025-10-01T05:46:04.952Z"
  }
},
{
  "model": "audit.activitylog",
  "pk": 70,
  "fields": {
    "user": 1,
    "action": "update",
    "message": "User account updated: admin@example.com",
    "ip_address": null,
    "user_agent": "",
    "created_at": "2025-10-01T09:22:24.680Z"
  }
},
{
  "model": "audit.activitylog",
  "pk": 71,
  "fields": {
    "user": 1,
    "action": "login",
    "message": "User admin@example.com logged in",
    "ip_address": "127.0.0.1",
    "user_agent": "Mozilla/5.0 (Windows NT 10.0; Win64; x64) AppleWebKit/537.36 (KHTML, like Gecko) Chrome/140.0.0.0 Safari/537.36",
    "created_at": "2025-10-01T09:22:24.684Z"
  }
},
{
  "model": "audit.activitylog",
  "pk": 72,
  "fields": {
    "user": null,
    "action": "create",
    "message": "New user account created: 22101222@slc-sflu.edu.ph",
    "ip_address": null,
    "user_agent": "",
    "created_at": "2025-10-01T09:24:34.121Z"
  }
},
{
  "model": "audit.activitylog",
  "pk": 73,
  "fields": {
    "user": 1,
    "action": "create",
    "message": "New user registered: 22101222@slc-sflu.edu.ph",
    "ip_address": "127.0.0.1",
    "user_agent": "Mozilla/5.0 (Windows NT 10.0; Win64; x64) AppleWebKit/537.36 (KHTML, like Gecko) Chrome/140.0.0.0 Safari/537.36",
    "created_at": "2025-10-01T09:24:36.997Z"
  }
},
{
  "model": "audit.activitylog",
  "pk": 74,
  "fields": {
    "user": 8,
    "action": "create",
    "message": "New user account created: 22101222@slc-sflu.edu.ph with auto-generated password",
    "ip_address": null,
    "user_agent": "",
    "created_at": "2025-10-01T09:38:59.135Z"
  }
},
{
  "model": "audit.activitylog",
  "pk": 75,
  "fields": {
    "user": 1,
    "action": "create",
    "message": "New user registered: 22101222@slc-sflu.edu.ph with auto-generated password",
    "ip_address": "127.0.0.1",
    "user_agent": "Mozilla/5.0 (Windows NT 10.0; Win64; x64) AppleWebKit/537.36 (KHTML, like Gecko) Chrome/140.0.0.0 Safari/537.36",
    "created_at": "2025-10-01T09:39:17.828Z"
  }
},
{
  "model": "audit.activitylog",
  "pk": 76,
  "fields": {
    "user": 1,
    "action": "update",
    "message": "User account updated: admin@example.com",
    "ip_address": null,
    "user_agent": "",
    "created_at": "2025-10-01T10:01:38.048Z"
  }
},
{
  "model": "audit.activitylog",
  "pk": 77,
  "fields": {
    "user": 1,
    "action": "login",
    "message": "User admin@example.com logged in",
    "ip_address": "127.0.0.1",
    "user_agent": "Mozilla/5.0 (Windows NT 10.0; Win64; x64) AppleWebKit/537.36 (KHTML, like Gecko) Chrome/140.0.0.0 Safari/537.36",
    "created_at": "2025-10-01T10:01:38.051Z"
  }
},
{
  "model": "inspections.inspection",
  "pk": 1,
  "fields": {
    "code": "AIR-2025-0001",
    "establishment": 1,
    "section": "RA-8749",
    "district": "LA UNION",
    "assigned_legal_unit": null,
    "assigned_division_head": null,
    "assigned_section_chief": null,
    "assigned_unit_head": null,
    "assigned_monitor": null,
    "status": "DIVISION_CREATED",
    "inspection_list": null,
    "applicable_laws": null,
    "billing_record": null,
    "compliance_call": null,
    "inspection_notes": null,
    "current_assigned_to": null,
    "workflow_comments": null,
    "created_by": null,
    "created_at": "2025-09-29T03:10:18.302Z",
    "updated_at": "2025-09-29T03:10:18.326Z"
  }
},
{
  "model": "inspections.inspection",
  "pk": 3,
  "fields": {
    "code": "AIR-2025-0002",
    "establishment": 3,
    "section": "RA-8749",
    "district": null,
    "assigned_legal_unit": null,
    "assigned_division_head": null,
    "assigned_section_chief": null,
    "assigned_unit_head": null,
    "assigned_monitor": null,
    "status": "PENDING",
    "inspection_list": null,
    "applicable_laws": null,
    "billing_record": null,
    "compliance_call": null,
    "inspection_notes": null,
    "current_assigned_to": null,
    "workflow_comments": null,
    "created_by": 1,
    "created_at": "2025-10-01T06:40:14.161Z",
    "updated_at": "2025-10-01T06:40:14.188Z"
  }
},
{
  "model": "system_config.systemconfiguration",
  "pk": 1,
  "fields": {
    "email_host": "smtp.gmail.com",
    "email_port": 587,
    "email_use_tls": true,
    "email_host_user": "jerichourbano.0101.04@gmail.com",
    "email_host_password": "pkfn htuz duyo nben",
    "default_from_email": "jerichourbano.0101.04@gmail.com",
    "access_token_lifetime_minutes": 60,
    "refresh_token_lifetime_days": 1,
    "rotate_refresh_tokens": true,
    "blacklist_after_rotation": true,
    "created_at": "2025-09-29T01:09:57.494Z",
    "updated_at": "2025-09-29T06:19:32.656Z",
    "is_active": true
  }
}
]
