-- MySQL dump created by Python
-- Database: db_ierms
-- Server: 127.0.0.1:3306
-- Generated: 2025-10-20 20:47:25
SET FOREIGN_KEY_CHECKS=0;

--
-- Table structure for table `audit_activitylog`
--
DROP TABLE IF EXISTS `audit_activitylog`;
CREATE TABLE `audit_activitylog` (
  `id` bigint(20) NOT NULL AUTO_INCREMENT,
  `action` varchar(50) NOT NULL,
  `message` longtext NOT NULL,
  `ip_address` char(39) DEFAULT NULL,
  `user_agent` longtext DEFAULT NULL,
  `created_at` datetime(6) NOT NULL,
  `user_id` bigint(20) DEFAULT NULL,
  PRIMARY KEY (`id`),
  KEY `audit_activitylog_user_id_3cff121f_fk_users_user_id` (`user_id`),
  CONSTRAINT `audit_activitylog_user_id_3cff121f_fk_users_user_id` FOREIGN KEY (`user_id`) REFERENCES `users_user` (`id`)
) ENGINE=InnoDB AUTO_INCREMENT=159 DEFAULT CHARSET=utf8mb4 COLLATE=utf8mb4_general_ci;

--
-- Dumping data for table `audit_activitylog`
--
INSERT INTO `audit_activitylog` (`id`, `action`, `message`, `ip_address`, `user_agent`, `created_at`, `user_id`) VALUES (1, 'create', 'New user account created: admin@example.com with auto-generated password', NULL, '', '2025-10-18 02:03:41.310794', 1);
INSERT INTO `audit_activitylog` (`id`, `action`, `message`, `ip_address`, `user_agent`, `created_at`, `user_id`) VALUES (2, 'login', 'User admin@example.com logged in successfully', '127.0.0.1', 'Mozilla/5.0 (Windows NT 10.0; Win64; x64) AppleWebKit/537.36 (KHTML, like Gecko) Chrome/141.0.0.0 Safari/537.36', '2025-10-18 02:09:23.966554', 1);
INSERT INTO `audit_activitylog` (`id`, `action`, `message`, `ip_address`, `user_agent`, `created_at`, `user_id`) VALUES (3, 'update', 'User account updated: admin@example.com', NULL, '', '2025-10-18 02:09:23.972982', 1);
INSERT INTO `audit_activitylog` (`id`, `action`, `message`, `ip_address`, `user_agent`, `created_at`, `user_id`) VALUES (4, 'login', 'User admin@example.com logged in successfully', '127.0.0.1', 'Mozilla/5.0 (Windows NT 10.0; Win64; x64) AppleWebKit/537.36 (KHTML, like Gecko) Chrome/141.0.0.0 Safari/537.36', '2025-10-18 02:12:49.610387', 1);
INSERT INTO `audit_activitylog` (`id`, `action`, `message`, `ip_address`, `user_agent`, `created_at`, `user_id`) VALUES (5, 'update', 'User account updated: admin@example.com', NULL, '', '2025-10-18 02:12:49.633286', 1);
INSERT INTO `audit_activitylog` (`id`, `action`, `message`, `ip_address`, `user_agent`, `created_at`, `user_id`) VALUES (6, 'update', 'System configuration updated', '127.0.0.1', 'Mozilla/5.0 (Windows NT 10.0; Win64; x64) AppleWebKit/537.36 (KHTML, like Gecko) Chrome/141.0.0.0 Safari/537.36', '2025-10-18 02:15:40.714649', 1);
INSERT INTO `audit_activitylog` (`id`, `action`, `message`, `ip_address`, `user_agent`, `created_at`, `user_id`) VALUES (7, 'update', 'System configuration updated', '127.0.0.1', 'Mozilla/5.0 (Windows NT 10.0; Win64; x64) AppleWebKit/537.36 (KHTML, like Gecko) Chrome/141.0.0.0 Safari/537.36', '2025-10-18 02:21:49.234027', 1);
INSERT INTO `audit_activitylog` (`id`, `action`, `message`, `ip_address`, `user_agent`, `created_at`, `user_id`) VALUES (8, 'create', 'New user account created: jerichourbano.01.01.04@gmail.com with auto-generated password', NULL, '', '2025-10-18 02:27:33.185716', 2);
INSERT INTO `audit_activitylog` (`id`, `action`, `message`, `ip_address`, `user_agent`, `created_at`, `user_id`) VALUES (9, 'create', 'New user registered: jerichourbano.01.01.04@gmail.com with auto-generated password', '127.0.0.1', 'Mozilla/5.0 (Windows NT 10.0; Win64; x64) AppleWebKit/537.36 (KHTML, like Gecko) Chrome/141.0.0.0 Safari/537.36', '2025-10-18 02:27:49.786201', 1);
INSERT INTO `audit_activitylog` (`id`, `action`, `message`, `ip_address`, `user_agent`, `created_at`, `user_id`) VALUES (10, 'update', 'User account updated: jerichourbano.01.01.04@gmail.com', NULL, '', '2025-10-18 02:33:04.784465', 2);
INSERT INTO `audit_activitylog` (`id`, `action`, `message`, `ip_address`, `user_agent`, `created_at`, `user_id`) VALUES (11, 'login_failed', 'Failed login attempt for jerichourbano.01.01.04@gmail.com (attempt #1)', '127.0.0.1', 'Mozilla/5.0 (Windows NT 10.0; Win64; x64) AppleWebKit/537.36 (KHTML, like Gecko) Chrome/141.0.0.0 Safari/537.36', '2025-10-18 02:33:04.788186', 2);
INSERT INTO `audit_activitylog` (`id`, `action`, `message`, `ip_address`, `user_agent`, `created_at`, `user_id`) VALUES (12, 'update', 'User account updated: jerichourbano.01.01.04@gmail.com', NULL, '', '2025-10-18 02:33:04.800466', 2);
INSERT INTO `audit_activitylog` (`id`, `action`, `message`, `ip_address`, `user_agent`, `created_at`, `user_id`) VALUES (13, 'update', 'User account updated: jerichourbano.01.01.04@gmail.com', NULL, '', '2025-10-18 02:33:15.669700', 2);
INSERT INTO `audit_activitylog` (`id`, `action`, `message`, `ip_address`, `user_agent`, `created_at`, `user_id`) VALUES (14, 'update', 'User account updated: jerichourbano.01.01.04@gmail.com', NULL, '', '2025-10-18 02:33:48.195483', 2);
INSERT INTO `audit_activitylog` (`id`, `action`, `message`, `ip_address`, `user_agent`, `created_at`, `user_id`) VALUES (15, 'update', 'First-time password set for jerichourbano.01.01.04@gmail.com', '127.0.0.1', 'Mozilla/5.0 (Windows NT 10.0; Win64; x64) AppleWebKit/537.36 (KHTML, like Gecko) Chrome/141.0.0.0 Safari/537.36', '2025-10-18 02:33:48.199488', 2);
INSERT INTO `audit_activitylog` (`id`, `action`, `message`, `ip_address`, `user_agent`, `created_at`, `user_id`) VALUES (16, 'update', 'User account updated: admin@example.com', NULL, '', '2025-10-18 02:34:06.079425', 1);
INSERT INTO `audit_activitylog` (`id`, `action`, `message`, `ip_address`, `user_agent`, `created_at`, `user_id`) VALUES (17, 'login_failed', 'Failed login attempt for admin@example.com (attempt #1)', '127.0.0.1', 'Mozilla/5.0 (Windows NT 10.0; Win64; x64) AppleWebKit/537.36 (KHTML, like Gecko) Chrome/141.0.0.0 Safari/537.36', '2025-10-18 02:34:06.082975', 1);
INSERT INTO `audit_activitylog` (`id`, `action`, `message`, `ip_address`, `user_agent`, `created_at`, `user_id`) VALUES (18, 'update', 'User account updated: admin@example.com', NULL, '', '2025-10-18 02:34:06.093026', 1);
INSERT INTO `audit_activitylog` (`id`, `action`, `message`, `ip_address`, `user_agent`, `created_at`, `user_id`) VALUES (19, 'update', 'User account updated: admin@example.com', NULL, '', '2025-10-18 02:34:15.321903', 1);
INSERT INTO `audit_activitylog` (`id`, `action`, `message`, `ip_address`, `user_agent`, `created_at`, `user_id`) VALUES (20, 'login_failed', 'Failed login attempt for admin@example.com (attempt #3)', '127.0.0.1', 'Mozilla/5.0 (Windows NT 10.0; Win64; x64) AppleWebKit/537.36 (KHTML, like Gecko) Chrome/141.0.0.0 Safari/537.36', '2025-10-18 02:34:18.327186', 1);
INSERT INTO `audit_activitylog` (`id`, `action`, `message`, `ip_address`, `user_agent`, `created_at`, `user_id`) VALUES (21, 'update', 'User account updated: admin@example.com', NULL, '', '2025-10-18 02:34:18.335083', 1);
INSERT INTO `audit_activitylog` (`id`, `action`, `message`, `ip_address`, `user_agent`, `created_at`, `user_id`) VALUES (22, 'update', 'User account updated: 22101222@slc-sflu.edu.ph', NULL, '', '2025-10-18 02:35:24.307929', 2);
INSERT INTO `audit_activitylog` (`id`, `action`, `message`, `ip_address`, `user_agent`, `created_at`, `user_id`) VALUES (23, 'update', 'User account updated: 22101222@slc-sflu.edu.ph', NULL, '', '2025-10-18 02:35:40.343562', 2);
INSERT INTO `audit_activitylog` (`id`, `action`, `message`, `ip_address`, `user_agent`, `created_at`, `user_id`) VALUES (24, 'update', 'Updated user email from jerichourbano.01.01.04@gmail.com to 22101222@slc-sflu.edu.ph. New password generated and sent.', '127.0.0.1', 'Mozilla/5.0 (Windows NT 10.0; Win64; x64) AppleWebKit/537.36 (KHTML, like Gecko) Chrome/141.0.0.0 Safari/537.36', '2025-10-18 02:36:06.920931', 1);
INSERT INTO `audit_activitylog` (`id`, `action`, `message`, `ip_address`, `user_agent`, `created_at`, `user_id`) VALUES (25, 'update', 'User account updated: 22101222@slc-sflu.edu.ph', NULL, '', '2025-10-18 02:38:56.924260', 2);
INSERT INTO `audit_activitylog` (`id`, `action`, `message`, `ip_address`, `user_agent`, `created_at`, `user_id`) VALUES (26, 'update', 'First-time password set for 22101222@slc-sflu.edu.ph', '127.0.0.1', 'Mozilla/5.0 (Windows NT 10.0; Win64; x64) AppleWebKit/537.36 (KHTML, like Gecko) Chrome/141.0.0.0 Safari/537.36', '2025-10-18 02:38:56.926630', 2);
INSERT INTO `audit_activitylog` (`id`, `action`, `message`, `ip_address`, `user_agent`, `created_at`, `user_id`) VALUES (27, 'create', 'Created establishment: SAINT LOUIS COLLEGE', NULL, '', '2025-10-18 02:49:31.137548', NULL);
INSERT INTO `audit_activitylog` (`id`, `action`, `message`, `ip_address`, `user_agent`, `created_at`, `user_id`) VALUES (28, 'update', 'Updated establishment: SAINT LOUIS COLLEGE', NULL, '', '2025-10-18 02:49:31.213200', 2);
INSERT INTO `audit_activitylog` (`id`, `action`, `message`, `ip_address`, `user_agent`, `created_at`, `user_id`) VALUES (29, 'update', 'User account updated: 22101222@slc-sflu.edu.ph', NULL, '', '2025-10-18 02:58:36.267559', 2);
INSERT INTO `audit_activitylog` (`id`, `action`, `message`, `ip_address`, `user_agent`, `created_at`, `user_id`) VALUES (30, 'update', 'Updated user: 22101222@slc-sflu.edu.ph', '127.0.0.1', 'Mozilla/5.0 (Windows NT 10.0; Win64; x64) AppleWebKit/537.36 (KHTML, like Gecko) Chrome/141.0.0.0 Safari/537.36', '2025-10-18 02:58:36.288940', 1);
INSERT INTO `audit_activitylog` (`id`, `action`, `message`, `ip_address`, `user_agent`, `created_at`, `user_id`) VALUES (31, 'create', 'New user account created: jerichourbano.01.01.04@gmail.com with auto-generated password', NULL, '', '2025-10-18 03:00:19.268416', 3);
INSERT INTO `audit_activitylog` (`id`, `action`, `message`, `ip_address`, `user_agent`, `created_at`, `user_id`) VALUES (32, 'create', 'New user registered: jerichourbano.01.01.04@gmail.com with auto-generated password', '127.0.0.1', 'Mozilla/5.0 (Windows NT 10.0; Win64; x64) AppleWebKit/537.36 (KHTML, like Gecko) Chrome/141.0.0.0 Safari/537.36', '2025-10-18 03:00:39.550925', 1);
INSERT INTO `audit_activitylog` (`id`, `action`, `message`, `ip_address`, `user_agent`, `created_at`, `user_id`) VALUES (33, 'update', 'Updated establishment: SAINT LOUIS COLLEGE', NULL, '', '2025-10-18 03:12:05.952489', NULL);
INSERT INTO `audit_activitylog` (`id`, `action`, `message`, `ip_address`, `user_agent`, `created_at`, `user_id`) VALUES (34, 'update', 'Updated establishment: SAINT LOUIS COLLEGE', NULL, '', '2025-10-18 03:12:06.047821', 2);
INSERT INTO `audit_activitylog` (`id`, `action`, `message`, `ip_address`, `user_agent`, `created_at`, `user_id`) VALUES (35, 'update', 'Updated establishment: SAINT LOUIS COLLEGE', NULL, '', '2025-10-18 03:13:57.264263', 2);
INSERT INTO `audit_activitylog` (`id`, `action`, `message`, `ip_address`, `user_agent`, `created_at`, `user_id`) VALUES (36, 'update', 'User account updated: jerichourbano.01.01.04@gmail.com', NULL, '', '2025-10-18 03:15:26.817021', 3);
INSERT INTO `audit_activitylog` (`id`, `action`, `message`, `ip_address`, `user_agent`, `created_at`, `user_id`) VALUES (37, 'update', 'First-time password set for jerichourbano.01.01.04@gmail.com', '127.0.0.1', 'Mozilla/5.0 (Windows NT 10.0; Win64; x64) AppleWebKit/537.36 (KHTML, like Gecko) Chrome/141.0.0.0 Safari/537.36', '2025-10-18 03:15:26.824161', 3);
INSERT INTO `audit_activitylog` (`id`, `action`, `message`, `ip_address`, `user_agent`, `created_at`, `user_id`) VALUES (38, 'create', 'Inspection EIA-2025-0001 created for establishments: No establishments with law PD-1586', NULL, '', '2025-10-18 03:16:10.185903', 3);
INSERT INTO `audit_activitylog` (`id`, `action`, `message`, `ip_address`, `user_agent`, `created_at`, `user_id`) VALUES (39, 'status_change', 'Inspection EIA-2025-0001 status changed from CREATED to SECTION_ASSIGNED', NULL, '', '2025-10-18 03:16:10.439583', 3);
INSERT INTO `audit_activitylog` (`id`, `action`, `message`, `ip_address`, `user_agent`, `created_at`, `user_id`) VALUES (40, 'status_change', 'Inspection EIA-2025-0001 status changed from SECTION_ASSIGNED to SECTION_IN_PROGRESS', NULL, '', '2025-10-18 04:17:47.700307', 2);
INSERT INTO `audit_activitylog` (`id`, `action`, `message`, `ip_address`, `user_agent`, `created_at`, `user_id`) VALUES (41, 'create', 'Created establishment: COCA-COLA DISTRIBUTION', NULL, '', '2025-10-18 07:28:38.938822', NULL);
INSERT INTO `audit_activitylog` (`id`, `action`, `message`, `ip_address`, `user_agent`, `created_at`, `user_id`) VALUES (42, 'update', 'Updated establishment: COCA-COLA DISTRIBUTION', NULL, '', '2025-10-18 07:28:39.255300', 2);
INSERT INTO `audit_activitylog` (`id`, `action`, `message`, `ip_address`, `user_agent`, `created_at`, `user_id`) VALUES (43, 'update', 'Updated establishment: COCA-COLA DISTRIBUTION', NULL, '', '2025-10-18 07:29:13.098673', 2);
INSERT INTO `audit_activitylog` (`id`, `action`, `message`, `ip_address`, `user_agent`, `created_at`, `user_id`) VALUES (44, 'update', 'User account updated: admin@example.com', NULL, '', '2025-10-18 07:34:05.547458', 1);
INSERT INTO `audit_activitylog` (`id`, `action`, `message`, `ip_address`, `user_agent`, `created_at`, `user_id`) VALUES (45, 'update', 'User account updated: 22101222@slc-sflu.edu.ph', NULL, '', '2025-10-18 07:35:26.626632', 2);
INSERT INTO `audit_activitylog` (`id`, `action`, `message`, `ip_address`, `user_agent`, `created_at`, `user_id`) VALUES (46, 'update', 'Toggled active status for 22101222@slc-sflu.edu.ph → False', '127.0.0.1', 'Mozilla/5.0 (Windows NT 10.0; Win64; x64) AppleWebKit/537.36 (KHTML, like Gecko) Chrome/141.0.0.0 Safari/537.36', '2025-10-18 07:35:26.646255', 1);
INSERT INTO `audit_activitylog` (`id`, `action`, `message`, `ip_address`, `user_agent`, `created_at`, `user_id`) VALUES (47, 'update', 'User account updated: 22101222@slc-sflu.edu.ph', NULL, '', '2025-10-18 07:35:33.602852', 2);
INSERT INTO `audit_activitylog` (`id`, `action`, `message`, `ip_address`, `user_agent`, `created_at`, `user_id`) VALUES (48, 'update', 'Toggled active status for 22101222@slc-sflu.edu.ph → True', '127.0.0.1', 'Mozilla/5.0 (Windows NT 10.0; Win64; x64) AppleWebKit/537.36 (KHTML, like Gecko) Chrome/141.0.0.0 Safari/537.36', '2025-10-18 07:35:33.615547', 1);
INSERT INTO `audit_activitylog` (`id`, `action`, `message`, `ip_address`, `user_agent`, `created_at`, `user_id`) VALUES (49, 'update', 'User account updated: jerichourbano.01.01.04@gmail.com', NULL, '', '2025-10-18 07:56:00.946703', 3);
INSERT INTO `audit_activitylog` (`id`, `action`, `message`, `ip_address`, `user_agent`, `created_at`, `user_id`) VALUES (50, 'update', 'Toggled active status for jerichourbano.01.01.04@gmail.com → False', '127.0.0.1', 'Mozilla/5.0 (Windows NT 10.0; Win64; x64) AppleWebKit/537.36 (KHTML, like Gecko) Chrome/141.0.0.0 Safari/537.36', '2025-10-18 07:56:01.393209', 1);
INSERT INTO `audit_activitylog` (`id`, `action`, `message`, `ip_address`, `user_agent`, `created_at`, `user_id`) VALUES (51, 'update', 'User account updated: jerichourbano.01.01.04@gmail.com', NULL, '', '2025-10-18 07:57:46.891748', 3);
INSERT INTO `audit_activitylog` (`id`, `action`, `message`, `ip_address`, `user_agent`, `created_at`, `user_id`) VALUES (52, 'update', 'Toggled active status for jerichourbano.01.01.04@gmail.com → True', '127.0.0.1', 'Mozilla/5.0 (Windows NT 10.0; Win64; x64) AppleWebKit/537.36 (KHTML, like Gecko) Chrome/141.0.0.0 Safari/537.36', '2025-10-18 07:57:46.900368', 1);
INSERT INTO `audit_activitylog` (`id`, `action`, `message`, `ip_address`, `user_agent`, `created_at`, `user_id`) VALUES (53, 'create', 'New user account created: echo.010104@gmail.com with auto-generated password', NULL, '', '2025-10-18 08:12:01.997213', 4);
INSERT INTO `audit_activitylog` (`id`, `action`, `message`, `ip_address`, `user_agent`, `created_at`, `user_id`) VALUES (54, 'create', 'New user registered: echo.010104@gmail.com with auto-generated password', '127.0.0.1', 'Mozilla/5.0 (Windows NT 10.0; Win64; x64) AppleWebKit/537.36 (KHTML, like Gecko) Chrome/141.0.0.0 Safari/537.36', '2025-10-18 08:12:21.693361', 1);
INSERT INTO `audit_activitylog` (`id`, `action`, `message`, `ip_address`, `user_agent`, `created_at`, `user_id`) VALUES (55, 'update', 'User account updated: jerichourbano.01.01.04@gmail.com', NULL, '', '2025-10-18 08:15:52.997826', 3);
INSERT INTO `audit_activitylog` (`id`, `action`, `message`, `ip_address`, `user_agent`, `created_at`, `user_id`) VALUES (56, 'update', 'User account updated: 22101222@slc-sflu.edu.ph', NULL, '', '2025-10-18 08:16:30.859222', 2);
INSERT INTO `audit_activitylog` (`id`, `action`, `message`, `ip_address`, `user_agent`, `created_at`, `user_id`) VALUES (57, 'login_failed', 'Failed login attempt for 22101222@slc-sflu.edu.ph (attempt #1)', '127.0.0.1', 'Mozilla/5.0 (Windows NT 10.0; Win64; x64) AppleWebKit/537.36 (KHTML, like Gecko) Chrome/141.0.0.0 Safari/537.36', '2025-10-18 08:16:30.863617', 2);
INSERT INTO `audit_activitylog` (`id`, `action`, `message`, `ip_address`, `user_agent`, `created_at`, `user_id`) VALUES (58, 'update', 'User account updated: 22101222@slc-sflu.edu.ph', NULL, '', '2025-10-18 08:16:30.879383', 2);
INSERT INTO `audit_activitylog` (`id`, `action`, `message`, `ip_address`, `user_agent`, `created_at`, `user_id`) VALUES (59, 'update', 'User account updated: 22101222@slc-sflu.edu.ph', NULL, '', '2025-10-18 08:16:41.066775', 2);
INSERT INTO `audit_activitylog` (`id`, `action`, `message`, `ip_address`, `user_agent`, `created_at`, `user_id`) VALUES (60, 'login_failed', 'Failed login attempt for 22101222@slc-sflu.edu.ph (attempt #3)', '127.0.0.1', 'Mozilla/5.0 (Windows NT 10.0; Win64; x64) AppleWebKit/537.36 (KHTML, like Gecko) Chrome/141.0.0.0 Safari/537.36', '2025-10-18 08:17:04.358427', 2);
INSERT INTO `audit_activitylog` (`id`, `action`, `message`, `ip_address`, `user_agent`, `created_at`, `user_id`) VALUES (61, 'update', 'User account updated: 22101222@slc-sflu.edu.ph', NULL, '', '2025-10-18 08:17:04.377063', 2);
INSERT INTO `audit_activitylog` (`id`, `action`, `message`, `ip_address`, `user_agent`, `created_at`, `user_id`) VALUES (62, 'update', 'User account updated: 22101222@slc-sflu.edu.ph', NULL, '', '2025-10-18 08:17:14.519434', 2);
INSERT INTO `audit_activitylog` (`id`, `action`, `message`, `ip_address`, `user_agent`, `created_at`, `user_id`) VALUES (63, 'update', 'User account updated: 22101222@slc-sflu.edu.ph', NULL, '', '2025-10-18 08:17:14.531012', 2);
INSERT INTO `audit_activitylog` (`id`, `action`, `message`, `ip_address`, `user_agent`, `created_at`, `user_id`) VALUES (64, 'update', 'User account updated: echo.010104@gmail.com', NULL, '', '2025-10-18 08:20:05.296578', 4);
INSERT INTO `audit_activitylog` (`id`, `action`, `message`, `ip_address`, `user_agent`, `created_at`, `user_id`) VALUES (65, 'update', 'User account updated: echo.010104@gmail.com', NULL, '', '2025-10-18 08:20:23.485129', 4);
INSERT INTO `audit_activitylog` (`id`, `action`, `message`, `ip_address`, `user_agent`, `created_at`, `user_id`) VALUES (66, 'update', 'First-time password set for echo.010104@gmail.com', '127.0.0.1', 'Mozilla/5.0 (Windows NT 10.0; Win64; x64) AppleWebKit/537.36 (KHTML, like Gecko) Chrome/141.0.0.0 Safari/537.36', '2025-10-18 08:20:23.527703', 4);
INSERT INTO `audit_activitylog` (`id`, `action`, `message`, `ip_address`, `user_agent`, `created_at`, `user_id`) VALUES (67, 'update', 'User account updated: echo.010104@gmail.com', NULL, '', '2025-10-18 08:20:39.016753', 4);
INSERT INTO `audit_activitylog` (`id`, `action`, `message`, `ip_address`, `user_agent`, `created_at`, `user_id`) VALUES (68, 'create', 'Inspection EIA-2025-0002 created for establishments: No establishments with law PD-1586', NULL, '', '2025-10-18 08:20:59.479257', 3);
INSERT INTO `audit_activitylog` (`id`, `action`, `message`, `ip_address`, `user_agent`, `created_at`, `user_id`) VALUES (69, 'status_change', 'Inspection EIA-2025-0002 status changed from CREATED to SECTION_ASSIGNED', NULL, '', '2025-10-18 08:21:01.314711', 3);
INSERT INTO `audit_activitylog` (`id`, `action`, `message`, `ip_address`, `user_agent`, `created_at`, `user_id`) VALUES (70, 'status_change', 'Inspection EIA-2025-0002 status changed from SECTION_ASSIGNED to UNIT_ASSIGNED', NULL, '', '2025-10-18 08:22:04.722123', 2);
INSERT INTO `audit_activitylog` (`id`, `action`, `message`, `ip_address`, `user_agent`, `created_at`, `user_id`) VALUES (71, 'create', 'New user account created: emee46990@gmail.com with auto-generated password', NULL, '', '2025-10-18 08:25:49.228745', 5);
INSERT INTO `audit_activitylog` (`id`, `action`, `message`, `ip_address`, `user_agent`, `created_at`, `user_id`) VALUES (72, 'create', 'New user registered: emee46990@gmail.com with auto-generated password', '127.0.0.1', 'Mozilla/5.0 (Windows NT 10.0; Win64; x64) AppleWebKit/537.36 (KHTML, like Gecko) Chrome/141.0.0.0 Safari/537.36', '2025-10-18 08:25:52.702564', 1);
INSERT INTO `audit_activitylog` (`id`, `action`, `message`, `ip_address`, `user_agent`, `created_at`, `user_id`) VALUES (73, 'update', 'User account updated: emee46990@gmail.com', NULL, '', '2025-10-18 08:29:16.126711', 5);
INSERT INTO `audit_activitylog` (`id`, `action`, `message`, `ip_address`, `user_agent`, `created_at`, `user_id`) VALUES (74, 'update', 'User account updated: emee46990@gmail.com', NULL, '', '2025-10-18 08:29:42.825614', 5);
INSERT INTO `audit_activitylog` (`id`, `action`, `message`, `ip_address`, `user_agent`, `created_at`, `user_id`) VALUES (75, 'update', 'First-time password set for emee46990@gmail.com', '127.0.0.1', 'Mozilla/5.0 (Windows NT 10.0; Win64; x64) AppleWebKit/537.36 (KHTML, like Gecko) Chrome/141.0.0.0 Safari/537.36', '2025-10-18 08:29:42.829370', 5);
INSERT INTO `audit_activitylog` (`id`, `action`, `message`, `ip_address`, `user_agent`, `created_at`, `user_id`) VALUES (76, 'update', 'User account updated: emee46990@gmail.com', NULL, '', '2025-10-18 08:30:00.394937', 5);
INSERT INTO `audit_activitylog` (`id`, `action`, `message`, `ip_address`, `user_agent`, `created_at`, `user_id`) VALUES (77, 'update', 'User account updated: emee46990@gmail.com', NULL, '', '2025-10-18 08:34:10.810712', 5);
INSERT INTO `audit_activitylog` (`id`, `action`, `message`, `ip_address`, `user_agent`, `created_at`, `user_id`) VALUES (78, 'update', 'Assigned district La Union - 1st District to emee46990@gmail.com', '127.0.0.1', 'Mozilla/5.0 (Linux; Android 6.0; Nexus 5 Build/MRA58N) AppleWebKit/537.36 (KHTML, like Gecko) Chrome/141.0.0.0 Mobile Safari/537.36', '2025-10-18 08:34:10.813503', 4);
INSERT INTO `audit_activitylog` (`id`, `action`, `message`, `ip_address`, `user_agent`, `created_at`, `user_id`) VALUES (79, 'status_change', 'Inspection EIA-2025-0002 status changed from UNIT_ASSIGNED to MONITORING_ASSIGNED', NULL, '', '2025-10-18 08:42:05.386872', 4);
INSERT INTO `audit_activitylog` (`id`, `action`, `message`, `ip_address`, `user_agent`, `created_at`, `user_id`) VALUES (80, 'update', 'User account updated: admin@example.com', NULL, '', '2025-10-19 14:27:53.491716', 1);
INSERT INTO `audit_activitylog` (`id`, `action`, `message`, `ip_address`, `user_agent`, `created_at`, `user_id`) VALUES (81, 'update', 'User account updated: jerichourbano.01.01.04@gmail.com', NULL, '', '2025-10-19 14:59:30.436339', 3);
INSERT INTO `audit_activitylog` (`id`, `action`, `message`, `ip_address`, `user_agent`, `created_at`, `user_id`) VALUES (82, 'update', 'User account updated: 22101222@slc-sflu.edu.ph', NULL, '', '2025-10-19 15:00:22.479440', 2);
INSERT INTO `audit_activitylog` (`id`, `action`, `message`, `ip_address`, `user_agent`, `created_at`, `user_id`) VALUES (83, 'login_failed', 'Failed login attempt for 22101222@slc-sflu.edu.ph (attempt #1)', '127.0.0.1', 'Mozilla/5.0 (Windows NT 10.0; Win64; x64) AppleWebKit/537.36 (KHTML, like Gecko) Chrome/141.0.0.0 Safari/537.36', '2025-10-19 15:00:22.487765', 2);
INSERT INTO `audit_activitylog` (`id`, `action`, `message`, `ip_address`, `user_agent`, `created_at`, `user_id`) VALUES (84, 'update', 'User account updated: 22101222@slc-sflu.edu.ph', NULL, '', '2025-10-19 15:00:22.509445', 2);
INSERT INTO `audit_activitylog` (`id`, `action`, `message`, `ip_address`, `user_agent`, `created_at`, `user_id`) VALUES (85, 'update', 'User account updated: 22101222@slc-sflu.edu.ph', NULL, '', '2025-10-19 15:00:33.214284', 2);
INSERT INTO `audit_activitylog` (`id`, `action`, `message`, `ip_address`, `user_agent`, `created_at`, `user_id`) VALUES (86, 'update', 'User account updated: 22101222@slc-sflu.edu.ph', NULL, '', '2025-10-19 15:00:33.226069', 2);
INSERT INTO `audit_activitylog` (`id`, `action`, `message`, `ip_address`, `user_agent`, `created_at`, `user_id`) VALUES (87, 'status_change', 'Inspection EIA-2025-0001 status changed from SECTION_IN_PROGRESS to SECTION_IN_PROGRESS', NULL, '', '2025-10-19 15:01:57.588797', 2);
INSERT INTO `audit_activitylog` (`id`, `action`, `message`, `ip_address`, `user_agent`, `created_at`, `user_id`) VALUES (88, 'status_change', 'Inspection EIA-2025-0001 status changed from SECTION_IN_PROGRESS to SECTION_IN_PROGRESS', NULL, '', '2025-10-19 16:01:14.741161', 2);
INSERT INTO `audit_activitylog` (`id`, `action`, `message`, `ip_address`, `user_agent`, `created_at`, `user_id`) VALUES (89, 'update', 'User account updated: 22101222@slc-sflu.edu.ph', NULL, '', '2025-10-19 17:00:39.528703', 2);
INSERT INTO `audit_activitylog` (`id`, `action`, `message`, `ip_address`, `user_agent`, `created_at`, `user_id`) VALUES (90, 'update', 'User account updated: 22101222@slc-sflu.edu.ph', NULL, '', '2025-10-19 17:56:59.968008', 2);
INSERT INTO `audit_activitylog` (`id`, `action`, `message`, `ip_address`, `user_agent`, `created_at`, `user_id`) VALUES (91, 'update', 'User account updated: admin@example.com', NULL, '', '2025-10-19 18:26:32.347437', 1);
INSERT INTO `audit_activitylog` (`id`, `action`, `message`, `ip_address`, `user_agent`, `created_at`, `user_id`) VALUES (92, 'status_change', 'Inspection EIA-2025-0001 status changed from SECTION_IN_PROGRESS to SECTION_IN_PROGRESS', NULL, '', '2025-10-19 19:17:55.562028', 2);
INSERT INTO `audit_activitylog` (`id`, `action`, `message`, `ip_address`, `user_agent`, `created_at`, `user_id`) VALUES (93, 'status_change', 'Inspection EIA-2025-0001 status changed from SECTION_IN_PROGRESS to SECTION_IN_PROGRESS', NULL, '', '2025-10-19 19:18:53.227910', 2);
INSERT INTO `audit_activitylog` (`id`, `action`, `message`, `ip_address`, `user_agent`, `created_at`, `user_id`) VALUES (94, 'status_change', 'Inspection EIA-2025-0001 status changed from SECTION_IN_PROGRESS to SECTION_IN_PROGRESS', NULL, '', '2025-10-19 19:18:55.315538', 2);
INSERT INTO `audit_activitylog` (`id`, `action`, `message`, `ip_address`, `user_agent`, `created_at`, `user_id`) VALUES (95, 'status_change', 'Inspection EIA-2025-0001 status changed from SECTION_IN_PROGRESS to SECTION_IN_PROGRESS', NULL, '', '2025-10-19 19:31:31.059487', 2);
INSERT INTO `audit_activitylog` (`id`, `action`, `message`, `ip_address`, `user_agent`, `created_at`, `user_id`) VALUES (96, 'status_change', 'Inspection EIA-2025-0001 status changed from SECTION_IN_PROGRESS to SECTION_IN_PROGRESS', NULL, '', '2025-10-19 19:36:04.843147', 2);
INSERT INTO `audit_activitylog` (`id`, `action`, `message`, `ip_address`, `user_agent`, `created_at`, `user_id`) VALUES (97, 'update', 'User account updated: 22101222@slc-sflu.edu.ph', NULL, '', '2025-10-19 20:10:38.630119', 2);
INSERT INTO `audit_activitylog` (`id`, `action`, `message`, `ip_address`, `user_agent`, `created_at`, `user_id`) VALUES (98, 'status_change', 'Inspection EIA-2025-0001 status changed from SECTION_IN_PROGRESS to SECTION_COMPLETED_NON_COMPLIANT', NULL, '', '2025-10-19 20:48:28.881185', 2);
INSERT INTO `audit_activitylog` (`id`, `action`, `message`, `ip_address`, `user_agent`, `created_at`, `user_id`) VALUES (99, 'status_change', 'Inspection EIA-2025-0001 status changed from SECTION_COMPLETED_NON_COMPLIANT to SECTION_COMPLETED_NON_COMPLIANT', NULL, '', '2025-10-19 20:48:28.899653', 2);
INSERT INTO `audit_activitylog` (`id`, `action`, `message`, `ip_address`, `user_agent`, `created_at`, `user_id`) VALUES (100, 'update', 'User account updated: jerichourbano.01.01.04@gmail.com', NULL, '', '2025-10-19 20:49:04.354389', 3);
INSERT INTO `audit_activitylog` (`id`, `action`, `message`, `ip_address`, `user_agent`, `created_at`, `user_id`) VALUES (101, 'update', 'User account updated: admin@example.com', NULL, '', '2025-10-19 20:50:39.372346', 1);
INSERT INTO `audit_activitylog` (`id`, `action`, `message`, `ip_address`, `user_agent`, `created_at`, `user_id`) VALUES (102, 'update', 'User account updated: emee46990@gmail.com', NULL, '', '2025-10-19 21:13:38.040561', 5);
INSERT INTO `audit_activitylog` (`id`, `action`, `message`, `ip_address`, `user_agent`, `created_at`, `user_id`) VALUES (103, 'update', 'Assigned district  to emee46990@gmail.com', '127.0.0.1', 'Mozilla/5.0 (Windows NT 10.0; Win64; x64) AppleWebKit/537.36 (KHTML, like Gecko) Chrome/141.0.0.0 Safari/537.36', '2025-10-19 21:13:38.045559', 1);
INSERT INTO `audit_activitylog` (`id`, `action`, `message`, `ip_address`, `user_agent`, `created_at`, `user_id`) VALUES (104, 'update', 'User account updated: 22101222@slc-sflu.edu.ph', NULL, '', '2025-10-19 21:47:38.154454', 2);
INSERT INTO `audit_activitylog` (`id`, `action`, `message`, `ip_address`, `user_agent`, `created_at`, `user_id`) VALUES (105, 'update', 'User account updated: admin@example.com', NULL, '', '2025-10-20 03:04:48.011844', 1);
INSERT INTO `audit_activitylog` (`id`, `action`, `message`, `ip_address`, `user_agent`, `created_at`, `user_id`) VALUES (106, 'update', 'User account updated: admin@example.com', NULL, '', '2025-10-20 04:37:51.117135', 1);
INSERT INTO `audit_activitylog` (`id`, `action`, `message`, `ip_address`, `user_agent`, `created_at`, `user_id`) VALUES (107, 'update', 'User account updated: jerichourbano.01.01.04@gmail.com', NULL, '', '2025-10-20 04:45:39.861237', 3);
INSERT INTO `audit_activitylog` (`id`, `action`, `message`, `ip_address`, `user_agent`, `created_at`, `user_id`) VALUES (108, 'update', 'User account updated: echo.010104@gmail.com', NULL, '', '2025-10-20 04:47:18.812922', 4);
INSERT INTO `audit_activitylog` (`id`, `action`, `message`, `ip_address`, `user_agent`, `created_at`, `user_id`) VALUES (109, 'update', 'User account updated: emee46990@gmail.com', NULL, '', '2025-10-20 04:50:44.624572', 5);
INSERT INTO `audit_activitylog` (`id`, `action`, `message`, `ip_address`, `user_agent`, `created_at`, `user_id`) VALUES (110, 'status_change', 'Inspection EIA-2025-0002 status changed from MONITORING_ASSIGNED to MONITORING_IN_PROGRESS', NULL, '', '2025-10-20 04:51:07.777215', 5);
INSERT INTO `audit_activitylog` (`id`, `action`, `message`, `ip_address`, `user_agent`, `created_at`, `user_id`) VALUES (111, 'update', 'User account updated: admin@example.com', NULL, '', '2025-10-20 07:11:15.331397', 1);
INSERT INTO `audit_activitylog` (`id`, `action`, `message`, `ip_address`, `user_agent`, `created_at`, `user_id`) VALUES (112, 'status_change', 'Inspection EIA-2025-0002 status changed from MONITORING_IN_PROGRESS to MONITORING_COMPLETED_COMPLIANT', NULL, '', '2025-10-20 07:51:37.273020', 5);
INSERT INTO `audit_activitylog` (`id`, `action`, `message`, `ip_address`, `user_agent`, `created_at`, `user_id`) VALUES (113, 'status_change', 'Inspection EIA-2025-0002 status changed from MONITORING_COMPLETED_COMPLIANT to MONITORING_COMPLETED_COMPLIANT', NULL, '', '2025-10-20 07:51:37.287504', 5);
INSERT INTO `audit_activitylog` (`id`, `action`, `message`, `ip_address`, `user_agent`, `created_at`, `user_id`) VALUES (114, 'update', 'User account updated: echo.010104@gmail.com', NULL, '', '2025-10-20 07:52:09.526826', 4);
INSERT INTO `audit_activitylog` (`id`, `action`, `message`, `ip_address`, `user_agent`, `created_at`, `user_id`) VALUES (115, 'update', 'System configuration updated', '127.0.0.1', 'Mozilla/5.0 (Windows NT 10.0; Win64; x64) AppleWebKit/537.36 (KHTML, like Gecko) Chrome/141.0.0.0 Safari/537.36', '2025-10-20 07:52:58.726029', 1);
INSERT INTO `audit_activitylog` (`id`, `action`, `message`, `ip_address`, `user_agent`, `created_at`, `user_id`) VALUES (116, 'update', 'System configuration updated', '127.0.0.1', 'Mozilla/5.0 (Windows NT 10.0; Win64; x64) AppleWebKit/537.36 (KHTML, like Gecko) Chrome/141.0.0.0 Safari/537.36', '2025-10-20 07:53:10.980350', 1);
INSERT INTO `audit_activitylog` (`id`, `action`, `message`, `ip_address`, `user_agent`, `created_at`, `user_id`) VALUES (117, 'status_change', 'Inspection EIA-2025-0002 status changed from MONITORING_COMPLETED_COMPLIANT to UNIT_REVIEWED', NULL, '', '2025-10-20 07:56:35.258176', 4);
INSERT INTO `audit_activitylog` (`id`, `action`, `message`, `ip_address`, `user_agent`, `created_at`, `user_id`) VALUES (118, 'update', 'User account updated: jerichourbano.01.01.04@gmail.com', NULL, '', '2025-10-20 08:53:21.617092', 3);
INSERT INTO `audit_activitylog` (`id`, `action`, `message`, `ip_address`, `user_agent`, `created_at`, `user_id`) VALUES (119, 'create', 'Created establishment: SREEEEE', NULL, '', '2025-10-20 08:54:47.132171', NULL);
INSERT INTO `audit_activitylog` (`id`, `action`, `message`, `ip_address`, `user_agent`, `created_at`, `user_id`) VALUES (120, 'update', 'Updated establishment: SREEEEE', NULL, '', '2025-10-20 08:54:47.164302', 3);
INSERT INTO `audit_activitylog` (`id`, `action`, `message`, `ip_address`, `user_agent`, `created_at`, `user_id`) VALUES (121, 'update', 'Updated establishment: SREEEEE', NULL, '', '2025-10-20 08:55:37.566718', 3);
INSERT INTO `audit_activitylog` (`id`, `action`, `message`, `ip_address`, `user_agent`, `created_at`, `user_id`) VALUES (122, 'create', 'Inspection EIA-2025-0003 created for establishments: No establishments with law PD-1586', NULL, '', '2025-10-20 08:56:18.162592', 3);
INSERT INTO `audit_activitylog` (`id`, `action`, `message`, `ip_address`, `user_agent`, `created_at`, `user_id`) VALUES (123, 'status_change', 'Inspection EIA-2025-0003 status changed from CREATED to SECTION_ASSIGNED', NULL, '', '2025-10-20 08:56:18.421288', 3);
INSERT INTO `audit_activitylog` (`id`, `action`, `message`, `ip_address`, `user_agent`, `created_at`, `user_id`) VALUES (124, 'update', 'User account updated: 22101222@slc-sflu.edu.ph', NULL, '', '2025-10-20 08:57:34.893971', 2);
INSERT INTO `audit_activitylog` (`id`, `action`, `message`, `ip_address`, `user_agent`, `created_at`, `user_id`) VALUES (125, 'status_change', 'Inspection EIA-2025-0003 status changed from SECTION_ASSIGNED to UNIT_ASSIGNED', NULL, '', '2025-10-20 08:58:00.616828', 2);
INSERT INTO `audit_activitylog` (`id`, `action`, `message`, `ip_address`, `user_agent`, `created_at`, `user_id`) VALUES (126, 'update', 'User account updated: echo.010104@gmail.com', NULL, '', '2025-10-20 08:58:41.874502', 4);
INSERT INTO `audit_activitylog` (`id`, `action`, `message`, `ip_address`, `user_agent`, `created_at`, `user_id`) VALUES (127, 'update', 'User account updated: emee46990@gmail.com', NULL, '', '2025-10-20 08:58:58.784919', 5);
INSERT INTO `audit_activitylog` (`id`, `action`, `message`, `ip_address`, `user_agent`, `created_at`, `user_id`) VALUES (128, 'status_change', 'Inspection EIA-2025-0003 status changed from UNIT_ASSIGNED to MONITORING_ASSIGNED', NULL, '', '2025-10-20 08:59:19.183773', 4);
INSERT INTO `audit_activitylog` (`id`, `action`, `message`, `ip_address`, `user_agent`, `created_at`, `user_id`) VALUES (129, 'status_change', 'Inspection EIA-2025-0003 status changed from MONITORING_ASSIGNED to MONITORING_IN_PROGRESS', NULL, '', '2025-10-20 08:59:50.478165', 5);
INSERT INTO `audit_activitylog` (`id`, `action`, `message`, `ip_address`, `user_agent`, `created_at`, `user_id`) VALUES (130, 'status_change', 'Inspection EIA-2025-0003 status changed from MONITORING_IN_PROGRESS to MONITORING_COMPLETED_NON_COMPLIANT', NULL, '', '2025-10-20 09:03:15.499066', 5);
INSERT INTO `audit_activitylog` (`id`, `action`, `message`, `ip_address`, `user_agent`, `created_at`, `user_id`) VALUES (131, 'status_change', 'Inspection EIA-2025-0003 status changed from MONITORING_COMPLETED_NON_COMPLIANT to MONITORING_COMPLETED_NON_COMPLIANT', NULL, '', '2025-10-20 09:03:15.528858', 5);
INSERT INTO `audit_activitylog` (`id`, `action`, `message`, `ip_address`, `user_agent`, `created_at`, `user_id`) VALUES (132, 'update', 'User account updated: 22101222@slc-sflu.edu.ph', NULL, '', '2025-10-20 09:27:33.099237', 2);
INSERT INTO `audit_activitylog` (`id`, `action`, `message`, `ip_address`, `user_agent`, `created_at`, `user_id`) VALUES (133, 'login_failed', 'Failed login attempt for 22101222@slc-sflu.edu.ph (attempt #1)', '127.0.0.1', 'Mozilla/5.0 (Windows NT 10.0; Win64; x64) AppleWebKit/537.36 (KHTML, like Gecko) Chrome/141.0.0.0 Safari/537.36', '2025-10-20 09:27:33.103074', 2);
INSERT INTO `audit_activitylog` (`id`, `action`, `message`, `ip_address`, `user_agent`, `created_at`, `user_id`) VALUES (134, 'update', 'User account updated: 22101222@slc-sflu.edu.ph', NULL, '', '2025-10-20 09:27:33.110433', 2);
INSERT INTO `audit_activitylog` (`id`, `action`, `message`, `ip_address`, `user_agent`, `created_at`, `user_id`) VALUES (135, 'update', 'User account updated: 22101222@slc-sflu.edu.ph', NULL, '', '2025-10-20 09:29:06.317466', 2);
INSERT INTO `audit_activitylog` (`id`, `action`, `message`, `ip_address`, `user_agent`, `created_at`, `user_id`) VALUES (136, 'login_failed', 'Failed login attempt for 22101222@slc-sflu.edu.ph (attempt #3)', '127.0.0.1', 'Mozilla/5.0 (Windows NT 10.0; Win64; x64) AppleWebKit/537.36 (KHTML, like Gecko) Chrome/141.0.0.0 Safari/537.36', '2025-10-20 09:29:15.529622', 2);
INSERT INTO `audit_activitylog` (`id`, `action`, `message`, `ip_address`, `user_agent`, `created_at`, `user_id`) VALUES (137, 'update', 'User account updated: 22101222@slc-sflu.edu.ph', NULL, '', '2025-10-20 09:29:15.537536', 2);
INSERT INTO `audit_activitylog` (`id`, `action`, `message`, `ip_address`, `user_agent`, `created_at`, `user_id`) VALUES (138, 'update', 'User account updated: echo.010104@gmail.com', NULL, '', '2025-10-20 10:49:55.003455', 4);
INSERT INTO `audit_activitylog` (`id`, `action`, `message`, `ip_address`, `user_agent`, `created_at`, `user_id`) VALUES (139, 'login_failed', 'Failed login attempt for echo.010104@gmail.com (attempt #1)', '127.0.0.1', 'Mozilla/5.0 (Windows NT 10.0; Win64; x64) AppleWebKit/537.36 (KHTML, like Gecko) Chrome/141.0.0.0 Safari/537.36', '2025-10-20 10:49:55.009198', 4);
INSERT INTO `audit_activitylog` (`id`, `action`, `message`, `ip_address`, `user_agent`, `created_at`, `user_id`) VALUES (140, 'update', 'User account updated: echo.010104@gmail.com', NULL, '', '2025-10-20 10:49:55.018280', 4);
INSERT INTO `audit_activitylog` (`id`, `action`, `message`, `ip_address`, `user_agent`, `created_at`, `user_id`) VALUES (141, 'update', 'User account updated: echo.010104@gmail.com', NULL, '', '2025-10-20 10:50:05.752623', 4);
INSERT INTO `audit_activitylog` (`id`, `action`, `message`, `ip_address`, `user_agent`, `created_at`, `user_id`) VALUES (142, 'update', 'User account updated: echo.010104@gmail.com', NULL, '', '2025-10-20 10:50:05.758011', 4);
INSERT INTO `audit_activitylog` (`id`, `action`, `message`, `ip_address`, `user_agent`, `created_at`, `user_id`) VALUES (143, 'status_change', 'Inspection EIA-2025-0003 status changed from MONITORING_COMPLETED_NON_COMPLIANT to UNIT_REVIEWED', NULL, '', '2025-10-20 10:50:19.105215', 4);
INSERT INTO `audit_activitylog` (`id`, `action`, `message`, `ip_address`, `user_agent`, `created_at`, `user_id`) VALUES (144, 'update', 'User account updated: 22101222@slc-sflu.edu.ph', NULL, '', '2025-10-20 10:53:59.698309', 2);
INSERT INTO `audit_activitylog` (`id`, `action`, `message`, `ip_address`, `user_agent`, `created_at`, `user_id`) VALUES (145, 'update', 'User account updated: 22101222@slc-sflu.edu.ph', NULL, '', '2025-10-20 10:53:59.708535', 2);
INSERT INTO `audit_activitylog` (`id`, `action`, `message`, `ip_address`, `user_agent`, `created_at`, `user_id`) VALUES (146, 'status_change', 'Inspection EIA-2025-0003 status changed from UNIT_REVIEWED to SECTION_REVIEWED', NULL, '', '2025-10-20 11:10:57.646696', 2);
INSERT INTO `audit_activitylog` (`id`, `action`, `message`, `ip_address`, `user_agent`, `created_at`, `user_id`) VALUES (147, 'status_change', 'Inspection EIA-2025-0002 status changed from UNIT_REVIEWED to SECTION_REVIEWED', NULL, '', '2025-10-20 11:19:20.019229', 2);
INSERT INTO `audit_activitylog` (`id`, `action`, `message`, `ip_address`, `user_agent`, `created_at`, `user_id`) VALUES (148, 'update', 'User account updated: jerichourbano.01.01.04@gmail.com', NULL, '', '2025-10-20 11:19:45.103188', 3);
INSERT INTO `audit_activitylog` (`id`, `action`, `message`, `ip_address`, `user_agent`, `created_at`, `user_id`) VALUES (149, 'update', 'User account updated: admin@example.com', NULL, '', '2025-10-20 12:36:01.091377', 1);
INSERT INTO `audit_activitylog` (`id`, `action`, `message`, `ip_address`, `user_agent`, `created_at`, `user_id`) VALUES (150, 'create', 'New user account created: 22100949@slc-sflu.edu.ph with auto-generated password', NULL, '', '2025-10-20 12:38:45.106521', 6);
INSERT INTO `audit_activitylog` (`id`, `action`, `message`, `ip_address`, `user_agent`, `created_at`, `user_id`) VALUES (151, 'create', 'New user registered: 22100949@slc-sflu.edu.ph with auto-generated password', '127.0.0.1', 'Mozilla/5.0 (Windows NT 10.0; Win64; x64) AppleWebKit/537.36 (KHTML, like Gecko) Chrome/141.0.0.0 Safari/537.36', '2025-10-20 12:39:05.782189', 1);
INSERT INTO `audit_activitylog` (`id`, `action`, `message`, `ip_address`, `user_agent`, `created_at`, `user_id`) VALUES (152, 'create', 'New user account created: harryzabate@gmail.com with auto-generated password', NULL, '', '2025-10-20 12:44:14.746147', 7);
INSERT INTO `audit_activitylog` (`id`, `action`, `message`, `ip_address`, `user_agent`, `created_at`, `user_id`) VALUES (153, 'create', 'New user registered: harryzabate@gmail.com with auto-generated password', '127.0.0.1', 'Mozilla/5.0 (Windows NT 10.0; Win64; x64) AppleWebKit/537.36 (KHTML, like Gecko) Chrome/141.0.0.0 Safari/537.36', '2025-10-20 12:44:17.788662', 1);
INSERT INTO `audit_activitylog` (`id`, `action`, `message`, `ip_address`, `user_agent`, `created_at`, `user_id`) VALUES (154, 'update', 'User account updated: harryzabate@gmail.com', NULL, '', '2025-10-20 12:46:04.149794', 7);
INSERT INTO `audit_activitylog` (`id`, `action`, `message`, `ip_address`, `user_agent`, `created_at`, `user_id`) VALUES (155, 'update', 'User account updated: harryzabate@gmail.com', NULL, '', '2025-10-20 12:46:44.858534', 7);
INSERT INTO `audit_activitylog` (`id`, `action`, `message`, `ip_address`, `user_agent`, `created_at`, `user_id`) VALUES (156, 'update', 'First-time password set for harryzabate@gmail.com', '127.0.0.1', 'Mozilla/5.0 (Windows NT 10.0; Win64; x64) AppleWebKit/537.36 (KHTML, like Gecko) Chrome/141.0.0.0 Safari/537.36', '2025-10-20 12:46:44.865356', 7);
INSERT INTO `audit_activitylog` (`id`, `action`, `message`, `ip_address`, `user_agent`, `created_at`, `user_id`) VALUES (157, 'update', 'User account updated: 22100949@slc-sflu.edu.ph', NULL, '', '2025-10-20 12:46:53.876731', 6);
INSERT INTO `audit_activitylog` (`id`, `action`, `message`, `ip_address`, `user_agent`, `created_at`, `user_id`) VALUES (158, 'update', 'Toggled active status for 22100949@slc-sflu.edu.ph → False', '127.0.0.1', 'Mozilla/5.0 (Windows NT 10.0; Win64; x64) AppleWebKit/537.36 (KHTML, like Gecko) Chrome/141.0.0.0 Safari/537.36', '2025-10-20 12:46:53.887969', 1);

--
-- Table structure for table `auth_group`
--
DROP TABLE IF EXISTS `auth_group`;
CREATE TABLE `auth_group` (
  `id` int(11) NOT NULL AUTO_INCREMENT,
  `name` varchar(150) NOT NULL,
  PRIMARY KEY (`id`),
  UNIQUE KEY `name` (`name`)
) ENGINE=InnoDB DEFAULT CHARSET=utf8mb4 COLLATE=utf8mb4_general_ci;

--
-- Dumping data for table `auth_group`
--

--
-- Table structure for table `auth_group_permissions`
--
DROP TABLE IF EXISTS `auth_group_permissions`;
CREATE TABLE `auth_group_permissions` (
  `id` bigint(20) NOT NULL AUTO_INCREMENT,
  `group_id` int(11) NOT NULL,
  `permission_id` int(11) NOT NULL,
  PRIMARY KEY (`id`),
  UNIQUE KEY `auth_group_permissions_group_id_permission_id_0cd325b0_uniq` (`group_id`,`permission_id`),
  KEY `auth_group_permissio_permission_id_84c5c92e_fk_auth_perm` (`permission_id`),
  CONSTRAINT `auth_group_permissio_permission_id_84c5c92e_fk_auth_perm` FOREIGN KEY (`permission_id`) REFERENCES `auth_permission` (`id`),
  CONSTRAINT `auth_group_permissions_group_id_b120cbf9_fk_auth_group_id` FOREIGN KEY (`group_id`) REFERENCES `auth_group` (`id`)
) ENGINE=InnoDB DEFAULT CHARSET=utf8mb4 COLLATE=utf8mb4_general_ci;

--
-- Dumping data for table `auth_group_permissions`
--

--
-- Table structure for table `auth_permission`
--
DROP TABLE IF EXISTS `auth_permission`;
CREATE TABLE `auth_permission` (
  `id` int(11) NOT NULL AUTO_INCREMENT,
  `name` varchar(255) NOT NULL,
  `content_type_id` int(11) NOT NULL,
  `codename` varchar(100) NOT NULL,
  PRIMARY KEY (`id`),
  UNIQUE KEY `auth_permission_content_type_id_codename_01ab375a_uniq` (`content_type_id`,`codename`),
  CONSTRAINT `auth_permission_content_type_id_2f476e4b_fk_django_co` FOREIGN KEY (`content_type_id`) REFERENCES `django_content_type` (`id`)
) ENGINE=InnoDB AUTO_INCREMENT=77 DEFAULT CHARSET=utf8mb4 COLLATE=utf8mb4_general_ci;

--
-- Dumping data for table `auth_permission`
--
INSERT INTO `auth_permission` (`id`, `name`, `content_type_id`, `codename`) VALUES (1, 'Can add log entry', 1, 'add_logentry');
INSERT INTO `auth_permission` (`id`, `name`, `content_type_id`, `codename`) VALUES (2, 'Can change log entry', 1, 'change_logentry');
INSERT INTO `auth_permission` (`id`, `name`, `content_type_id`, `codename`) VALUES (3, 'Can delete log entry', 1, 'delete_logentry');
INSERT INTO `auth_permission` (`id`, `name`, `content_type_id`, `codename`) VALUES (4, 'Can view log entry', 1, 'view_logentry');
INSERT INTO `auth_permission` (`id`, `name`, `content_type_id`, `codename`) VALUES (5, 'Can add permission', 2, 'add_permission');
INSERT INTO `auth_permission` (`id`, `name`, `content_type_id`, `codename`) VALUES (6, 'Can change permission', 2, 'change_permission');
INSERT INTO `auth_permission` (`id`, `name`, `content_type_id`, `codename`) VALUES (7, 'Can delete permission', 2, 'delete_permission');
INSERT INTO `auth_permission` (`id`, `name`, `content_type_id`, `codename`) VALUES (8, 'Can view permission', 2, 'view_permission');
INSERT INTO `auth_permission` (`id`, `name`, `content_type_id`, `codename`) VALUES (9, 'Can add group', 3, 'add_group');
INSERT INTO `auth_permission` (`id`, `name`, `content_type_id`, `codename`) VALUES (10, 'Can change group', 3, 'change_group');
INSERT INTO `auth_permission` (`id`, `name`, `content_type_id`, `codename`) VALUES (11, 'Can delete group', 3, 'delete_group');
INSERT INTO `auth_permission` (`id`, `name`, `content_type_id`, `codename`) VALUES (12, 'Can view group', 3, 'view_group');
INSERT INTO `auth_permission` (`id`, `name`, `content_type_id`, `codename`) VALUES (13, 'Can add content type', 4, 'add_contenttype');
INSERT INTO `auth_permission` (`id`, `name`, `content_type_id`, `codename`) VALUES (14, 'Can change content type', 4, 'change_contenttype');
INSERT INTO `auth_permission` (`id`, `name`, `content_type_id`, `codename`) VALUES (15, 'Can delete content type', 4, 'delete_contenttype');
INSERT INTO `auth_permission` (`id`, `name`, `content_type_id`, `codename`) VALUES (16, 'Can view content type', 4, 'view_contenttype');
INSERT INTO `auth_permission` (`id`, `name`, `content_type_id`, `codename`) VALUES (17, 'Can add session', 5, 'add_session');
INSERT INTO `auth_permission` (`id`, `name`, `content_type_id`, `codename`) VALUES (18, 'Can change session', 5, 'change_session');
INSERT INTO `auth_permission` (`id`, `name`, `content_type_id`, `codename`) VALUES (19, 'Can delete session', 5, 'delete_session');
INSERT INTO `auth_permission` (`id`, `name`, `content_type_id`, `codename`) VALUES (20, 'Can view session', 5, 'view_session');
INSERT INTO `auth_permission` (`id`, `name`, `content_type_id`, `codename`) VALUES (21, 'Can add Blacklisted Token', 6, 'add_blacklistedtoken');
INSERT INTO `auth_permission` (`id`, `name`, `content_type_id`, `codename`) VALUES (22, 'Can change Blacklisted Token', 6, 'change_blacklistedtoken');
INSERT INTO `auth_permission` (`id`, `name`, `content_type_id`, `codename`) VALUES (23, 'Can delete Blacklisted Token', 6, 'delete_blacklistedtoken');
INSERT INTO `auth_permission` (`id`, `name`, `content_type_id`, `codename`) VALUES (24, 'Can view Blacklisted Token', 6, 'view_blacklistedtoken');
INSERT INTO `auth_permission` (`id`, `name`, `content_type_id`, `codename`) VALUES (25, 'Can add Outstanding Token', 7, 'add_outstandingtoken');
INSERT INTO `auth_permission` (`id`, `name`, `content_type_id`, `codename`) VALUES (26, 'Can change Outstanding Token', 7, 'change_outstandingtoken');
INSERT INTO `auth_permission` (`id`, `name`, `content_type_id`, `codename`) VALUES (27, 'Can delete Outstanding Token', 7, 'delete_outstandingtoken');
INSERT INTO `auth_permission` (`id`, `name`, `content_type_id`, `codename`) VALUES (28, 'Can view Outstanding Token', 7, 'view_outstandingtoken');
INSERT INTO `auth_permission` (`id`, `name`, `content_type_id`, `codename`) VALUES (29, 'Can add user', 8, 'add_user');
INSERT INTO `auth_permission` (`id`, `name`, `content_type_id`, `codename`) VALUES (30, 'Can change user', 8, 'change_user');
INSERT INTO `auth_permission` (`id`, `name`, `content_type_id`, `codename`) VALUES (31, 'Can delete user', 8, 'delete_user');
INSERT INTO `auth_permission` (`id`, `name`, `content_type_id`, `codename`) VALUES (32, 'Can view user', 8, 'view_user');
INSERT INTO `auth_permission` (`id`, `name`, `content_type_id`, `codename`) VALUES (33, 'Can add establishment', 9, 'add_establishment');
INSERT INTO `auth_permission` (`id`, `name`, `content_type_id`, `codename`) VALUES (34, 'Can change establishment', 9, 'change_establishment');
INSERT INTO `auth_permission` (`id`, `name`, `content_type_id`, `codename`) VALUES (35, 'Can delete establishment', 9, 'delete_establishment');
INSERT INTO `auth_permission` (`id`, `name`, `content_type_id`, `codename`) VALUES (36, 'Can view establishment', 9, 'view_establishment');
INSERT INTO `auth_permission` (`id`, `name`, `content_type_id`, `codename`) VALUES (37, 'Can add notification', 10, 'add_notification');
INSERT INTO `auth_permission` (`id`, `name`, `content_type_id`, `codename`) VALUES (38, 'Can change notification', 10, 'change_notification');
INSERT INTO `auth_permission` (`id`, `name`, `content_type_id`, `codename`) VALUES (39, 'Can delete notification', 10, 'delete_notification');
INSERT INTO `auth_permission` (`id`, `name`, `content_type_id`, `codename`) VALUES (40, 'Can view notification', 10, 'view_notification');
INSERT INTO `auth_permission` (`id`, `name`, `content_type_id`, `codename`) VALUES (41, 'Can add activity log', 11, 'add_activitylog');
INSERT INTO `auth_permission` (`id`, `name`, `content_type_id`, `codename`) VALUES (42, 'Can change activity log', 11, 'change_activitylog');
INSERT INTO `auth_permission` (`id`, `name`, `content_type_id`, `codename`) VALUES (43, 'Can delete activity log', 11, 'delete_activitylog');
INSERT INTO `auth_permission` (`id`, `name`, `content_type_id`, `codename`) VALUES (44, 'Can view activity log', 11, 'view_activitylog');
INSERT INTO `auth_permission` (`id`, `name`, `content_type_id`, `codename`) VALUES (45, 'Can add inspection', 12, 'add_inspection');
INSERT INTO `auth_permission` (`id`, `name`, `content_type_id`, `codename`) VALUES (46, 'Can change inspection', 12, 'change_inspection');
INSERT INTO `auth_permission` (`id`, `name`, `content_type_id`, `codename`) VALUES (47, 'Can delete inspection', 12, 'delete_inspection');
INSERT INTO `auth_permission` (`id`, `name`, `content_type_id`, `codename`) VALUES (48, 'Can view inspection', 12, 'view_inspection');
INSERT INTO `auth_permission` (`id`, `name`, `content_type_id`, `codename`) VALUES (49, 'Can add inspection document', 13, 'add_inspectiondocument');
INSERT INTO `auth_permission` (`id`, `name`, `content_type_id`, `codename`) VALUES (50, 'Can change inspection document', 13, 'change_inspectiondocument');
INSERT INTO `auth_permission` (`id`, `name`, `content_type_id`, `codename`) VALUES (51, 'Can delete inspection document', 13, 'delete_inspectiondocument');
INSERT INTO `auth_permission` (`id`, `name`, `content_type_id`, `codename`) VALUES (52, 'Can view inspection document', 13, 'view_inspectiondocument');
INSERT INTO `auth_permission` (`id`, `name`, `content_type_id`, `codename`) VALUES (53, 'Can add inspection history', 14, 'add_inspectionhistory');
INSERT INTO `auth_permission` (`id`, `name`, `content_type_id`, `codename`) VALUES (54, 'Can change inspection history', 14, 'change_inspectionhistory');
INSERT INTO `auth_permission` (`id`, `name`, `content_type_id`, `codename`) VALUES (55, 'Can delete inspection history', 14, 'delete_inspectionhistory');
INSERT INTO `auth_permission` (`id`, `name`, `content_type_id`, `codename`) VALUES (56, 'Can view inspection history', 14, 'view_inspectionhistory');
INSERT INTO `auth_permission` (`id`, `name`, `content_type_id`, `codename`) VALUES (57, 'Can add inspection form', 15, 'add_inspectionform');
INSERT INTO `auth_permission` (`id`, `name`, `content_type_id`, `codename`) VALUES (58, 'Can change inspection form', 15, 'change_inspectionform');
INSERT INTO `auth_permission` (`id`, `name`, `content_type_id`, `codename`) VALUES (59, 'Can delete inspection form', 15, 'delete_inspectionform');
INSERT INTO `auth_permission` (`id`, `name`, `content_type_id`, `codename`) VALUES (60, 'Can view inspection form', 15, 'view_inspectionform');
INSERT INTO `auth_permission` (`id`, `name`, `content_type_id`, `codename`) VALUES (61, 'Can add System Configuration', 16, 'add_systemconfiguration');
INSERT INTO `auth_permission` (`id`, `name`, `content_type_id`, `codename`) VALUES (62, 'Can change System Configuration', 16, 'change_systemconfiguration');
INSERT INTO `auth_permission` (`id`, `name`, `content_type_id`, `codename`) VALUES (63, 'Can delete System Configuration', 16, 'delete_systemconfiguration');
INSERT INTO `auth_permission` (`id`, `name`, `content_type_id`, `codename`) VALUES (64, 'Can view System Configuration', 16, 'view_systemconfiguration');
INSERT INTO `auth_permission` (`id`, `name`, `content_type_id`, `codename`) VALUES (65, 'Can add Billing Record', 17, 'add_billingrecord');
INSERT INTO `auth_permission` (`id`, `name`, `content_type_id`, `codename`) VALUES (66, 'Can change Billing Record', 17, 'change_billingrecord');
INSERT INTO `auth_permission` (`id`, `name`, `content_type_id`, `codename`) VALUES (67, 'Can delete Billing Record', 17, 'delete_billingrecord');
INSERT INTO `auth_permission` (`id`, `name`, `content_type_id`, `codename`) VALUES (68, 'Can view Billing Record', 17, 'view_billingrecord');
INSERT INTO `auth_permission` (`id`, `name`, `content_type_id`, `codename`) VALUES (69, 'Can add Billing Item', 18, 'add_billingitem');
INSERT INTO `auth_permission` (`id`, `name`, `content_type_id`, `codename`) VALUES (70, 'Can change Billing Item', 18, 'change_billingitem');
INSERT INTO `auth_permission` (`id`, `name`, `content_type_id`, `codename`) VALUES (71, 'Can delete Billing Item', 18, 'delete_billingitem');
INSERT INTO `auth_permission` (`id`, `name`, `content_type_id`, `codename`) VALUES (72, 'Can view Billing Item', 18, 'view_billingitem');
INSERT INTO `auth_permission` (`id`, `name`, `content_type_id`, `codename`) VALUES (73, 'Can add Payment History', 19, 'add_paymenthistory');
INSERT INTO `auth_permission` (`id`, `name`, `content_type_id`, `codename`) VALUES (74, 'Can change Payment History', 19, 'change_paymenthistory');
INSERT INTO `auth_permission` (`id`, `name`, `content_type_id`, `codename`) VALUES (75, 'Can delete Payment History', 19, 'delete_paymenthistory');
INSERT INTO `auth_permission` (`id`, `name`, `content_type_id`, `codename`) VALUES (76, 'Can view Payment History', 19, 'view_paymenthistory');

--
-- Table structure for table `django_admin_log`
--
DROP TABLE IF EXISTS `django_admin_log`;
CREATE TABLE `django_admin_log` (
  `id` int(11) NOT NULL AUTO_INCREMENT,
  `action_time` datetime(6) NOT NULL,
  `object_id` longtext DEFAULT NULL,
  `object_repr` varchar(200) NOT NULL,
  `action_flag` smallint(5) unsigned NOT NULL CHECK (`action_flag` >= 0),
  `change_message` longtext NOT NULL,
  `content_type_id` int(11) DEFAULT NULL,
  `user_id` bigint(20) NOT NULL,
  PRIMARY KEY (`id`),
  KEY `django_admin_log_content_type_id_c4bce8eb_fk_django_co` (`content_type_id`),
  KEY `django_admin_log_user_id_c564eba6_fk_users_user_id` (`user_id`),
  CONSTRAINT `django_admin_log_content_type_id_c4bce8eb_fk_django_co` FOREIGN KEY (`content_type_id`) REFERENCES `django_content_type` (`id`),
  CONSTRAINT `django_admin_log_user_id_c564eba6_fk_users_user_id` FOREIGN KEY (`user_id`) REFERENCES `users_user` (`id`)
) ENGINE=InnoDB DEFAULT CHARSET=utf8mb4 COLLATE=utf8mb4_general_ci;

--
-- Dumping data for table `django_admin_log`
--

--
-- Table structure for table `django_content_type`
--
DROP TABLE IF EXISTS `django_content_type`;
CREATE TABLE `django_content_type` (
  `id` int(11) NOT NULL AUTO_INCREMENT,
  `app_label` varchar(100) NOT NULL,
  `model` varchar(100) NOT NULL,
  PRIMARY KEY (`id`),
  UNIQUE KEY `django_content_type_app_label_model_76bd3d3b_uniq` (`app_label`,`model`)
) ENGINE=InnoDB AUTO_INCREMENT=20 DEFAULT CHARSET=utf8mb4 COLLATE=utf8mb4_general_ci;

--
-- Dumping data for table `django_content_type`
--
INSERT INTO `django_content_type` (`id`, `app_label`, `model`) VALUES (1, 'admin', 'logentry');
INSERT INTO `django_content_type` (`id`, `app_label`, `model`) VALUES (11, 'audit', 'activitylog');
INSERT INTO `django_content_type` (`id`, `app_label`, `model`) VALUES (3, 'auth', 'group');
INSERT INTO `django_content_type` (`id`, `app_label`, `model`) VALUES (2, 'auth', 'permission');
INSERT INTO `django_content_type` (`id`, `app_label`, `model`) VALUES (4, 'contenttypes', 'contenttype');
INSERT INTO `django_content_type` (`id`, `app_label`, `model`) VALUES (9, 'establishments', 'establishment');
INSERT INTO `django_content_type` (`id`, `app_label`, `model`) VALUES (18, 'inspections', 'billingitem');
INSERT INTO `django_content_type` (`id`, `app_label`, `model`) VALUES (17, 'inspections', 'billingrecord');
INSERT INTO `django_content_type` (`id`, `app_label`, `model`) VALUES (12, 'inspections', 'inspection');
INSERT INTO `django_content_type` (`id`, `app_label`, `model`) VALUES (13, 'inspections', 'inspectiondocument');
INSERT INTO `django_content_type` (`id`, `app_label`, `model`) VALUES (15, 'inspections', 'inspectionform');
INSERT INTO `django_content_type` (`id`, `app_label`, `model`) VALUES (14, 'inspections', 'inspectionhistory');
INSERT INTO `django_content_type` (`id`, `app_label`, `model`) VALUES (19, 'inspections', 'paymenthistory');
INSERT INTO `django_content_type` (`id`, `app_label`, `model`) VALUES (10, 'notifications', 'notification');
INSERT INTO `django_content_type` (`id`, `app_label`, `model`) VALUES (5, 'sessions', 'session');
INSERT INTO `django_content_type` (`id`, `app_label`, `model`) VALUES (16, 'system_config', 'systemconfiguration');
INSERT INTO `django_content_type` (`id`, `app_label`, `model`) VALUES (6, 'token_blacklist', 'blacklistedtoken');
INSERT INTO `django_content_type` (`id`, `app_label`, `model`) VALUES (7, 'token_blacklist', 'outstandingtoken');
INSERT INTO `django_content_type` (`id`, `app_label`, `model`) VALUES (8, 'users', 'user');

--
-- Table structure for table `django_migrations`
--
DROP TABLE IF EXISTS `django_migrations`;
CREATE TABLE `django_migrations` (
  `id` bigint(20) NOT NULL AUTO_INCREMENT,
  `app` varchar(255) NOT NULL,
  `name` varchar(255) NOT NULL,
  `applied` datetime(6) NOT NULL,
  PRIMARY KEY (`id`)
) ENGINE=InnoDB AUTO_INCREMENT=44 DEFAULT CHARSET=utf8mb4 COLLATE=utf8mb4_general_ci;

--
-- Dumping data for table `django_migrations`
--
INSERT INTO `django_migrations` (`id`, `app`, `name`, `applied`) VALUES (1, 'contenttypes', '0001_initial', '2025-10-18 02:02:26.086399');
INSERT INTO `django_migrations` (`id`, `app`, `name`, `applied`) VALUES (2, 'contenttypes', '0002_remove_content_type_name', '2025-10-18 02:02:26.184612');
INSERT INTO `django_migrations` (`id`, `app`, `name`, `applied`) VALUES (3, 'auth', '0001_initial', '2025-10-18 02:02:26.497286');
INSERT INTO `django_migrations` (`id`, `app`, `name`, `applied`) VALUES (4, 'auth', '0002_alter_permission_name_max_length', '2025-10-18 02:02:26.587672');
INSERT INTO `django_migrations` (`id`, `app`, `name`, `applied`) VALUES (5, 'auth', '0003_alter_user_email_max_length', '2025-10-18 02:02:26.599763');
INSERT INTO `django_migrations` (`id`, `app`, `name`, `applied`) VALUES (6, 'auth', '0004_alter_user_username_opts', '2025-10-18 02:02:26.613494');
INSERT INTO `django_migrations` (`id`, `app`, `name`, `applied`) VALUES (7, 'auth', '0005_alter_user_last_login_null', '2025-10-18 02:02:26.650539');
INSERT INTO `django_migrations` (`id`, `app`, `name`, `applied`) VALUES (8, 'auth', '0006_require_contenttypes_0002', '2025-10-18 02:02:26.658190');
INSERT INTO `django_migrations` (`id`, `app`, `name`, `applied`) VALUES (9, 'auth', '0007_alter_validators_add_error_messages', '2025-10-18 02:02:26.714975');
INSERT INTO `django_migrations` (`id`, `app`, `name`, `applied`) VALUES (10, 'auth', '0008_alter_user_username_max_length', '2025-10-18 02:02:26.731169');
INSERT INTO `django_migrations` (`id`, `app`, `name`, `applied`) VALUES (11, 'auth', '0009_alter_user_last_name_max_length', '2025-10-18 02:02:26.767780');
INSERT INTO `django_migrations` (`id`, `app`, `name`, `applied`) VALUES (12, 'auth', '0010_alter_group_name_max_length', '2025-10-18 02:02:26.813232');
INSERT INTO `django_migrations` (`id`, `app`, `name`, `applied`) VALUES (13, 'auth', '0011_update_proxy_permissions', '2025-10-18 02:02:26.836038');
INSERT INTO `django_migrations` (`id`, `app`, `name`, `applied`) VALUES (14, 'auth', '0012_alter_user_first_name_max_length', '2025-10-18 02:02:26.851328');
INSERT INTO `django_migrations` (`id`, `app`, `name`, `applied`) VALUES (15, 'users', '0001_initial', '2025-10-18 02:02:27.324222');
INSERT INTO `django_migrations` (`id`, `app`, `name`, `applied`) VALUES (16, 'admin', '0001_initial', '2025-10-18 02:02:27.488142');
INSERT INTO `django_migrations` (`id`, `app`, `name`, `applied`) VALUES (17, 'admin', '0002_logentry_remove_auto_add', '2025-10-18 02:02:27.510555');
INSERT INTO `django_migrations` (`id`, `app`, `name`, `applied`) VALUES (18, 'admin', '0003_logentry_add_action_flag_choices', '2025-10-18 02:02:27.536909');
INSERT INTO `django_migrations` (`id`, `app`, `name`, `applied`) VALUES (19, 'audit', '0001_initial', '2025-10-18 02:02:27.573779');
INSERT INTO `django_migrations` (`id`, `app`, `name`, `applied`) VALUES (20, 'audit', '0002_initial', '2025-10-18 02:02:27.677430');
INSERT INTO `django_migrations` (`id`, `app`, `name`, `applied`) VALUES (21, 'establishments', '0001_initial', '2025-10-18 02:02:27.803292');
INSERT INTO `django_migrations` (`id`, `app`, `name`, `applied`) VALUES (22, 'inspections', '0001_initial', '2025-10-18 02:02:27.943499');
INSERT INTO `django_migrations` (`id`, `app`, `name`, `applied`) VALUES (23, 'inspections', '0002_initial', '2025-10-18 02:02:29.334333');
INSERT INTO `django_migrations` (`id`, `app`, `name`, `applied`) VALUES (24, 'notifications', '0001_initial', '2025-10-18 02:02:29.360684');
INSERT INTO `django_migrations` (`id`, `app`, `name`, `applied`) VALUES (25, 'notifications', '0002_initial', '2025-10-18 02:02:29.599989');
INSERT INTO `django_migrations` (`id`, `app`, `name`, `applied`) VALUES (26, 'sessions', '0001_initial', '2025-10-18 02:02:29.699500');
INSERT INTO `django_migrations` (`id`, `app`, `name`, `applied`) VALUES (27, 'system_config', '0001_initial', '2025-10-18 02:02:29.723942');
INSERT INTO `django_migrations` (`id`, `app`, `name`, `applied`) VALUES (28, 'token_blacklist', '0001_initial', '2025-10-18 02:02:30.007931');
INSERT INTO `django_migrations` (`id`, `app`, `name`, `applied`) VALUES (29, 'token_blacklist', '0002_outstandingtoken_jti_hex', '2025-10-18 02:02:30.063534');
INSERT INTO `django_migrations` (`id`, `app`, `name`, `applied`) VALUES (30, 'token_blacklist', '0003_auto_20171017_2007', '2025-10-18 02:02:30.145971');
INSERT INTO `django_migrations` (`id`, `app`, `name`, `applied`) VALUES (31, 'token_blacklist', '0004_auto_20171017_2013', '2025-10-18 02:02:30.303063');
INSERT INTO `django_migrations` (`id`, `app`, `name`, `applied`) VALUES (32, 'token_blacklist', '0005_remove_outstandingtoken_jti', '2025-10-18 02:02:30.356721');
INSERT INTO `django_migrations` (`id`, `app`, `name`, `applied`) VALUES (33, 'token_blacklist', '0006_auto_20171017_2113', '2025-10-18 02:02:30.395453');
INSERT INTO `django_migrations` (`id`, `app`, `name`, `applied`) VALUES (34, 'token_blacklist', '0007_auto_20171017_2214', '2025-10-18 02:02:31.035438');
INSERT INTO `django_migrations` (`id`, `app`, `name`, `applied`) VALUES (35, 'token_blacklist', '0008_migrate_to_bigautofield', '2025-10-18 02:02:31.670245');
INSERT INTO `django_migrations` (`id`, `app`, `name`, `applied`) VALUES (36, 'token_blacklist', '0010_fix_migrate_to_bigautofield', '2025-10-18 02:02:31.748861');
INSERT INTO `django_migrations` (`id`, `app`, `name`, `applied`) VALUES (37, 'token_blacklist', '0011_linearizes_history', '2025-10-18 02:02:31.756265');
INSERT INTO `django_migrations` (`id`, `app`, `name`, `applied`) VALUES (38, 'token_blacklist', '0012_alter_outstandingtoken_user', '2025-10-18 02:02:31.857926');
INSERT INTO `django_migrations` (`id`, `app`, `name`, `applied`) VALUES (39, 'token_blacklist', '0013_alter_blacklistedtoken_options_and_more', '2025-10-18 02:02:31.896516');
INSERT INTO `django_migrations` (`id`, `app`, `name`, `applied`) VALUES (40, 'inspections', '0003_inspectionform_noo_payment_deadline_and_more', '2025-10-19 14:44:32.641833');
INSERT INTO `django_migrations` (`id`, `app`, `name`, `applied`) VALUES (41, 'inspections', '0004_paymenthistory_billingrecord_payment_amount_and_more', '2025-10-19 14:44:34.192706');
INSERT INTO `django_migrations` (`id`, `app`, `name`, `applied`) VALUES (42, 'notifications', '0003_notification_related_object_id_and_more', '2025-10-19 14:44:35.384241');
INSERT INTO `django_migrations` (`id`, `app`, `name`, `applied`) VALUES (43, 'inspections', '0005_remove_paymenthistory_billing_record_and_more', '2025-10-19 14:45:20.517027');

--
-- Table structure for table `django_session`
--
DROP TABLE IF EXISTS `django_session`;
CREATE TABLE `django_session` (
  `session_key` varchar(40) NOT NULL,
  `session_data` longtext NOT NULL,
  `expire_date` datetime(6) NOT NULL,
  PRIMARY KEY (`session_key`),
  KEY `django_session_expire_date_a5c62663` (`expire_date`)
) ENGINE=InnoDB DEFAULT CHARSET=utf8mb4 COLLATE=utf8mb4_general_ci;

--
-- Dumping data for table `django_session`
--
INSERT INTO `django_session` (`session_key`, `session_data`, `expire_date`) VALUES ('sz70l80df9suzqz3ymj7tanaycsq0jrw', '.eJxVjDsOwyAQBe9CHSFAfFOmzxnQwi7BSQSSsSsrd48tuUjamXlvYxHWpcZ10BwnZFcm2eWXJcgvaofAJ7RH57m3ZZ4SPxJ-2sHvHel9O9u_gwqj7mvnUWKBIEF4VSyQcQV1FmSKd0Io4YuXsIOgdbJOOyMNIPmQhbahKPb5AuSPN38:1v9wR7:Le6xjKK9sLa7i0VaNwFJwW_aL8JpXG2CqS-ImD9ch7A', '2025-11-01 02:12:49.640379');
INSERT INTO `django_session` (`session_key`, `session_data`, `expire_date`) VALUES ('szefojz5a5sikqpov8jc1r7s3zsdd37x', '.eJxVjDsOwyAQBe9CHSFAfFOmzxnQwi7BSQSSsSsrd48tuUjamXlvYxHWpcZ10BwnZFcm2eWXJcgvaofAJ7RH57m3ZZ4SPxJ-2sHvHel9O9u_gwqj7mvnUWKBIEF4VSyQcQV1FmSKd0Io4YuXsIOgdbJOOyMNIPmQhbahKPb5AuSPN38:1v9wNn:dQ8fXtUjZv8VA7nI19MPwJ8d0MejY57Ns2YbDZg2zUA', '2025-11-01 02:09:23.977606');

--
-- Table structure for table `establishments_establishment`
--
DROP TABLE IF EXISTS `establishments_establishment`;
CREATE TABLE `establishments_establishment` (
  `id` bigint(20) NOT NULL AUTO_INCREMENT,
  `name` varchar(255) NOT NULL,
  `nature_of_business` varchar(255) NOT NULL,
  `year_established` varchar(4) NOT NULL,
  `province` varchar(100) NOT NULL,
  `city` varchar(100) NOT NULL,
  `barangay` varchar(100) NOT NULL,
  `street_building` varchar(255) NOT NULL,
  `postal_code` varchar(4) NOT NULL,
  `latitude` decimal(9,6) NOT NULL,
  `longitude` decimal(9,6) NOT NULL,
  `polygon` longtext CHARACTER SET utf8mb4 COLLATE utf8mb4_bin DEFAULT NULL CHECK (json_valid(`polygon`)),
  `is_active` tinyint(1) NOT NULL,
  `created_at` datetime(6) NOT NULL,
  `updated_at` datetime(6) NOT NULL,
  PRIMARY KEY (`id`),
  UNIQUE KEY `name` (`name`),
  KEY `establishme_name_9f5395_idx` (`name`),
  KEY `establishme_nature__7f0240_idx` (`nature_of_business`),
  KEY `establishme_city_6fc21b_idx` (`city`),
  KEY `establishme_baranga_fe31e9_idx` (`barangay`)
) ENGINE=InnoDB AUTO_INCREMENT=4 DEFAULT CHARSET=utf8mb4 COLLATE=utf8mb4_general_ci;

--
-- Dumping data for table `establishments_establishment`
--
INSERT INTO `establishments_establishment` (`id`, `name`, `nature_of_business`, `year_established`, `province`, `city`, `barangay`, `street_building`, `postal_code`, `latitude`, `longitude`, `polygon`, `is_active`, `created_at`, `updated_at`) VALUES (1, 'SAINT LOUIS COLLEGE', 'EDUCATION/TRAINING', '1964', 'LA UNION', 'SAN FERNANDO', 'Carlatan', 'STREET', '2500', '16.636644', '120.312974', '[[16.637177366928217, 120.31212301882158], [16.637405964238397, 120.3131343235257], [16.63827411783225, 120.31304848333862], [16.63836144667439, 120.31378080743472], [16.638289528807288, 120.31379958497564], [16.638346035705144, 120.31411880317134], [16.636715034456664, 120.314247563452], [16.636368284371432, 120.31401955045503], [16.636375989935697, 120.31394444029134], [16.63643249739748, 120.31384250506919], [16.636447908520537, 120.31377812492885], [16.63580320881492, 120.31370569727103], [16.63580064028585, 120.31343744668635], [16.635728721458246, 120.31324162375957], [16.635633685823255, 120.31325235378294], [16.63561313757165, 120.31313164101985], [16.635546355738747, 120.3131343235257], [16.63549241654905, 120.31290362802288]]', 1, '2025-10-18 02:49:31.077753', '2025-10-18 03:13:57.255952');
INSERT INTO `establishments_establishment` (`id`, `name`, `nature_of_business`, `year_established`, `province`, `city`, `barangay`, `street_building`, `postal_code`, `latitude`, `longitude`, `polygon`, `is_active`, `created_at`, `updated_at`) VALUES (2, 'COCA-COLA DISTRIBUTION', 'RETAIL/WHOLESALE', '2000', 'LA UNION', 'SAN FERNANDO', 'Carlatan', 'STREET', '2500', '16.632584', '120.314568', '[[16.631598597531447, 120.31466588654192], [16.631639694892716, 120.3138745473172], [16.631822064327086, 120.3137243269898], [16.63283665167638, 120.31403013265631], [16.633137173987482, 120.31442177850988], [16.63296508007207, 120.31504411986626]]', 1, '2025-10-18 07:28:38.887243', '2025-10-18 07:29:13.086850');
INSERT INTO `establishments_establishment` (`id`, `name`, `nature_of_business`, `year_established`, `province`, `city`, `barangay`, `street_building`, `postal_code`, `latitude`, `longitude`, `polygon`, `is_active`, `created_at`, `updated_at`) VALUES (3, 'SREEEEE', 'CONSULTING SERVICES', '2000', 'LA UNION', 'SAN FERNANDO', 'Carlatan', 'STREET', '2500', '16.632418', '120.316380', '[[16.632418553014126, 120.31648763641792], [16.63230039855655, 120.31637362991945], [16.632428827311347, 120.31623682212125], [16.63254184454442, 120.3163548523785]]', 1, '2025-10-20 08:54:47.108960', '2025-10-20 08:55:37.562299');

--
-- Table structure for table `inspections_billingitem`
--
DROP TABLE IF EXISTS `inspections_billingitem`;
CREATE TABLE `inspections_billingitem` (
  `id` bigint(20) NOT NULL AUTO_INCREMENT,
  `violation` varchar(255) NOT NULL,
  `amount` decimal(10,2) NOT NULL,
  `order` int(11) NOT NULL,
  `billing_record_id` bigint(20) NOT NULL,
  PRIMARY KEY (`id`),
  KEY `inspections_billingi_billing_record_id_201ff2b5_fk_inspectio` (`billing_record_id`),
  CONSTRAINT `inspections_billingi_billing_record_id_201ff2b5_fk_inspectio` FOREIGN KEY (`billing_record_id`) REFERENCES `inspections_billingrecord` (`id`)
) ENGINE=InnoDB DEFAULT CHARSET=utf8mb4 COLLATE=utf8mb4_general_ci;

--
-- Dumping data for table `inspections_billingitem`
--

--
-- Table structure for table `inspections_billingrecord`
--
DROP TABLE IF EXISTS `inspections_billingrecord`;
CREATE TABLE `inspections_billingrecord` (
  `id` bigint(20) NOT NULL AUTO_INCREMENT,
  `billing_code` varchar(30) NOT NULL,
  `establishment_name` varchar(255) NOT NULL,
  `contact_person` varchar(255) NOT NULL,
  `contact_number` varchar(50) NOT NULL,
  `related_law` varchar(50) NOT NULL,
  `billing_type` varchar(20) NOT NULL,
  `description` longtext NOT NULL,
  `amount` decimal(10,2) NOT NULL,
  `due_date` date NOT NULL,
  `recommendations` longtext NOT NULL,
  `sent_date` datetime(6) NOT NULL,
  `created_at` datetime(6) NOT NULL,
  `updated_at` datetime(6) NOT NULL,
  `establishment_id` bigint(20) NOT NULL,
  `inspection_id` bigint(20) NOT NULL,
  `issued_by_id` bigint(20) DEFAULT NULL,
  PRIMARY KEY (`id`),
  UNIQUE KEY `billing_code` (`billing_code`),
  UNIQUE KEY `inspection_id` (`inspection_id`),
  KEY `inspections_billing_c5e0c5_idx` (`billing_code`),
  KEY `inspections_establi_edae83_idx` (`establishment_id`),
  KEY `inspections_created_9b7da4_idx` (`created_at`),
  KEY `inspections_related_d892c1_idx` (`related_law`),
  KEY `inspections_billingrecord_issued_by_id_0e4654b9_fk_users_user_id` (`issued_by_id`),
  CONSTRAINT `inspections_billingr_establishment_id_c0d2c8c0_fk_establish` FOREIGN KEY (`establishment_id`) REFERENCES `establishments_establishment` (`id`),
  CONSTRAINT `inspections_billingr_inspection_id_c11afb13_fk_inspectio` FOREIGN KEY (`inspection_id`) REFERENCES `inspections_inspection` (`id`),
  CONSTRAINT `inspections_billingrecord_issued_by_id_0e4654b9_fk_users_user_id` FOREIGN KEY (`issued_by_id`) REFERENCES `users_user` (`id`)
) ENGINE=InnoDB DEFAULT CHARSET=utf8mb4 COLLATE=utf8mb4_general_ci;

--
-- Dumping data for table `inspections_billingrecord`
--

--
-- Table structure for table `inspections_inspection`
--
DROP TABLE IF EXISTS `inspections_inspection`;
CREATE TABLE `inspections_inspection` (
  `id` bigint(20) NOT NULL AUTO_INCREMENT,
  `code` varchar(30) DEFAULT NULL,
  `law` varchar(50) NOT NULL,
  `district` varchar(100) DEFAULT NULL,
  `current_status` varchar(40) NOT NULL,
  `created_at` datetime(6) NOT NULL,
  `updated_at` datetime(6) NOT NULL,
  `assigned_to_id` bigint(20) DEFAULT NULL,
  `created_by_id` bigint(20) DEFAULT NULL,
  PRIMARY KEY (`id`),
  UNIQUE KEY `code` (`code`),
  KEY `inspections_code_dc1b07_idx` (`code`),
  KEY `inspections_current_6b932e_idx` (`current_status`),
  KEY `inspections_assigne_306954_idx` (`assigned_to_id`),
  KEY `inspections_created_282730_idx` (`created_by_id`),
  KEY `inspections_law_e1febf_idx` (`law`),
  CONSTRAINT `inspections_inspection_assigned_to_id_ad860202_fk_users_user_id` FOREIGN KEY (`assigned_to_id`) REFERENCES `users_user` (`id`),
  CONSTRAINT `inspections_inspection_created_by_id_23948284_fk_users_user_id` FOREIGN KEY (`created_by_id`) REFERENCES `users_user` (`id`)
) ENGINE=InnoDB AUTO_INCREMENT=4 DEFAULT CHARSET=utf8mb4 COLLATE=utf8mb4_general_ci;

--
-- Dumping data for table `inspections_inspection`
--
INSERT INTO `inspections_inspection` (`id`, `code`, `law`, `district`, `current_status`, `created_at`, `updated_at`, `assigned_to_id`, `created_by_id`) VALUES (1, 'EIA-2025-0001', 'PD-1586', 'LA UNION - 1st District', 'SECTION_COMPLETED_NON_COMPLIANT', '2025-10-18 03:16:10.168099', '2025-10-19 20:48:28.884848', 3, 3);
INSERT INTO `inspections_inspection` (`id`, `code`, `law`, `district`, `current_status`, `created_at`, `updated_at`, `assigned_to_id`, `created_by_id`) VALUES (2, 'EIA-2025-0002', 'PD-1586', 'LA UNION - 1st District', 'SECTION_REVIEWED', '2025-10-18 08:20:59.086557', '2025-10-20 11:19:20.012202', 3, 3);
INSERT INTO `inspections_inspection` (`id`, `code`, `law`, `district`, `current_status`, `created_at`, `updated_at`, `assigned_to_id`, `created_by_id`) VALUES (3, 'EIA-2025-0003', 'PD-1586', 'LA UNION - 1st District', 'SECTION_REVIEWED', '2025-10-20 08:56:18.050582', '2025-10-20 11:10:57.600134', 3, 3);

--
-- Table structure for table `inspections_inspection_establishments`
--
DROP TABLE IF EXISTS `inspections_inspection_establishments`;
CREATE TABLE `inspections_inspection_establishments` (
  `id` bigint(20) NOT NULL AUTO_INCREMENT,
  `inspection_id` bigint(20) NOT NULL,
  `establishment_id` bigint(20) NOT NULL,
  PRIMARY KEY (`id`),
  UNIQUE KEY `inspections_inspection_e_inspection_id_establishm_1751f803_uniq` (`inspection_id`,`establishment_id`),
  KEY `inspections_inspecti_establishment_id_6e7303d7_fk_establish` (`establishment_id`),
  CONSTRAINT `inspections_inspecti_establishment_id_6e7303d7_fk_establish` FOREIGN KEY (`establishment_id`) REFERENCES `establishments_establishment` (`id`),
  CONSTRAINT `inspections_inspecti_inspection_id_1332f775_fk_inspectio` FOREIGN KEY (`inspection_id`) REFERENCES `inspections_inspection` (`id`)
) ENGINE=InnoDB AUTO_INCREMENT=4 DEFAULT CHARSET=utf8mb4 COLLATE=utf8mb4_general_ci;

--
-- Dumping data for table `inspections_inspection_establishments`
--
INSERT INTO `inspections_inspection_establishments` (`id`, `inspection_id`, `establishment_id`) VALUES (1, 1, 1);
INSERT INTO `inspections_inspection_establishments` (`id`, `inspection_id`, `establishment_id`) VALUES (2, 2, 2);
INSERT INTO `inspections_inspection_establishments` (`id`, `inspection_id`, `establishment_id`) VALUES (3, 3, 3);

--
-- Table structure for table `inspections_inspectiondocument`
--
DROP TABLE IF EXISTS `inspections_inspectiondocument`;
CREATE TABLE `inspections_inspectiondocument` (
  `id` bigint(20) NOT NULL AUTO_INCREMENT,
  `file` varchar(100) NOT NULL,
  `document_type` varchar(20) NOT NULL,
  `description` varchar(255) NOT NULL,
  `uploaded_at` datetime(6) NOT NULL,
  `uploaded_by_id` bigint(20) DEFAULT NULL,
  `inspection_form_id` bigint(20) NOT NULL,
  PRIMARY KEY (`id`),
  KEY `inspections_inspecti_uploaded_by_id_7fc85114_fk_users_use` (`uploaded_by_id`),
  KEY `inspections_inspecti_inspection_form_id_3aaabc98_fk_inspectio` (`inspection_form_id`),
  CONSTRAINT `inspections_inspecti_inspection_form_id_3aaabc98_fk_inspectio` FOREIGN KEY (`inspection_form_id`) REFERENCES `inspections_inspectionform` (`inspection_id`),
  CONSTRAINT `inspections_inspecti_uploaded_by_id_7fc85114_fk_users_use` FOREIGN KEY (`uploaded_by_id`) REFERENCES `users_user` (`id`)
) ENGINE=InnoDB AUTO_INCREMENT=8 DEFAULT CHARSET=utf8mb4 COLLATE=utf8mb4_general_ci;

--
-- Dumping data for table `inspections_inspectiondocument`
--
INSERT INTO `inspections_inspectiondocument` (`id`, `file`, `document_type`, `description`, `uploaded_at`, `uploaded_by_id`, `inspection_form_id`) VALUES (2, 'inspections/documents/2025/10/20/48881e74-e924-41dc-b613-c80eccbee683_dH4yVHB.jpg', 'PHOTO', 'system_id:general|finding_type:general|caption:', '2025-10-19 18:39:38.488030', 2, 1);
INSERT INTO `inspections_inspectiondocument` (`id`, `file`, `document_type`, `description`, `uploaded_at`, `uploaded_by_id`, `inspection_form_id`) VALUES (3, 'inspections/documents/2025/10/20/2883938f-243c-42d1-85d5-ffcd66dbc330.jpg', 'PHOTO', 'system_id:general|finding_type:general|caption:', '2025-10-19 18:39:53.028848', 2, 1);
INSERT INTO `inspections_inspectiondocument` (`id`, `file`, `document_type`, `description`, `uploaded_at`, `uploaded_by_id`, `inspection_form_id`) VALUES (7, 'inspections/documents/2025/10/20/1q.png', 'PHOTO', 'system_id:general|finding_type:general|caption:', '2025-10-20 07:51:02.791811', 5, 2);

--
-- Table structure for table `inspections_inspectionform`
--
DROP TABLE IF EXISTS `inspections_inspectionform`;
CREATE TABLE `inspections_inspectionform` (
  `inspection_id` bigint(20) NOT NULL,
  `scheduled_at` datetime(6) DEFAULT NULL,
  `checklist` longtext CHARACTER SET utf8mb4 COLLATE utf8mb4_bin NOT NULL CHECK (json_valid(`checklist`)),
  `findings_summary` longtext NOT NULL,
  `compliance_decision` varchar(30) NOT NULL,
  `violations_found` longtext NOT NULL,
  `compliance_plan` longtext NOT NULL,
  `compliance_deadline` date DEFAULT NULL,
  `created_at` datetime(6) NOT NULL,
  `updated_at` datetime(6) NOT NULL,
  `inspected_by_id` bigint(20) DEFAULT NULL,
  `noo_payment_deadline` date DEFAULT NULL,
  `noo_payment_instructions` longtext NOT NULL,
  `noo_penalty_fees` decimal(10,2) DEFAULT NULL,
  `noo_remarks` longtext NOT NULL,
  `noo_sent_date` date DEFAULT NULL,
  `noo_violation_breakdown` longtext NOT NULL,
  `nov_compliance_date` datetime(6) DEFAULT NULL,
  `nov_compliance_instructions` longtext NOT NULL,
  `nov_remarks` longtext NOT NULL,
  `nov_sent_date` date DEFAULT NULL,
  `nov_violations` longtext NOT NULL,
  PRIMARY KEY (`inspection_id`),
  KEY `inspections_inspecti_inspected_by_id_5e96ed53_fk_users_use` (`inspected_by_id`),
  CONSTRAINT `inspections_inspecti_inspected_by_id_5e96ed53_fk_users_use` FOREIGN KEY (`inspected_by_id`) REFERENCES `users_user` (`id`),
  CONSTRAINT `inspections_inspecti_inspection_id_04525c09_fk_inspectio` FOREIGN KEY (`inspection_id`) REFERENCES `inspections_inspection` (`id`)
) ENGINE=InnoDB DEFAULT CHARSET=utf8mb4 COLLATE=utf8mb4_general_ci;

--
-- Dumping data for table `inspections_inspectionform`
--
INSERT INTO `inspections_inspectionform` (`inspection_id`, `scheduled_at`, `checklist`, `findings_summary`, `compliance_decision`, `violations_found`, `compliance_plan`, `compliance_deadline`, `created_at`, `updated_at`, `inspected_by_id`, `noo_payment_deadline`, `noo_payment_instructions`, `noo_penalty_fees`, `noo_remarks`, `noo_sent_date`, `noo_violation_breakdown`, `nov_compliance_date`, `nov_compliance_instructions`, `nov_remarks`, `nov_sent_date`, `nov_violations`) VALUES (1, NULL, '{"general": {"establishment_name": "SAINT LOUIS COLLEGE", "address": "SAINT LOUIS COLLEGE, CARLATAN, SAN FERNANDO, LA UNION, 2500", "coordinates": "16.636920, 120.313191", "nature_of_business": "EDUCATION/TRAINING", "year_established": "1964", "inspection_date_time": "2025-10-18T23:41", "environmental_laws": ["PD-1586"], "operating_hours": 12, "operating_days_per_week": 7, "operating_days_per_year": 300, "product_lines": "", "declared_production_rate": "", "actual_production_rate": "", "managing_head": "", "pco_name": "", "interviewed_person": "", "pco_accreditation_no": "", "effectivity_date": "", "phone_fax_no": "0987654321", "email_address": "sdfgsfg@fff.df", "person_interviewed": "123456, EEE44"}, "purpose": {"verify_accuracy": false, "verify_accuracy_details": [], "verify_accuracy_others": "", "determine_compliance": true, "investigate_complaints": false, "check_commitment_status": false, "commitment_status_details": [], "commitment_status_others": "", "other_purpose": false, "other_purpose_specify": ""}, "permits": [{"lawId": "PD-1586", "permitType": "ECC1", "permitNumber": "ECC-R3-2025-343", "dateIssued": "2025-09-21", "expiryDate": "2025-11-07", "description": "Environmental Compliance Certificate Type 1", "required": true}, {"lawId": "PD-1586", "permitType": "ECC2", "permitNumber": "", "dateIssued": "", "expiryDate": "", "description": "Environmental Compliance Certificate Type 2", "required": false}, {"lawId": "PD-1586", "permitType": "ECC3", "permitNumber": "", "dateIssued": "", "expiryDate": "", "description": "Environmental Compliance Certificate Type 3", "required": false}, {"lawId": "RA-6969", "permitType": "DENR Registry ID", "permitNumber": "", "dateIssued": "", "expiryDate": "", "description": "Chemical Control Order Registry Identification", "required": true}, {"lawId": "RA-6969", "permitType": "PCL Compliance Certificate", "permitNumber": "", "dateIssued": "", "expiryDate": "", "description": "Priority Chemicals List Compliance Certificate", "required": true}, {"lawId": "RA-6969", "permitType": "CCO Registry", "permitNumber": "", "dateIssued": "", "expiryDate": "", "description": "Chemical Control Order Registry", "required": false}, {"lawId": "RA-6969", "permitType": "Importer Clearance No.", "permitNumber": "", "dateIssued": "", "expiryDate": "", "description": "Importer Clearance Number for Hazardous Substances", "required": false}, {"lawId": "RA-6969", "permitType": "Permit to Transport", "permitNumber": "", "dateIssued": "", "expiryDate": "", "description": "Hazardous Waste Transport Permit", "required": true}, {"lawId": "RA-6969", "permitType": "Copy of COT issued by licensed TSD Facility", "permitNumber": "", "dateIssued": "", "expiryDate": "", "description": "Certificate of Treatment from Treatment, Storage, and Disposal Facility", "required": false}, {"lawId": "RA-8749", "permitType": "POA No.", "permitNumber": "", "dateIssued": "", "expiryDate": "", "description": "Permit to Operate Air Pollution Source", "required": true}, {"lawId": "RA-9275", "permitType": "Discharge Permit No.", "permitNumber": "", "dateIssued": "", "expiryDate": "", "description": "Wastewater Discharge Permit", "required": true}, {"lawId": "RA-9003", "permitType": "With MOA/Agreement for residuals disposed of to a SLF w/ ECC", "permitNumber": "", "dateIssued": "", "expiryDate": "", "description": "Memorandum of Agreement for Residual Waste Disposal", "required": false}], "complianceItems": [{"lawId": "PD-1586", "applicableLaw": "PD-1586: Environmental Compliance Certificate (ECC) Conditionalities", "conditionId": "PD-1586-1", "conditionNumber": "123123DF", "complianceRequirement": "3232SDFGSFDFDFFFFFFFFFFFFFFFFFFFFFFFFFFFFFFFF", "compliant": "No", "remarks": "SDSAD", "category": "Documentation", "priority": "High", "lawCitation": "", "remarksOption": "Documentation not updated"}, {"lawId": "RA-6969", "applicableLaw": "RA 6969: Toxic Substances and Hazardous and Nuclear Waste Control Act", "conditionId": "RA-6969-PCL-1", "lawCitation": "Priority Chemical List", "complianceRequirement": "Valid PCL Compliance Certificate", "compliant": "", "remarks": "", "category": "Certification", "priority": "High", "remarksOption": ""}, {"lawId": "RA-6969", "applicableLaw": "RA 6969: Toxic Substances and Hazardous and Nuclear Waste Control Act", "conditionId": "RA-6969-PCL-2", "lawCitation": "Priority Chemical List", "complianceRequirement": "Annual Reporting", "compliant": "", "remarks": "", "category": "Reporting", "priority": "Medium", "remarksOption": ""}, {"lawId": "RA-6969", "applicableLaw": "RA 6969: Toxic Substances and Hazardous and Nuclear Waste Control Act", "conditionId": "RA-6969-CCO-1", "lawCitation": "Chemical Control Order", "complianceRequirement": "Biennial Report for those chemicals that are for issuance of CCO", "compliant": "", "remarks": "", "category": "Reporting", "priority": "Medium", "remarksOption": ""}, {"lawId": "RA-6969", "applicableLaw": "RA 6969: Toxic Substances and Hazardous and Nuclear Waste Control Act", "conditionId": "RA-6969-CCO-2", "lawCitation": "Chemical Control Order", "complianceRequirement": "CCO Registration", "compliant": "", "remarks": "", "category": "Certification", "priority": "High", "remarksOption": ""}, {"lawId": "RA-6969", "applicableLaw": "RA 6969: Toxic Substances and Hazardous and Nuclear Waste Control Act", "conditionId": "RA-6969-IMP-1", "lawCitation": "Importation", "complianceRequirement": "Valid Small Quantity Importation Clearance", "compliant": "", "remarks": "", "category": "Certification", "priority": "High", "remarksOption": ""}, {"lawId": "RA-6969", "applicableLaw": "RA 6969: Toxic Substances and Hazardous and Nuclear Waste Control Act", "conditionId": "RA-6969-IMP-2", "lawCitation": "Importation", "complianceRequirement": "Valid Importation Clearance", "compliant": "", "remarks": "", "category": "Certification", "priority": "High", "remarksOption": ""}, {"lawId": "RA-6969", "applicableLaw": "RA 6969: Toxic Substances and Hazardous and Nuclear Waste Control Act", "conditionId": "RA-6969-IMP-3", "lawCitation": "Importation", "complianceRequirement": "Bill of Lading", "compliant": "", "remarks": "", "category": "Documentation", "priority": "Medium", "remarksOption": ""}, {"lawId": "RA-6969", "applicableLaw": "RA 6969: Toxic Substances and Hazardous and Nuclear Waste Control Act", "conditionId": "RA-6969-HWG-1", "lawCitation": "Hazardous Waste Generator", "complianceRequirement": "Registration as Hazardous Waste Generator", "compliant": "", "remarks": "", "category": "Certification", "priority": "High", "remarksOption": ""}, {"lawId": "RA-6969", "applicableLaw": "RA 6969: Toxic Substances and Hazardous and Nuclear Waste Control Act", "conditionId": "RA-6969-HWG-2", "lawCitation": "Hazardous Waste Generator", "complianceRequirement": "With temporary Hazwaste Storage Facility", "compliant": "", "remarks": "", "category": "Operational", "priority": "Medium", "remarksOption": ""}, {"lawId": "RA-6969", "applicableLaw": "RA 6969: Toxic Substances and Hazardous and Nuclear Waste Control Act", "conditionId": "RA-6969-HWSL-1", "lawCitation": "Hazardous Waste Storage and Labeling", "complianceRequirement": "Hazardous Waste properly labeled", "compliant": "", "remarks": "", "category": "Operational", "priority": "Medium", "remarksOption": ""}, {"lawId": "RA-6969", "applicableLaw": "RA 6969: Toxic Substances and Hazardous and Nuclear Waste Control Act", "conditionId": "RA-6969-HWSL-2", "lawCitation": "Hazardous Waste Storage and Labeling", "complianceRequirement": "Valid Permit to Transport", "compliant": "", "remarks": "", "category": "Permitting", "priority": "High", "remarksOption": ""}, {"lawId": "RA-6969", "applicableLaw": "RA 6969: Toxic Substances and Hazardous and Nuclear Waste Control Act", "conditionId": "RA-6969-HWSL-3", "lawCitation": "Hazardous Waste Storage and Labeling", "complianceRequirement": "Valid Registration of Transporter and Treaters", "compliant": "", "remarks": "", "category": "Certification", "priority": "High", "remarksOption": ""}, {"lawId": "RA-6969", "applicableLaw": "RA 6969: Toxic Substances and Hazardous and Nuclear Waste Control Act", "conditionId": "RA-6969-WT-WTR-1", "lawCitation": "Waste Transporter, Waste Transport Record; Waste Treatment and Disposal Premises", "complianceRequirement": "WCompliance with Manifest system (Waste Transport Record)", "compliant": "", "remarks": "", "category": "Operational", "priority": "Medium", "remarksOption": ""}, {"lawId": "RA-6969", "applicableLaw": "RA 6969: Toxic Substances and Hazardous and Nuclear Waste Control Act", "conditionId": "RA-6969-WT-WTR-2", "lawCitation": "Waste Transporter, Waste Transport Record; Waste Treatment and Disposal Premises", "complianceRequirement": "Valid/Completed Cerfificate of Treatment(COT)", "compliant": "", "remarks": "", "category": "Documentation", "priority": "Medium", "remarksOption": ""}, {"lawId": "RA-8749", "applicableLaw": "sample", "conditionId": "RA-8749-PO-1", "lawCitation": "RA 8749: Philippine Clean Air Act", "complianceRequirement": "With Valid POA", "compliant": "", "remarks": "", "category": "Permitting", "priority": "High", "remarksOption": ""}, {"lawId": "RA-8749", "applicableLaw": "Permit to Operate (Air)", "conditionId": "RA-8749-PO-2", "lawCitation": "RA 8749: Philippine Clean Air Act", "complianceRequirement": "All Emission Sources is Covered by a valid POA", "compliant": "", "remarks": "", "category": "Permitting", "priority": "High", "remarksOption": ""}, {"lawId": "RA-8749", "applicableLaw": "RA 8749: Philippine Clean Air Act", "conditionId": "RA-8749-PO-3", "lawCitation": "Permit to Operate (Air)", "complianceRequirement": "POA is displayed in a conspicuous place near the installation", "compliant": "", "remarks": "", "category": "Documentation", "priority": "Medium", "remarksOption": ""}, {"lawId": "RA-8749", "applicableLaw": "RA 8749: Philippine Clean Air Act", "conditionId": "RA-8749-PO-4", "lawCitation": "Permit to Operate (Air)", "complianceRequirement": "All Permit Conditions are complied with", "compliant": "", "remarks": "", "category": "Operational", "priority": "Medium", "remarksOption": ""}, {"lawId": "RA-8749", "applicableLaw": "RA 8749: Philippine Clean Air Act", "conditionId": "RA-8749-PO-5", "lawCitation": "Permit to Operate (Air)", "complianceRequirement": "Wind direction device installed (if applicable)", "compliant": "", "remarks": "", "category": "Operational", "priority": "Low", "remarksOption": ""}, {"lawId": "RA-8749", "applicableLaw": "RA 8749: Philippine Clean Air Act", "conditionId": "RA-8749-PO-6", "lawCitation": "Permit to Operate (Air)", "complianceRequirement": "Plant operational problems lasting for more than 1 hour should be reoprted to EMB w/in 24 hrs.", "compliant": "", "remarks": "", "category": "Reporting", "priority": "Medium", "remarksOption": ""}, {"lawId": "RA-8749", "applicableLaw": "RA 8749: Philippine Clean Air Act", "conditionId": "RA-8749-PO-7", "lawCitation": "Permit to Operate (Air)", "complianceRequirement": "CCTV installed (for large sources only)", "compliant": "", "remarks": "", "category": "Operational", "priority": "Low", "remarksOption": ""}, {"lawId": "RA-8749", "applicableLaw": "RA 8749: Philippine Clean Air Act", "conditionId": "RA-8749-PO-8", "lawCitation": "Permit to Operate (Air)", "complianceRequirement": "CEMS/PEMS installed (for petroleum refineries, power/cement plants or sources emitting (750Tons/yr.) Yearly RATA/Quarterly CGA conducted (for sources w/CEMS", "compliant": "", "remarks": "", "category": "Monitoring", "priority": "Medium", "remarksOption": ""}, {"lawId": "RA-8749", "applicableLaw": "RA 8749: Philippine Clean Air Act", "conditionId": "RA-8749-ET-1", "lawCitation": "Emission Testing (if applicable)", "complianceRequirement": "Compliance w/ emission standars?", "compliant": "", "remarks": "", "category": "Monitoring", "priority": "Medium", "remarksOption": ""}, {"lawId": "RA-8749", "applicableLaw": "RA 8749: Philippine Clean Air Act", "conditionId": "RA-8749-AT-1", "lawCitation": "Ambient Testing (if applicable)", "complianceRequirement": "Compliance w/ ambient air quality standards?", "compliant": "", "remarks": "", "category": "Monitoring", "priority": "Medium", "remarksOption": ""}, {"lawId": "RA-9275", "applicableLaw": "RA 9275: Philippine Clean Water Act", "conditionId": "RA-9275-DP-1", "lawCitation": "Discharge Permit (DP)", "complianceRequirement": "With Valid Discharge Permit", "compliant": "", "remarks": "", "category": "Permitting", "priority": "High", "remarksOption": ""}, {"lawId": "RA-9275", "applicableLaw": "RA 9275: Philippine Clean Water Act", "conditionId": "RA-9275-DP-2", "lawCitation": "Discharge Permit (DP)", "complianceRequirement": "Volume if Duscgarge consistent with DP issued?", "compliant": "", "remarks": "", "category": "Operational", "priority": "Medium", "remarksOption": ""}, {"lawId": "RA-9275", "applicableLaw": "RA 9275: Philippine Clean Water Act", "conditionId": "RA-9275-DP-3", "lawCitation": "Discharge Permit (DP)", "complianceRequirement": "All permit conditions are complied with?", "compliant": "", "remarks": "", "category": "Operational", "priority": "Medium", "remarksOption": ""}, {"lawId": "RA-9275", "applicableLaw": "RA 9275: Philippine Clean Water Act", "conditionId": "RA-9275-DP-4", "lawCitation": "Discharge Permit (DP)", "complianceRequirement": "With working flow metering device (if applicable)", "compliant": "", "remarks": "", "category": "Operational", "priority": "Medium", "remarksOption": ""}, {"lawId": "RA-9275", "applicableLaw": "RA 9275: Philippine Clean Water Act", "conditionId": "RA-9275-DP-5", "lawCitation": "Discharge Permit (DP)", "complianceRequirement": "Certificate of septage siphoning hauled by accredited service provider", "compliant": "", "remarks": "", "category": "Documentation", "priority": "Medium", "remarksOption": ""}, {"lawId": "RA-9275", "applicableLaw": "RA 9275: Philippine Clean Water Act", "conditionId": "RA-9275-ETR-1", "lawCitation": "Effluent Testing Report (if applicable)", "complianceRequirement": "In compliance with effluent standards", "compliant": "", "remarks": "", "category": "Monitoring", "priority": "Medium", "remarksOption": ""}, {"lawId": "RA-9275", "applicableLaw": "RA 9275: Philippine Clean Water Act", "conditionId": "RA-9275-AWQM-1", "lawCitation": "Ambient Water Quality Monitoring (if applicable)", "complianceRequirement": "With ambient water quality monitoring results.", "compliant": "", "remarks": "", "category": "Monitoring", "priority": "Medium", "remarksOption": ""}, {"lawId": "RA-9275", "applicableLaw": "RA 9275: Philippine Clean Water Act", "conditionId": "RA-9275-WCS-2", "lawCitation": "Wastewater Charge System (if applicable)", "complianceRequirement": "Payment of wastewater charges", "compliant": "", "remarks": "", "category": "Operational", "priority": "Medium", "remarksOption": ""}, {"lawId": "RA-9003", "applicableLaw": "RA 9003: Ecological Solid Waste Management Act", "conditionId": "RA-9003-WS-1", "lawCitation": "Waste Segregation", "complianceRequirement": "With MRF on site", "compliant": "", "remarks": "", "category": "Operational", "priority": "Medium", "remarksOption": ""}, {"lawId": "RA-9003", "applicableLaw": "RA 9003: Ecological Solid Waste Management Act", "conditionId": "RA-9003-WS-2", "lawCitation": "Waste Segregation", "complianceRequirement": "Segregated solid waste collected by LGU or Private Contractor Name of PC:", "compliant": "", "remarks": "", "category": "Operational", "priority": "Medium", "remarksOption": ""}, {"lawId": "RA-9003", "applicableLaw": "RA 9003: Ecological Solid Waste Management Act", "conditionId": "RA-9003-WS-3", "lawCitation": "Waste Segregation", "complianceRequirement": "With composting facility (if applicable)", "compliant": "", "remarks": "", "category": "Operational", "priority": "Low", "remarksOption": ""}, {"lawId": "RA-9003", "applicableLaw": "RA 9003: Ecological Solid Waste Management Act", "conditionId": "RA-9003-SWD-1", "lawCitation": "Solid Waste Disposal", "complianceRequirement": "Residuals are disposed to a SLF", "compliant": "", "remarks": "", "category": "Operational", "priority": "Medium", "remarksOption": ""}, {"lawId": "RA-9003", "applicableLaw": "RA 9003: Ecological Solid Waste Management Act", "conditionId": "RA-9003-SWD-2", "lawCitation": "Solid Waste Disposal", "complianceRequirement": "With MOA/Agreement w/ LGU", "compliant": "", "remarks": "", "category": "Documentation", "priority": "Medium", "remarksOption": ""}, {"lawId": "Pollution-Control", "applicableLaw": "Pollution Control Officer Accreditation", "conditionId": "PCO-1", "lawCitation": "DAO 2014-02 or Revised Guidelines on PCO Accreditation", "complianceRequirement": "With valid PCO accreditation certificate", "compliant": "", "remarks": "", "category": "Certification", "priority": "High", "remarksOption": ""}, {"lawId": "Pollution-Control", "applicableLaw": "Pollution Control Officer Accreditation", "conditionId": "PCO-2", "lawCitation": "DAO 2014-02 or Revised Guidelines on PCO Accreditation", "complianceRequirement": "Managing head w/ 8 hrs. training certificate", "compliant": "Yes", "remarks": "", "category": "Training", "priority": "Medium", "remarksOption": ""}, {"lawId": "Self-Monitoring", "applicableLaw": "Self-Monitoring Report", "conditionId": "SMR-1", "lawCitation": "DAO 2003-27", "complianceRequirement": "Complete and timely submission of SMRs (quarterly)", "compliant": "No", "remarks": "", "category": "Reporting", "priority": "Medium", "remarksOption": ""}, {"lawId": "Self-Monitoring", "applicableLaw": "Self-Monitoring Report", "conditionId": "SMR-2", "lawCitation": "DAO 2003-27", "complianceRequirement": "Complete and timely submission of CMRs/CMVRs (semi-annualy)", "compliant": "", "remarks": "", "category": "Reporting", "priority": "Medium", "remarksOption": ""}], "systems": [{"system": "Environmental Impact Statement System", "lawId": "PD-1586", "compliant": "No", "nonCompliant": true, "remarks": "GHTH", "remarksOption": "", "id": null, "createdAt": null, "updatedAt": null}, {"system": "Chemical Management", "lawId": "RA-6969", "compliant": "", "nonCompliant": false, "remarks": "", "remarksOption": "", "id": null, "createdAt": null, "updatedAt": null}, {"system": "Hazardous Waste Management", "lawId": "RA-6969", "compliant": "", "nonCompliant": false, "remarks": "", "remarksOption": "", "id": null, "createdAt": null, "updatedAt": null}, {"system": "Air Quality Management", "lawId": "RA-8749", "compliant": "", "nonCompliant": false, "remarks": "", "remarksOption": "", "id": null, "createdAt": null, "updatedAt": null}, {"system": "Water Quality Management", "lawId": "RA-9275", "compliant": "", "nonCompliant": false, "remarks": "", "remarksOption": "", "id": null, "createdAt": null, "updatedAt": null}, {"system": "Solid Waste Management", "lawId": "RA-9003", "compliant": "", "nonCompliant": false, "remarks": "", "remarksOption": "", "id": null, "createdAt": null, "updatedAt": null}, {"system": "Commitment/s from previous Technical Conference", "lawId": "", "compliant": "Yes", "nonCompliant": false, "remarks": "COMPLIANTCVXVXCVXCVDDGGGGFGF", "remarksOption": "", "id": null, "createdAt": null, "updatedAt": null}], "recommendationState": {"checked": ["For accreditation of Pollution Control Office(PCO)/Seminar requirement of Managing Head", "For confirmatory sampling/further monitoring"], "otherText": ""}, "is_draft": true, "last_saved": "2025-10-19T19:36:04.812804+00:00", "saved_by": 2}', '', 'PENDING', '', '', NULL, '2025-10-18 03:16:10.372279', '2025-10-19 19:36:04.817305', 2, NULL, '', NULL, '', NULL, '', NULL, '', '', NULL, '');
INSERT INTO `inspections_inspectionform` (`inspection_id`, `scheduled_at`, `checklist`, `findings_summary`, `compliance_decision`, `violations_found`, `compliance_plan`, `compliance_deadline`, `created_at`, `updated_at`, `inspected_by_id`, `noo_payment_deadline`, `noo_payment_instructions`, `noo_penalty_fees`, `noo_remarks`, `noo_sent_date`, `noo_violation_breakdown`, `nov_compliance_date`, `nov_compliance_instructions`, `nov_remarks`, `nov_sent_date`, `nov_violations`) VALUES (2, '2025-10-20 07:48:00', '{"general": {"establishment_name": "COCA-COLA DISTRIBUTION", "address": "STREET, CARLATAN, SAN FERNANDO, LA UNION, 2500", "coordinates": "16.632584, 120.314568", "nature_of_business": "RETAIL/WHOLESALE", "year_established": "2000", "inspection_date_time": "2025-10-20T15:48", "environmental_laws": ["PD-1586"], "operating_hours": 12, "operating_days_per_week": 7, "operating_days_per_year": 300, "product_lines": "1", "declared_production_rate": "1", "actual_production_rate": "11", "managing_head": "1", "pco_name": "1", "interviewed_person": "11", "pco_accreditation_no": "1", "effectivity_date": "2025-10-20", "phone_fax_no": "0987654321", "email_address": "fjgjggjggj@djf.ss"}, "purpose": {"verify_accuracy": false, "verify_accuracy_details": [], "verify_accuracy_others": "", "determine_compliance": true, "investigate_complaints": false, "check_commitment_status": false, "commitment_status_details": [], "commitment_status_others": "", "other_purpose": false, "other_purpose_specify": ""}, "permits": [{"lawId": "PD-1586", "permitType": "ECC1", "permitNumber": "ECC-R1-2025-555", "dateIssued": "2025-10-09", "expiryDate": "", "description": "Environmental Compliance Certificate Type 1", "required": true}, {"lawId": "PD-1586", "permitType": "ECC2", "permitNumber": "", "dateIssued": "", "expiryDate": "", "description": "Environmental Compliance Certificate Type 2", "required": false}, {"lawId": "PD-1586", "permitType": "ECC3", "permitNumber": "", "dateIssued": "", "expiryDate": "", "description": "Environmental Compliance Certificate Type 3", "required": false}, {"lawId": "RA-6969", "permitType": "DENR Registry ID", "permitNumber": "", "dateIssued": "", "expiryDate": "", "description": "Chemical Control Order Registry Identification", "required": true}, {"lawId": "RA-6969", "permitType": "PCL Compliance Certificate", "permitNumber": "", "dateIssued": "", "expiryDate": "", "description": "Priority Chemicals List Compliance Certificate", "required": true}, {"lawId": "RA-6969", "permitType": "CCO Registry", "permitNumber": "", "dateIssued": "", "expiryDate": "", "description": "Chemical Control Order Registry", "required": false}, {"lawId": "RA-6969", "permitType": "Importer Clearance No.", "permitNumber": "", "dateIssued": "", "expiryDate": "", "description": "Importer Clearance Number for Hazardous Substances", "required": false}, {"lawId": "RA-6969", "permitType": "Permit to Transport", "permitNumber": "", "dateIssued": "", "expiryDate": "", "description": "Hazardous Waste Transport Permit", "required": true}, {"lawId": "RA-6969", "permitType": "Copy of COT issued by licensed TSD Facility", "permitNumber": "", "dateIssued": "", "expiryDate": "", "description": "Certificate of Treatment from Treatment, Storage, and Disposal Facility", "required": false}, {"lawId": "RA-8749", "permitType": "POA No.", "permitNumber": "", "dateIssued": "", "expiryDate": "", "description": "Permit to Operate Air Pollution Source", "required": true}, {"lawId": "RA-9275", "permitType": "Discharge Permit No.", "permitNumber": "", "dateIssued": "", "expiryDate": "", "description": "Wastewater Discharge Permit", "required": true}, {"lawId": "RA-9003", "permitType": "With MOA/Agreement for residuals disposed of to a SLF w/ ECC", "permitNumber": "", "dateIssued": "", "expiryDate": "", "description": "Memorandum of Agreement for Residual Waste Disposal", "required": false}], "complianceItems": [{"lawId": "PD-1586", "applicableLaw": "PD-1586: Environmental Compliance Certificate (ECC) Conditionalities", "conditionId": "PD-1586-1", "conditionNumber": "1", "complianceRequirement": "ABC", "compliant": "Yes", "remarks": "ssss", "category": "Documentation", "priority": "High", "lawCitation": "", "remarksOption": ""}, {"lawId": "RA-6969", "applicableLaw": "RA 6969: Toxic Substances and Hazardous and Nuclear Waste Control Act", "conditionId": "RA-6969-PCL-1", "lawCitation": "Priority Chemical List", "complianceRequirement": "Valid PCL Compliance Certificate", "compliant": "", "remarks": "", "category": "Certification", "priority": "High", "remarksOption": ""}, {"lawId": "RA-6969", "applicableLaw": "RA 6969: Toxic Substances and Hazardous and Nuclear Waste Control Act", "conditionId": "RA-6969-PCL-2", "lawCitation": "Priority Chemical List", "complianceRequirement": "Annual Reporting", "compliant": "", "remarks": "", "category": "Reporting", "priority": "Medium", "remarksOption": ""}, {"lawId": "RA-6969", "applicableLaw": "RA 6969: Toxic Substances and Hazardous and Nuclear Waste Control Act", "conditionId": "RA-6969-CCO-1", "lawCitation": "Chemical Control Order", "complianceRequirement": "Biennial Report for those chemicals that are for issuance of CCO", "compliant": "", "remarks": "", "category": "Reporting", "priority": "Medium", "remarksOption": ""}, {"lawId": "RA-6969", "applicableLaw": "RA 6969: Toxic Substances and Hazardous and Nuclear Waste Control Act", "conditionId": "RA-6969-CCO-2", "lawCitation": "Chemical Control Order", "complianceRequirement": "CCO Registration", "compliant": "", "remarks": "", "category": "Certification", "priority": "High", "remarksOption": ""}, {"lawId": "RA-6969", "applicableLaw": "RA 6969: Toxic Substances and Hazardous and Nuclear Waste Control Act", "conditionId": "RA-6969-IMP-1", "lawCitation": "Importation", "complianceRequirement": "Valid Small Quantity Importation Clearance", "compliant": "", "remarks": "", "category": "Certification", "priority": "High", "remarksOption": ""}, {"lawId": "RA-6969", "applicableLaw": "RA 6969: Toxic Substances and Hazardous and Nuclear Waste Control Act", "conditionId": "RA-6969-IMP-2", "lawCitation": "Importation", "complianceRequirement": "Valid Importation Clearance", "compliant": "", "remarks": "", "category": "Certification", "priority": "High", "remarksOption": ""}, {"lawId": "RA-6969", "applicableLaw": "RA 6969: Toxic Substances and Hazardous and Nuclear Waste Control Act", "conditionId": "RA-6969-IMP-3", "lawCitation": "Importation", "complianceRequirement": "Bill of Lading", "compliant": "", "remarks": "", "category": "Documentation", "priority": "Medium", "remarksOption": ""}, {"lawId": "RA-6969", "applicableLaw": "RA 6969: Toxic Substances and Hazardous and Nuclear Waste Control Act", "conditionId": "RA-6969-HWG-1", "lawCitation": "Hazardous Waste Generator", "complianceRequirement": "Registration as Hazardous Waste Generator", "compliant": "", "remarks": "", "category": "Certification", "priority": "High", "remarksOption": ""}, {"lawId": "RA-6969", "applicableLaw": "RA 6969: Toxic Substances and Hazardous and Nuclear Waste Control Act", "conditionId": "RA-6969-HWG-2", "lawCitation": "Hazardous Waste Generator", "complianceRequirement": "With temporary Hazwaste Storage Facility", "compliant": "", "remarks": "", "category": "Operational", "priority": "Medium", "remarksOption": ""}, {"lawId": "RA-6969", "applicableLaw": "RA 6969: Toxic Substances and Hazardous and Nuclear Waste Control Act", "conditionId": "RA-6969-HWSL-1", "lawCitation": "Hazardous Waste Storage and Labeling", "complianceRequirement": "Hazardous Waste properly labeled", "compliant": "", "remarks": "", "category": "Operational", "priority": "Medium", "remarksOption": ""}, {"lawId": "RA-6969", "applicableLaw": "RA 6969: Toxic Substances and Hazardous and Nuclear Waste Control Act", "conditionId": "RA-6969-HWSL-2", "lawCitation": "Hazardous Waste Storage and Labeling", "complianceRequirement": "Valid Permit to Transport", "compliant": "", "remarks": "", "category": "Permitting", "priority": "High", "remarksOption": ""}, {"lawId": "RA-6969", "applicableLaw": "RA 6969: Toxic Substances and Hazardous and Nuclear Waste Control Act", "conditionId": "RA-6969-HWSL-3", "lawCitation": "Hazardous Waste Storage and Labeling", "complianceRequirement": "Valid Registration of Transporter and Treaters", "compliant": "", "remarks": "", "category": "Certification", "priority": "High", "remarksOption": ""}, {"lawId": "RA-6969", "applicableLaw": "RA 6969: Toxic Substances and Hazardous and Nuclear Waste Control Act", "conditionId": "RA-6969-WT-WTR-1", "lawCitation": "Waste Transporter, Waste Transport Record; Waste Treatment and Disposal Premises", "complianceRequirement": "WCompliance with Manifest system (Waste Transport Record)", "compliant": "", "remarks": "", "category": "Operational", "priority": "Medium", "remarksOption": ""}, {"lawId": "RA-6969", "applicableLaw": "RA 6969: Toxic Substances and Hazardous and Nuclear Waste Control Act", "conditionId": "RA-6969-WT-WTR-2", "lawCitation": "Waste Transporter, Waste Transport Record; Waste Treatment and Disposal Premises", "complianceRequirement": "Valid/Completed Cerfificate of Treatment(COT)", "compliant": "", "remarks": "", "category": "Documentation", "priority": "Medium", "remarksOption": ""}, {"lawId": "RA-8749", "applicableLaw": "sample", "conditionId": "RA-8749-PO-1", "lawCitation": "RA 8749: Philippine Clean Air Act", "complianceRequirement": "With Valid POA", "compliant": "", "remarks": "", "category": "Permitting", "priority": "High", "remarksOption": ""}, {"lawId": "RA-8749", "applicableLaw": "Permit to Operate (Air)", "conditionId": "RA-8749-PO-2", "lawCitation": "RA 8749: Philippine Clean Air Act", "complianceRequirement": "All Emission Sources is Covered by a valid POA", "compliant": "", "remarks": "", "category": "Permitting", "priority": "High", "remarksOption": ""}, {"lawId": "RA-8749", "applicableLaw": "RA 8749: Philippine Clean Air Act", "conditionId": "RA-8749-PO-3", "lawCitation": "Permit to Operate (Air)", "complianceRequirement": "POA is displayed in a conspicuous place near the installation", "compliant": "", "remarks": "", "category": "Documentation", "priority": "Medium", "remarksOption": ""}, {"lawId": "RA-8749", "applicableLaw": "RA 8749: Philippine Clean Air Act", "conditionId": "RA-8749-PO-4", "lawCitation": "Permit to Operate (Air)", "complianceRequirement": "All Permit Conditions are complied with", "compliant": "", "remarks": "", "category": "Operational", "priority": "Medium", "remarksOption": ""}, {"lawId": "RA-8749", "applicableLaw": "RA 8749: Philippine Clean Air Act", "conditionId": "RA-8749-PO-5", "lawCitation": "Permit to Operate (Air)", "complianceRequirement": "Wind direction device installed (if applicable)", "compliant": "", "remarks": "", "category": "Operational", "priority": "Low", "remarksOption": ""}, {"lawId": "RA-8749", "applicableLaw": "RA 8749: Philippine Clean Air Act", "conditionId": "RA-8749-PO-6", "lawCitation": "Permit to Operate (Air)", "complianceRequirement": "Plant operational problems lasting for more than 1 hour should be reoprted to EMB w/in 24 hrs.", "compliant": "", "remarks": "", "category": "Reporting", "priority": "Medium", "remarksOption": ""}, {"lawId": "RA-8749", "applicableLaw": "RA 8749: Philippine Clean Air Act", "conditionId": "RA-8749-PO-7", "lawCitation": "Permit to Operate (Air)", "complianceRequirement": "CCTV installed (for large sources only)", "compliant": "", "remarks": "", "category": "Operational", "priority": "Low", "remarksOption": ""}, {"lawId": "RA-8749", "applicableLaw": "RA 8749: Philippine Clean Air Act", "conditionId": "RA-8749-PO-8", "lawCitation": "Permit to Operate (Air)", "complianceRequirement": "CEMS/PEMS installed (for petroleum refineries, power/cement plants or sources emitting (750Tons/yr.) Yearly RATA/Quarterly CGA conducted (for sources w/CEMS", "compliant": "", "remarks": "", "category": "Monitoring", "priority": "Medium", "remarksOption": ""}, {"lawId": "RA-8749", "applicableLaw": "RA 8749: Philippine Clean Air Act", "conditionId": "RA-8749-ET-1", "lawCitation": "Emission Testing (if applicable)", "complianceRequirement": "Compliance w/ emission standars?", "compliant": "", "remarks": "", "category": "Monitoring", "priority": "Medium", "remarksOption": ""}, {"lawId": "RA-8749", "applicableLaw": "RA 8749: Philippine Clean Air Act", "conditionId": "RA-8749-AT-1", "lawCitation": "Ambient Testing (if applicable)", "complianceRequirement": "Compliance w/ ambient air quality standards?", "compliant": "", "remarks": "", "category": "Monitoring", "priority": "Medium", "remarksOption": ""}, {"lawId": "RA-9275", "applicableLaw": "RA 9275: Philippine Clean Water Act", "conditionId": "RA-9275-DP-1", "lawCitation": "Discharge Permit (DP)", "complianceRequirement": "With Valid Discharge Permit", "compliant": "", "remarks": "", "category": "Permitting", "priority": "High", "remarksOption": ""}, {"lawId": "RA-9275", "applicableLaw": "RA 9275: Philippine Clean Water Act", "conditionId": "RA-9275-DP-2", "lawCitation": "Discharge Permit (DP)", "complianceRequirement": "Volume if Duscgarge consistent with DP issued?", "compliant": "", "remarks": "", "category": "Operational", "priority": "Medium", "remarksOption": ""}, {"lawId": "RA-9275", "applicableLaw": "RA 9275: Philippine Clean Water Act", "conditionId": "RA-9275-DP-3", "lawCitation": "Discharge Permit (DP)", "complianceRequirement": "All permit conditions are complied with?", "compliant": "", "remarks": "", "category": "Operational", "priority": "Medium", "remarksOption": ""}, {"lawId": "RA-9275", "applicableLaw": "RA 9275: Philippine Clean Water Act", "conditionId": "RA-9275-DP-4", "lawCitation": "Discharge Permit (DP)", "complianceRequirement": "With working flow metering device (if applicable)", "compliant": "", "remarks": "", "category": "Operational", "priority": "Medium", "remarksOption": ""}, {"lawId": "RA-9275", "applicableLaw": "RA 9275: Philippine Clean Water Act", "conditionId": "RA-9275-DP-5", "lawCitation": "Discharge Permit (DP)", "complianceRequirement": "Certificate of septage siphoning hauled by accredited service provider", "compliant": "", "remarks": "", "category": "Documentation", "priority": "Medium", "remarksOption": ""}, {"lawId": "RA-9275", "applicableLaw": "RA 9275: Philippine Clean Water Act", "conditionId": "RA-9275-ETR-1", "lawCitation": "Effluent Testing Report (if applicable)", "complianceRequirement": "In compliance with effluent standards", "compliant": "", "remarks": "", "category": "Monitoring", "priority": "Medium", "remarksOption": ""}, {"lawId": "RA-9275", "applicableLaw": "RA 9275: Philippine Clean Water Act", "conditionId": "RA-9275-AWQM-1", "lawCitation": "Ambient Water Quality Monitoring (if applicable)", "complianceRequirement": "With ambient water quality monitoring results.", "compliant": "", "remarks": "", "category": "Monitoring", "priority": "Medium", "remarksOption": ""}, {"lawId": "RA-9275", "applicableLaw": "RA 9275: Philippine Clean Water Act", "conditionId": "RA-9275-WCS-2", "lawCitation": "Wastewater Charge System (if applicable)", "complianceRequirement": "Payment of wastewater charges", "compliant": "", "remarks": "", "category": "Operational", "priority": "Medium", "remarksOption": ""}, {"lawId": "RA-9003", "applicableLaw": "RA 9003: Ecological Solid Waste Management Act", "conditionId": "RA-9003-WS-1", "lawCitation": "Waste Segregation", "complianceRequirement": "With MRF on site", "compliant": "", "remarks": "", "category": "Operational", "priority": "Medium", "remarksOption": ""}, {"lawId": "RA-9003", "applicableLaw": "RA 9003: Ecological Solid Waste Management Act", "conditionId": "RA-9003-WS-2", "lawCitation": "Waste Segregation", "complianceRequirement": "Segregated solid waste collected by LGU or Private Contractor Name of PC:", "compliant": "", "remarks": "", "category": "Operational", "priority": "Medium", "remarksOption": ""}, {"lawId": "RA-9003", "applicableLaw": "RA 9003: Ecological Solid Waste Management Act", "conditionId": "RA-9003-WS-3", "lawCitation": "Waste Segregation", "complianceRequirement": "With composting facility (if applicable)", "compliant": "", "remarks": "", "category": "Operational", "priority": "Low", "remarksOption": ""}, {"lawId": "RA-9003", "applicableLaw": "RA 9003: Ecological Solid Waste Management Act", "conditionId": "RA-9003-SWD-1", "lawCitation": "Solid Waste Disposal", "complianceRequirement": "Residuals are disposed to a SLF", "compliant": "", "remarks": "", "category": "Operational", "priority": "Medium", "remarksOption": ""}, {"lawId": "RA-9003", "applicableLaw": "RA 9003: Ecological Solid Waste Management Act", "conditionId": "RA-9003-SWD-2", "lawCitation": "Solid Waste Disposal", "complianceRequirement": "With MOA/Agreement w/ LGU", "compliant": "", "remarks": "", "category": "Documentation", "priority": "Medium", "remarksOption": ""}, {"lawId": "Pollution-Control", "applicableLaw": "Pollution Control Officer Accreditation", "conditionId": "PCO-1", "lawCitation": "DAO 2014-02 or Revised Guidelines on PCO Accreditation", "complianceRequirement": "With valid PCO accreditation certificate", "compliant": "Yes", "remarks": "qq", "category": "Certification", "priority": "High", "remarksOption": ""}, {"lawId": "Pollution-Control", "applicableLaw": "Pollution Control Officer Accreditation", "conditionId": "PCO-2", "lawCitation": "DAO 2014-02 or Revised Guidelines on PCO Accreditation", "complianceRequirement": "Managing head w/ 8 hrs. training certificate", "compliant": "Yes", "remarks": "qqq", "category": "Training", "priority": "Medium", "remarksOption": ""}, {"lawId": "Self-Monitoring", "applicableLaw": "Self-Monitoring Report", "conditionId": "SMR-1", "lawCitation": "DAO 2003-27", "complianceRequirement": "Complete and timely submission of SMRs (quarterly)", "compliant": "Yes", "remarks": "aa", "category": "Reporting", "priority": "Medium", "remarksOption": ""}, {"lawId": "Self-Monitoring", "applicableLaw": "Self-Monitoring Report", "conditionId": "SMR-2", "lawCitation": "DAO 2003-27", "complianceRequirement": "Complete and timely submission of CMRs/CMVRs (semi-annualy)", "compliant": "Yes", "remarks": "aa", "category": "Reporting", "priority": "Medium", "remarksOption": ""}], "systems": [{"system": "Environmental Impact Statement System", "lawId": "PD-1586", "compliant": "Yes", "nonCompliant": false, "remarks": "Compliant", "remarksOption": "", "id": null, "createdAt": null, "updatedAt": null}, {"system": "Chemical Management", "lawId": "RA-6969", "compliant": "", "nonCompliant": false, "remarks": "", "remarksOption": "", "id": null, "createdAt": null, "updatedAt": null}, {"system": "Hazardous Waste Management", "lawId": "RA-6969", "compliant": "", "nonCompliant": false, "remarks": "", "remarksOption": "", "id": null, "createdAt": null, "updatedAt": null}, {"system": "Air Quality Management", "lawId": "RA-8749", "compliant": "", "nonCompliant": false, "remarks": "", "remarksOption": "", "id": null, "createdAt": null, "updatedAt": null}, {"system": "Water Quality Management", "lawId": "RA-9275", "compliant": "", "nonCompliant": false, "remarks": "", "remarksOption": "", "id": null, "createdAt": null, "updatedAt": null}, {"system": "Solid Waste Management", "lawId": "RA-9003", "compliant": "", "nonCompliant": false, "remarks": "", "remarksOption": "", "id": null, "createdAt": null, "updatedAt": null}, {"system": "Commitment/s from previous Technical Conference", "lawId": "", "compliant": "Yes", "nonCompliant": false, "remarks": "Compliant", "remarksOption": "", "id": null, "createdAt": null, "updatedAt": null}], "recommendationState": {"checked": [], "otherText": ""}, "is_draft": false, "completed_at": "2025-10-20T11:19:19.880264+00:00", "completed_by": 2}', '', 'PENDING', '', '', NULL, '2025-10-18 08:21:01.014093', '2025-10-20 11:19:19.885880', 5, NULL, '', NULL, '', NULL, '', NULL, '', '', NULL, '');
INSERT INTO `inspections_inspectionform` (`inspection_id`, `scheduled_at`, `checklist`, `findings_summary`, `compliance_decision`, `violations_found`, `compliance_plan`, `compliance_deadline`, `created_at`, `updated_at`, `inspected_by_id`, `noo_payment_deadline`, `noo_payment_instructions`, `noo_penalty_fees`, `noo_remarks`, `noo_sent_date`, `noo_violation_breakdown`, `nov_compliance_date`, `nov_compliance_instructions`, `nov_remarks`, `nov_sent_date`, `nov_violations`) VALUES (3, '2025-10-20 09:00:00', '{"general": {"establishment_name": "FJ''S GROCERY", "address": "STREET, POBLACION, BACNOTAN, LA UNION, 2525", "coordinates": "16.720776, 120.348267", "nature_of_business": "RESTAURANT/FOOD SERVICE", "year_established": "2000", "inspection_date_time": "2025-10-20T17:00", "environmental_laws": ["PD-1586", "RA-6969", "RA-8749", "RA-9275", "RA-9003"], "operating_hours": 12, "operating_days_per_week": 5, "operating_days_per_year": 300, "product_lines": "AA", "declared_production_rate": "AA", "actual_production_rate": "A", "managing_head": "A", "pco_name": "A", "interviewed_person": "A", "pco_accreditation_no": "A", "effectivity_date": "2025-10-29", "phone_fax_no": "0987654321", "email_address": "examplwe@gmail.dd"}, "purpose": {"verify_accuracy": false, "verify_accuracy_details": [], "verify_accuracy_others": "", "determine_compliance": true, "investigate_complaints": false, "check_commitment_status": false, "commitment_status_details": [], "commitment_status_others": "", "other_purpose": false, "other_purpose_specify": ""}, "permits": [{"lawId": "PD-1586", "permitType": "ECC1", "permitNumber": "ECC-R1-2023-464", "dateIssued": "2000-03-01", "expiryDate": "", "description": "Environmental Compliance Certificate Type 1", "required": true}, {"lawId": "PD-1586", "permitType": "ECC2", "permitNumber": "", "dateIssued": "", "expiryDate": "", "description": "Environmental Compliance Certificate Type 2", "required": false}, {"lawId": "PD-1586", "permitType": "ECC3", "permitNumber": "", "dateIssued": "", "expiryDate": "", "description": "Environmental Compliance Certificate Type 3", "required": false}, {"lawId": "RA-6969", "permitType": "DENR Registry ID", "permitNumber": "", "dateIssued": "", "expiryDate": "", "description": "Chemical Control Order Registry Identification", "required": true}, {"lawId": "RA-6969", "permitType": "PCL Compliance Certificate", "permitNumber": "", "dateIssued": "", "expiryDate": "", "description": "Priority Chemicals List Compliance Certificate", "required": true}, {"lawId": "RA-6969", "permitType": "CCO Registry", "permitNumber": "", "dateIssued": "", "expiryDate": "", "description": "Chemical Control Order Registry", "required": false}, {"lawId": "RA-6969", "permitType": "Importer Clearance No.", "permitNumber": "", "dateIssued": "", "expiryDate": "", "description": "Importer Clearance Number for Hazardous Substances", "required": false}, {"lawId": "RA-6969", "permitType": "Permit to Transport", "permitNumber": "", "dateIssued": "", "expiryDate": "", "description": "Hazardous Waste Transport Permit", "required": true}, {"lawId": "RA-6969", "permitType": "Copy of COT issued by licensed TSD Facility", "permitNumber": "", "dateIssued": "", "expiryDate": "", "description": "Certificate of Treatment from Treatment, Storage, and Disposal Facility", "required": false}, {"lawId": "RA-8749", "permitType": "POA No.", "permitNumber": "", "dateIssued": "", "expiryDate": "", "description": "Permit to Operate Air Pollution Source", "required": true}, {"lawId": "RA-9275", "permitType": "Discharge Permit No.", "permitNumber": "", "dateIssued": "", "expiryDate": "", "description": "Wastewater Discharge Permit", "required": true}, {"lawId": "RA-9003", "permitType": "With MOA/Agreement for residuals disposed of to a SLF w/ ECC", "permitNumber": "", "dateIssued": "", "expiryDate": "", "description": "Memorandum of Agreement for Residual Waste Disposal", "required": false}], "complianceItems": [{"lawId": "PD-1586", "applicableLaw": "PD-1586: Environmental Compliance Certificate (ECC) Conditionalities", "conditionId": "PD-1586-1", "conditionNumber": "FDDF", "complianceRequirement": "DFDFFDF", "compliant": "No", "remarks": "DHDHDH", "category": "Documentation", "priority": "High", "lawCitation": "", "remarksOption": "Document expired"}, {"lawId": "RA-6969", "applicableLaw": "RA 6969: Toxic Substances and Hazardous and Nuclear Waste Control Act", "conditionId": "RA-6969-PCL-1", "lawCitation": "Priority Chemical List", "complianceRequirement": "Valid PCL Compliance Certificate", "compliant": "", "remarks": "", "category": "Certification", "priority": "High", "remarksOption": ""}, {"lawId": "RA-6969", "applicableLaw": "RA 6969: Toxic Substances and Hazardous and Nuclear Waste Control Act", "conditionId": "RA-6969-PCL-2", "lawCitation": "Priority Chemical List", "complianceRequirement": "Annual Reporting", "compliant": "", "remarks": "", "category": "Reporting", "priority": "Medium", "remarksOption": ""}, {"lawId": "RA-6969", "applicableLaw": "RA 6969: Toxic Substances and Hazardous and Nuclear Waste Control Act", "conditionId": "RA-6969-CCO-1", "lawCitation": "Chemical Control Order", "complianceRequirement": "Biennial Report for those chemicals that are for issuance of CCO", "compliant": "", "remarks": "", "category": "Reporting", "priority": "Medium", "remarksOption": ""}, {"lawId": "RA-6969", "applicableLaw": "RA 6969: Toxic Substances and Hazardous and Nuclear Waste Control Act", "conditionId": "RA-6969-CCO-2", "lawCitation": "Chemical Control Order", "complianceRequirement": "CCO Registration", "compliant": "", "remarks": "", "category": "Certification", "priority": "High", "remarksOption": ""}, {"lawId": "RA-6969", "applicableLaw": "RA 6969: Toxic Substances and Hazardous and Nuclear Waste Control Act", "conditionId": "RA-6969-IMP-1", "lawCitation": "Importation", "complianceRequirement": "Valid Small Quantity Importation Clearance", "compliant": "", "remarks": "", "category": "Certification", "priority": "High", "remarksOption": ""}, {"lawId": "RA-6969", "applicableLaw": "RA 6969: Toxic Substances and Hazardous and Nuclear Waste Control Act", "conditionId": "RA-6969-IMP-2", "lawCitation": "Importation", "complianceRequirement": "Valid Importation Clearance", "compliant": "", "remarks": "", "category": "Certification", "priority": "High", "remarksOption": ""}, {"lawId": "RA-6969", "applicableLaw": "RA 6969: Toxic Substances and Hazardous and Nuclear Waste Control Act", "conditionId": "RA-6969-IMP-3", "lawCitation": "Importation", "complianceRequirement": "Bill of Lading", "compliant": "", "remarks": "", "category": "Documentation", "priority": "Medium", "remarksOption": ""}, {"lawId": "RA-6969", "applicableLaw": "RA 6969: Toxic Substances and Hazardous and Nuclear Waste Control Act", "conditionId": "RA-6969-HWG-1", "lawCitation": "Hazardous Waste Generator", "complianceRequirement": "Registration as Hazardous Waste Generator", "compliant": "", "remarks": "", "category": "Certification", "priority": "High", "remarksOption": ""}, {"lawId": "RA-6969", "applicableLaw": "RA 6969: Toxic Substances and Hazardous and Nuclear Waste Control Act", "conditionId": "RA-6969-HWG-2", "lawCitation": "Hazardous Waste Generator", "complianceRequirement": "With temporary Hazwaste Storage Facility", "compliant": "", "remarks": "", "category": "Operational", "priority": "Medium", "remarksOption": ""}, {"lawId": "RA-6969", "applicableLaw": "RA 6969: Toxic Substances and Hazardous and Nuclear Waste Control Act", "conditionId": "RA-6969-HWSL-1", "lawCitation": "Hazardous Waste Storage and Labeling", "complianceRequirement": "Hazardous Waste properly labeled", "compliant": "", "remarks": "", "category": "Operational", "priority": "Medium", "remarksOption": ""}, {"lawId": "RA-6969", "applicableLaw": "RA 6969: Toxic Substances and Hazardous and Nuclear Waste Control Act", "conditionId": "RA-6969-HWSL-2", "lawCitation": "Hazardous Waste Storage and Labeling", "complianceRequirement": "Valid Permit to Transport", "compliant": "", "remarks": "", "category": "Permitting", "priority": "High", "remarksOption": ""}, {"lawId": "RA-6969", "applicableLaw": "RA 6969: Toxic Substances and Hazardous and Nuclear Waste Control Act", "conditionId": "RA-6969-HWSL-3", "lawCitation": "Hazardous Waste Storage and Labeling", "complianceRequirement": "Valid Registration of Transporter and Treaters", "compliant": "", "remarks": "", "category": "Certification", "priority": "High", "remarksOption": ""}, {"lawId": "RA-6969", "applicableLaw": "RA 6969: Toxic Substances and Hazardous and Nuclear Waste Control Act", "conditionId": "RA-6969-WT-WTR-1", "lawCitation": "Waste Transporter, Waste Transport Record; Waste Treatment and Disposal Premises", "complianceRequirement": "WCompliance with Manifest system (Waste Transport Record)", "compliant": "", "remarks": "", "category": "Operational", "priority": "Medium", "remarksOption": ""}, {"lawId": "RA-6969", "applicableLaw": "RA 6969: Toxic Substances and Hazardous and Nuclear Waste Control Act", "conditionId": "RA-6969-WT-WTR-2", "lawCitation": "Waste Transporter, Waste Transport Record; Waste Treatment and Disposal Premises", "complianceRequirement": "Valid/Completed Cerfificate of Treatment(COT)", "compliant": "", "remarks": "", "category": "Documentation", "priority": "Medium", "remarksOption": ""}, {"lawId": "RA-8749", "applicableLaw": "sample", "conditionId": "RA-8749-PO-1", "lawCitation": "RA 8749: Philippine Clean Air Act", "complianceRequirement": "With Valid POA", "compliant": "", "remarks": "", "category": "Permitting", "priority": "High", "remarksOption": ""}, {"lawId": "RA-8749", "applicableLaw": "Permit to Operate (Air)", "conditionId": "RA-8749-PO-2", "lawCitation": "RA 8749: Philippine Clean Air Act", "complianceRequirement": "All Emission Sources is Covered by a valid POA", "compliant": "", "remarks": "", "category": "Permitting", "priority": "High", "remarksOption": ""}, {"lawId": "RA-8749", "applicableLaw": "RA 8749: Philippine Clean Air Act", "conditionId": "RA-8749-PO-3", "lawCitation": "Permit to Operate (Air)", "complianceRequirement": "POA is displayed in a conspicuous place near the installation", "compliant": "", "remarks": "", "category": "Documentation", "priority": "Medium", "remarksOption": ""}, {"lawId": "RA-8749", "applicableLaw": "RA 8749: Philippine Clean Air Act", "conditionId": "RA-8749-PO-4", "lawCitation": "Permit to Operate (Air)", "complianceRequirement": "All Permit Conditions are complied with", "compliant": "", "remarks": "", "category": "Operational", "priority": "Medium", "remarksOption": ""}, {"lawId": "RA-8749", "applicableLaw": "RA 8749: Philippine Clean Air Act", "conditionId": "RA-8749-PO-5", "lawCitation": "Permit to Operate (Air)", "complianceRequirement": "Wind direction device installed (if applicable)", "compliant": "", "remarks": "", "category": "Operational", "priority": "Low", "remarksOption": ""}, {"lawId": "RA-8749", "applicableLaw": "RA 8749: Philippine Clean Air Act", "conditionId": "RA-8749-PO-6", "lawCitation": "Permit to Operate (Air)", "complianceRequirement": "Plant operational problems lasting for more than 1 hour should be reoprted to EMB w/in 24 hrs.", "compliant": "", "remarks": "", "category": "Reporting", "priority": "Medium", "remarksOption": ""}, {"lawId": "RA-8749", "applicableLaw": "RA 8749: Philippine Clean Air Act", "conditionId": "RA-8749-PO-7", "lawCitation": "Permit to Operate (Air)", "complianceRequirement": "CCTV installed (for large sources only)", "compliant": "", "remarks": "", "category": "Operational", "priority": "Low", "remarksOption": ""}, {"lawId": "RA-8749", "applicableLaw": "RA 8749: Philippine Clean Air Act", "conditionId": "RA-8749-PO-8", "lawCitation": "Permit to Operate (Air)", "complianceRequirement": "CEMS/PEMS installed (for petroleum refineries, power/cement plants or sources emitting (750Tons/yr.) Yearly RATA/Quarterly CGA conducted (for sources w/CEMS", "compliant": "", "remarks": "", "category": "Monitoring", "priority": "Medium", "remarksOption": ""}, {"lawId": "RA-8749", "applicableLaw": "RA 8749: Philippine Clean Air Act", "conditionId": "RA-8749-ET-1", "lawCitation": "Emission Testing (if applicable)", "complianceRequirement": "Compliance w/ emission standars?", "compliant": "", "remarks": "", "category": "Monitoring", "priority": "Medium", "remarksOption": ""}, {"lawId": "RA-8749", "applicableLaw": "RA 8749: Philippine Clean Air Act", "conditionId": "RA-8749-AT-1", "lawCitation": "Ambient Testing (if applicable)", "complianceRequirement": "Compliance w/ ambient air quality standards?", "compliant": "", "remarks": "", "category": "Monitoring", "priority": "Medium", "remarksOption": ""}, {"lawId": "RA-9275", "applicableLaw": "RA 9275: Philippine Clean Water Act", "conditionId": "RA-9275-DP-1", "lawCitation": "Discharge Permit (DP)", "complianceRequirement": "With Valid Discharge Permit", "compliant": "", "remarks": "", "category": "Permitting", "priority": "High", "remarksOption": ""}, {"lawId": "RA-9275", "applicableLaw": "RA 9275: Philippine Clean Water Act", "conditionId": "RA-9275-DP-2", "lawCitation": "Discharge Permit (DP)", "complianceRequirement": "Volume if Duscgarge consistent with DP issued?", "compliant": "", "remarks": "", "category": "Operational", "priority": "Medium", "remarksOption": ""}, {"lawId": "RA-9275", "applicableLaw": "RA 9275: Philippine Clean Water Act", "conditionId": "RA-9275-DP-3", "lawCitation": "Discharge Permit (DP)", "complianceRequirement": "All permit conditions are complied with?", "compliant": "", "remarks": "", "category": "Operational", "priority": "Medium", "remarksOption": ""}, {"lawId": "RA-9275", "applicableLaw": "RA 9275: Philippine Clean Water Act", "conditionId": "RA-9275-DP-4", "lawCitation": "Discharge Permit (DP)", "complianceRequirement": "With working flow metering device (if applicable)", "compliant": "", "remarks": "", "category": "Operational", "priority": "Medium", "remarksOption": ""}, {"lawId": "RA-9275", "applicableLaw": "RA 9275: Philippine Clean Water Act", "conditionId": "RA-9275-DP-5", "lawCitation": "Discharge Permit (DP)", "complianceRequirement": "Certificate of septage siphoning hauled by accredited service provider", "compliant": "", "remarks": "", "category": "Documentation", "priority": "Medium", "remarksOption": ""}, {"lawId": "RA-9275", "applicableLaw": "RA 9275: Philippine Clean Water Act", "conditionId": "RA-9275-ETR-1", "lawCitation": "Effluent Testing Report (if applicable)", "complianceRequirement": "In compliance with effluent standards", "compliant": "", "remarks": "", "category": "Monitoring", "priority": "Medium", "remarksOption": ""}, {"lawId": "RA-9275", "applicableLaw": "RA 9275: Philippine Clean Water Act", "conditionId": "RA-9275-AWQM-1", "lawCitation": "Ambient Water Quality Monitoring (if applicable)", "complianceRequirement": "With ambient water quality monitoring results.", "compliant": "", "remarks": "", "category": "Monitoring", "priority": "Medium", "remarksOption": ""}, {"lawId": "RA-9275", "applicableLaw": "RA 9275: Philippine Clean Water Act", "conditionId": "RA-9275-WCS-2", "lawCitation": "Wastewater Charge System (if applicable)", "complianceRequirement": "Payment of wastewater charges", "compliant": "", "remarks": "", "category": "Operational", "priority": "Medium", "remarksOption": ""}, {"lawId": "RA-9003", "applicableLaw": "RA 9003: Ecological Solid Waste Management Act", "conditionId": "RA-9003-WS-1", "lawCitation": "Waste Segregation", "complianceRequirement": "With MRF on site", "compliant": "", "remarks": "", "category": "Operational", "priority": "Medium", "remarksOption": ""}, {"lawId": "RA-9003", "applicableLaw": "RA 9003: Ecological Solid Waste Management Act", "conditionId": "RA-9003-WS-2", "lawCitation": "Waste Segregation", "complianceRequirement": "Segregated solid waste collected by LGU or Private Contractor Name of PC:", "compliant": "", "remarks": "", "category": "Operational", "priority": "Medium", "remarksOption": ""}, {"lawId": "RA-9003", "applicableLaw": "RA 9003: Ecological Solid Waste Management Act", "conditionId": "RA-9003-WS-3", "lawCitation": "Waste Segregation", "complianceRequirement": "With composting facility (if applicable)", "compliant": "", "remarks": "", "category": "Operational", "priority": "Low", "remarksOption": ""}, {"lawId": "RA-9003", "applicableLaw": "RA 9003: Ecological Solid Waste Management Act", "conditionId": "RA-9003-SWD-1", "lawCitation": "Solid Waste Disposal", "complianceRequirement": "Residuals are disposed to a SLF", "compliant": "", "remarks": "", "category": "Operational", "priority": "Medium", "remarksOption": ""}, {"lawId": "RA-9003", "applicableLaw": "RA 9003: Ecological Solid Waste Management Act", "conditionId": "RA-9003-SWD-2", "lawCitation": "Solid Waste Disposal", "complianceRequirement": "With MOA/Agreement w/ LGU", "compliant": "", "remarks": "", "category": "Documentation", "priority": "Medium", "remarksOption": ""}, {"lawId": "Pollution-Control", "applicableLaw": "Pollution Control Officer Accreditation", "conditionId": "PCO-1", "lawCitation": "DAO 2014-02 or Revised Guidelines on PCO Accreditation", "complianceRequirement": "With valid PCO accreditation certificate", "compliant": "", "remarks": "", "category": "Certification", "priority": "High", "remarksOption": ""}, {"lawId": "Pollution-Control", "applicableLaw": "Pollution Control Officer Accreditation", "conditionId": "PCO-2", "lawCitation": "DAO 2014-02 or Revised Guidelines on PCO Accreditation", "complianceRequirement": "Managing head w/ 8 hrs. training certificate", "compliant": "", "remarks": "", "category": "Training", "priority": "Medium", "remarksOption": ""}, {"lawId": "Self-Monitoring", "applicableLaw": "Self-Monitoring Report", "conditionId": "SMR-1", "lawCitation": "DAO 2003-27", "complianceRequirement": "Complete and timely submission of SMRs (quarterly)", "compliant": "", "remarks": "", "category": "Reporting", "priority": "Medium", "remarksOption": ""}, {"lawId": "Self-Monitoring", "applicableLaw": "Self-Monitoring Report", "conditionId": "SMR-2", "lawCitation": "DAO 2003-27", "complianceRequirement": "Complete and timely submission of CMRs/CMVRs (semi-annualy)", "compliant": "", "remarks": "", "category": "Reporting", "priority": "Medium", "remarksOption": ""}], "systems": [{"system": "Environmental Impact Statement System", "lawId": "PD-1586", "compliant": "No", "nonCompliant": true, "remarks": "NON-COMPLIANT ITEMS - PRESIDENTIAL DECREE NO. 1586 - ENVIRONMENTAL IMPACT STATEMENT SYSTEM:\\n\\n1. CONDITION FDDF: DFDFFDF\\n   REMARK: DOCUMENT EXPIRED\\n\\n\\n\\u2500\\u2500\\u2500\\u2500\\u2500\\u2500\\u2500\\u2500\\u2500\\u2500\\u2500\\u2500\\u2500\\u2500\\u2500\\u2500\\u2500\\u2500\\u2500\\u2500\\u2500\\u2500\\u2500\\u2500\\u2500\\u2500\\u2500\\u2500G\\nADDITIONAL OBSERVATIONS:GGG", "remarksOption": "", "id": null, "createdAt": null, "updatedAt": null}, {"system": "Chemical Management", "lawId": "RA-6969", "compliant": "No", "nonCompliant": true, "remarks": "GTTTRR", "remarksOption": "", "id": null, "createdAt": null, "updatedAt": null}, {"system": "Hazardous Waste Management", "lawId": "RA-6969", "compliant": "Yes", "nonCompliant": false, "remarks": "COMPLIANTTGGG", "remarksOption": "", "id": null, "createdAt": null, "updatedAt": null}, {"system": "Air Quality Management", "lawId": "RA-8749", "compliant": "Yes", "nonCompliant": false, "remarks": "COMPLIANTY", "remarksOption": "", "id": null, "createdAt": null, "updatedAt": null}, {"system": "Water Quality Management", "lawId": "RA-9275", "compliant": "Yes", "nonCompliant": false, "remarks": "COMPLIANTG", "remarksOption": "", "id": null, "createdAt": null, "updatedAt": null}, {"system": "Solid Waste Management", "lawId": "RA-9003", "compliant": "Yes", "nonCompliant": false, "remarks": "COMPLIANTY", "remarksOption": "", "id": null, "createdAt": null, "updatedAt": null}, {"system": "Commitment/s from previous Technical Conference", "lawId": "", "compliant": "", "nonCompliant": false, "remarks": "R", "remarksOption": "", "id": null, "createdAt": null, "updatedAt": null}], "recommendationState": {"checked": ["For issuance of Notice of Violation(NOV)", "For accreditation of Pollution Control Office(PCO)/Seminar requirement of Managing Head", "For Submission of Self-Monitoring Report (SMR)/Compliance monitoring Report(CMR)", "For confirmatory sampling/further monitoring"], "otherText": ""}, "is_draft": false, "completed_at": "2025-10-20T09:03:15.461823+00:00", "completed_by": 5}', '', 'PENDING', '', '', NULL, '2025-10-20 08:56:18.276474', '2025-10-20 09:03:15.478216', 5, NULL, '', NULL, '', NULL, '', NULL, '', '', NULL, '');

--
-- Table structure for table `inspections_inspectionhistory`
--
DROP TABLE IF EXISTS `inspections_inspectionhistory`;
CREATE TABLE `inspections_inspectionhistory` (
  `id` bigint(20) NOT NULL AUTO_INCREMENT,
  `previous_status` varchar(40) DEFAULT NULL,
  `new_status` varchar(40) NOT NULL,
  `law` varchar(50) DEFAULT NULL,
  `section` varchar(50) DEFAULT NULL,
  `remarks` longtext NOT NULL,
  `created_at` datetime(6) NOT NULL,
  `assigned_to_id` bigint(20) DEFAULT NULL,
  `changed_by_id` bigint(20) DEFAULT NULL,
  `inspection_id` bigint(20) NOT NULL,
  PRIMARY KEY (`id`),
  KEY `inspections_inspect_478b05_idx` (`inspection_id`,`created_at`),
  KEY `inspections_changed_7ba279_idx` (`changed_by_id`),
  KEY `inspections_assigne_eafdf9_idx` (`assigned_to_id`),
  CONSTRAINT `inspections_inspecti_assigned_to_id_9053c0dc_fk_users_use` FOREIGN KEY (`assigned_to_id`) REFERENCES `users_user` (`id`),
  CONSTRAINT `inspections_inspecti_changed_by_id_6b11b0da_fk_users_use` FOREIGN KEY (`changed_by_id`) REFERENCES `users_user` (`id`),
  CONSTRAINT `inspections_inspecti_inspection_id_29f23002_fk_inspectio` FOREIGN KEY (`inspection_id`) REFERENCES `inspections_inspection` (`id`)
) ENGINE=InnoDB AUTO_INCREMENT=28 DEFAULT CHARSET=utf8mb4 COLLATE=utf8mb4_general_ci;

--
-- Dumping data for table `inspections_inspectionhistory`
--
INSERT INTO `inspections_inspectionhistory` (`id`, `previous_status`, `new_status`, `law`, `section`, `remarks`, `created_at`, `assigned_to_id`, `changed_by_id`, `inspection_id`) VALUES (1, 'CREATED', 'SECTION_ASSIGNED', NULL, NULL, 'Inspection created and assigned to Section Chief', '2025-10-18 03:16:10.431514', NULL, 3, 1);
INSERT INTO `inspections_inspectionhistory` (`id`, `previous_status`, `new_status`, `law`, `section`, `remarks`, `created_at`, `assigned_to_id`, `changed_by_id`, `inspection_id`) VALUES (2, 'SECTION_ASSIGNED', 'SECTION_IN_PROGRESS', 'PD-1586', 'PD-1586,RA-8749,RA-9275', 'Moved to My Inspections', '2025-10-18 04:17:47.651848', 2, 2, 1);
INSERT INTO `inspections_inspectionhistory` (`id`, `previous_status`, `new_status`, `law`, `section`, `remarks`, `created_at`, `assigned_to_id`, `changed_by_id`, `inspection_id`) VALUES (3, 'CREATED', 'SECTION_ASSIGNED', NULL, NULL, 'Inspection created and assigned to Section Chief', '2025-10-18 08:21:01.295061', NULL, 3, 2);
INSERT INTO `inspections_inspectionhistory` (`id`, `previous_status`, `new_status`, `law`, `section`, `remarks`, `created_at`, `assigned_to_id`, `changed_by_id`, `inspection_id`) VALUES (4, 'SECTION_ASSIGNED', 'UNIT_ASSIGNED', 'PD-1586', 'PD-1586,RA-8749,RA-9275', 'Forwarded to next level', '2025-10-18 08:22:04.711671', 4, 2, 2);
INSERT INTO `inspections_inspectionhistory` (`id`, `previous_status`, `new_status`, `law`, `section`, `remarks`, `created_at`, `assigned_to_id`, `changed_by_id`, `inspection_id`) VALUES (5, 'UNIT_ASSIGNED', 'MONITORING_ASSIGNED', 'PD-1586', 'PD-1586', 'Forwarded to next level', '2025-10-18 08:42:05.380656', 5, 4, 2);
INSERT INTO `inspections_inspectionhistory` (`id`, `previous_status`, `new_status`, `law`, `section`, `remarks`, `created_at`, `assigned_to_id`, `changed_by_id`, `inspection_id`) VALUES (6, 'SECTION_IN_PROGRESS', 'SECTION_IN_PROGRESS', NULL, NULL, 'Saved inspection form as draft', '2025-10-19 15:01:57.579282', NULL, 2, 1);
INSERT INTO `inspections_inspectionhistory` (`id`, `previous_status`, `new_status`, `law`, `section`, `remarks`, `created_at`, `assigned_to_id`, `changed_by_id`, `inspection_id`) VALUES (7, 'SECTION_IN_PROGRESS', 'SECTION_IN_PROGRESS', NULL, NULL, 'Saved inspection form as draft', '2025-10-19 16:01:14.736563', NULL, 2, 1);
INSERT INTO `inspections_inspectionhistory` (`id`, `previous_status`, `new_status`, `law`, `section`, `remarks`, `created_at`, `assigned_to_id`, `changed_by_id`, `inspection_id`) VALUES (8, 'SECTION_IN_PROGRESS', 'SECTION_IN_PROGRESS', NULL, NULL, 'Saved inspection form as draft', '2025-10-19 19:17:55.557087', NULL, 2, 1);
INSERT INTO `inspections_inspectionhistory` (`id`, `previous_status`, `new_status`, `law`, `section`, `remarks`, `created_at`, `assigned_to_id`, `changed_by_id`, `inspection_id`) VALUES (9, 'SECTION_IN_PROGRESS', 'SECTION_IN_PROGRESS', NULL, NULL, 'Saved inspection form as draft', '2025-10-19 19:18:53.222049', NULL, 2, 1);
INSERT INTO `inspections_inspectionhistory` (`id`, `previous_status`, `new_status`, `law`, `section`, `remarks`, `created_at`, `assigned_to_id`, `changed_by_id`, `inspection_id`) VALUES (10, 'SECTION_IN_PROGRESS', 'SECTION_IN_PROGRESS', NULL, NULL, 'Saved inspection form as draft', '2025-10-19 19:18:55.312806', NULL, 2, 1);
INSERT INTO `inspections_inspectionhistory` (`id`, `previous_status`, `new_status`, `law`, `section`, `remarks`, `created_at`, `assigned_to_id`, `changed_by_id`, `inspection_id`) VALUES (11, 'SECTION_IN_PROGRESS', 'SECTION_IN_PROGRESS', NULL, NULL, 'Saved inspection form as draft', '2025-10-19 19:31:31.053949', NULL, 2, 1);
INSERT INTO `inspections_inspectionhistory` (`id`, `previous_status`, `new_status`, `law`, `section`, `remarks`, `created_at`, `assigned_to_id`, `changed_by_id`, `inspection_id`) VALUES (12, 'SECTION_IN_PROGRESS', 'SECTION_IN_PROGRESS', NULL, NULL, 'Saved inspection form as draft', '2025-10-19 19:36:04.839486', NULL, 2, 1);
INSERT INTO `inspections_inspectionhistory` (`id`, `previous_status`, `new_status`, `law`, `section`, `remarks`, `created_at`, `assigned_to_id`, `changed_by_id`, `inspection_id`) VALUES (13, 'SECTION_IN_PROGRESS', 'SECTION_COMPLETED_NON_COMPLIANT', 'PD-1586', 'PD-1586,RA-8749,RA-9275', 'Inspection completed by Section Chief', '2025-10-19 20:48:28.876879', 2, 2, 1);
INSERT INTO `inspections_inspectionhistory` (`id`, `previous_status`, `new_status`, `law`, `section`, `remarks`, `created_at`, `assigned_to_id`, `changed_by_id`, `inspection_id`) VALUES (14, 'SECTION_COMPLETED_NON_COMPLIANT', 'SECTION_COMPLETED_NON_COMPLIANT', NULL, NULL, 'Assigned to Division Chief for review', '2025-10-19 20:48:28.887962', NULL, 2, 1);
INSERT INTO `inspections_inspectionhistory` (`id`, `previous_status`, `new_status`, `law`, `section`, `remarks`, `created_at`, `assigned_to_id`, `changed_by_id`, `inspection_id`) VALUES (15, 'MONITORING_ASSIGNED', 'MONITORING_IN_PROGRESS', 'PD-1586', 'PD-1586', 'Moved to My Inspections', '2025-10-20 04:51:07.724339', 5, 5, 2);
INSERT INTO `inspections_inspectionhistory` (`id`, `previous_status`, `new_status`, `law`, `section`, `remarks`, `created_at`, `assigned_to_id`, `changed_by_id`, `inspection_id`) VALUES (16, 'MONITORING_IN_PROGRESS', 'MONITORING_COMPLETED_COMPLIANT', 'PD-1586', 'PD-1586', 'Inspection completed by Monitoring Personnel', '2025-10-20 07:51:37.260950', 5, 5, 2);
INSERT INTO `inspections_inspectionhistory` (`id`, `previous_status`, `new_status`, `law`, `section`, `remarks`, `created_at`, `assigned_to_id`, `changed_by_id`, `inspection_id`) VALUES (17, 'MONITORING_COMPLETED_COMPLIANT', 'MONITORING_COMPLETED_COMPLIANT', NULL, NULL, 'Assigned to Unit Head for review', '2025-10-20 07:51:37.282839', NULL, 5, 2);
INSERT INTO `inspections_inspectionhistory` (`id`, `previous_status`, `new_status`, `law`, `section`, `remarks`, `created_at`, `assigned_to_id`, `changed_by_id`, `inspection_id`) VALUES (18, 'MONITORING_COMPLETED_COMPLIANT', 'UNIT_REVIEWED', NULL, NULL, 'Unit Head approved and forwarded to Section Chief', '2025-10-20 07:56:35.251257', NULL, 4, 2);
INSERT INTO `inspections_inspectionhistory` (`id`, `previous_status`, `new_status`, `law`, `section`, `remarks`, `created_at`, `assigned_to_id`, `changed_by_id`, `inspection_id`) VALUES (19, 'CREATED', 'SECTION_ASSIGNED', NULL, NULL, 'Inspection created and assigned to Section Chief', '2025-10-20 08:56:18.410976', NULL, 3, 3);
INSERT INTO `inspections_inspectionhistory` (`id`, `previous_status`, `new_status`, `law`, `section`, `remarks`, `created_at`, `assigned_to_id`, `changed_by_id`, `inspection_id`) VALUES (20, 'SECTION_ASSIGNED', 'UNIT_ASSIGNED', 'PD-1586', 'PD-1586,RA-8749,RA-9275', 'Forwarded to next level', '2025-10-20 08:58:00.604529', 4, 2, 3);
INSERT INTO `inspections_inspectionhistory` (`id`, `previous_status`, `new_status`, `law`, `section`, `remarks`, `created_at`, `assigned_to_id`, `changed_by_id`, `inspection_id`) VALUES (21, 'UNIT_ASSIGNED', 'MONITORING_ASSIGNED', 'PD-1586', 'PD-1586', 'Forwarded to EIA EMB MONITORING (Monitoring Personnel)', '2025-10-20 08:59:19.166151', 5, 4, 3);
INSERT INTO `inspections_inspectionhistory` (`id`, `previous_status`, `new_status`, `law`, `section`, `remarks`, `created_at`, `assigned_to_id`, `changed_by_id`, `inspection_id`) VALUES (22, 'MONITORING_ASSIGNED', 'MONITORING_IN_PROGRESS', 'PD-1586', 'PD-1586', 'Moved to My Inspections', '2025-10-20 08:59:50.461361', 5, 5, 3);
INSERT INTO `inspections_inspectionhistory` (`id`, `previous_status`, `new_status`, `law`, `section`, `remarks`, `created_at`, `assigned_to_id`, `changed_by_id`, `inspection_id`) VALUES (23, 'MONITORING_IN_PROGRESS', 'MONITORING_COMPLETED_NON_COMPLIANT', 'PD-1586', 'PD-1586', 'Inspection completed by Monitoring Personnel', '2025-10-20 09:03:15.494775', 5, 5, 3);
INSERT INTO `inspections_inspectionhistory` (`id`, `previous_status`, `new_status`, `law`, `section`, `remarks`, `created_at`, `assigned_to_id`, `changed_by_id`, `inspection_id`) VALUES (24, 'MONITORING_COMPLETED_NON_COMPLIANT', 'MONITORING_COMPLETED_NON_COMPLIANT', NULL, NULL, 'Assigned to Unit Head for review', '2025-10-20 09:03:15.519059', NULL, 5, 3);
INSERT INTO `inspections_inspectionhistory` (`id`, `previous_status`, `new_status`, `law`, `section`, `remarks`, `created_at`, `assigned_to_id`, `changed_by_id`, `inspection_id`) VALUES (25, 'MONITORING_COMPLETED_NON_COMPLIANT', 'UNIT_REVIEWED', NULL, NULL, 'Unit Head approved and forwarded to Section Chief', '2025-10-20 10:50:19.100417', NULL, 4, 3);
INSERT INTO `inspections_inspectionhistory` (`id`, `previous_status`, `new_status`, `law`, `section`, `remarks`, `created_at`, `assigned_to_id`, `changed_by_id`, `inspection_id`) VALUES (26, 'UNIT_REVIEWED', 'SECTION_REVIEWED', NULL, NULL, 'Section Chief approved and forwarded to Division Chief', '2025-10-20 11:10:57.629474', NULL, 2, 3);
INSERT INTO `inspections_inspectionhistory` (`id`, `previous_status`, `new_status`, `law`, `section`, `remarks`, `created_at`, `assigned_to_id`, `changed_by_id`, `inspection_id`) VALUES (27, 'UNIT_REVIEWED', 'SECTION_REVIEWED', NULL, NULL, 'Section Chief approved and forwarded to Division Chief', '2025-10-20 11:19:20.016072', NULL, 2, 2);

--
-- Table structure for table `notifications_notification`
--
DROP TABLE IF EXISTS `notifications_notification`;
CREATE TABLE `notifications_notification` (
  `id` bigint(20) NOT NULL AUTO_INCREMENT,
  `notification_type` varchar(30) NOT NULL,
  `title` varchar(255) NOT NULL,
  `message` longtext NOT NULL,
  `is_read` tinyint(1) NOT NULL,
  `created_at` datetime(6) NOT NULL,
  `recipient_id` bigint(20) NOT NULL,
  `sender_id` bigint(20) DEFAULT NULL,
  `related_object_id` int(11) DEFAULT NULL,
  `related_object_type` varchar(50) NOT NULL,
  `user_id` bigint(20) DEFAULT NULL,
  PRIMARY KEY (`id`),
  KEY `notifications_notifi_recipient_id_d055f3f0_fk_users_use` (`recipient_id`),
  KEY `notifications_notification_sender_id_feea9ca3_fk_users_user_id` (`sender_id`),
  KEY `notificatio_recipie_a972ce_idx` (`recipient_id`,`created_at`),
  KEY `notificatio_user_id_05b4bc_idx` (`user_id`,`created_at`),
  KEY `notificatio_related_f82ec2_idx` (`related_object_type`,`related_object_id`),
  CONSTRAINT `notifications_notifi_recipient_id_d055f3f0_fk_users_use` FOREIGN KEY (`recipient_id`) REFERENCES `users_user` (`id`),
  CONSTRAINT `notifications_notification_sender_id_feea9ca3_fk_users_user_id` FOREIGN KEY (`sender_id`) REFERENCES `users_user` (`id`),
  CONSTRAINT `notifications_notification_user_id_b5e8c0ff_fk_users_user_id` FOREIGN KEY (`user_id`) REFERENCES `users_user` (`id`)
) ENGINE=InnoDB AUTO_INCREMENT=20 DEFAULT CHARSET=utf8mb4 COLLATE=utf8mb4_general_ci;

--
-- Dumping data for table `notifications_notification`
--
INSERT INTO `notifications_notification` (`id`, `notification_type`, `title`, `message`, `is_read`, `created_at`, `recipient_id`, `sender_id`, `related_object_id`, `related_object_type`, `user_id`) VALUES (1, 'new_user', 'New Division Chief Created', 'A new Division Chief (jerichourbano.01.01.04@gmail.com) has been created.', 0, '2025-10-18 02:27:49.819570', 2, 2, NULL, '', NULL);
INSERT INTO `notifications_notification` (`id`, `notification_type`, `title`, `message`, `is_read`, `created_at`, `recipient_id`, `sender_id`, `related_object_id`, `related_object_type`, `user_id`) VALUES (2, 'new_establishment', 'New Establishment Created', 'A new establishment "SAINT LOUIS COLLEGE" has been created by 22101222@slc-sflu.edu.ph.', 0, '2025-10-18 02:49:31.346903', 1, 2, NULL, '', NULL);
INSERT INTO `notifications_notification` (`id`, `notification_type`, `title`, `message`, `is_read`, `created_at`, `recipient_id`, `sender_id`, `related_object_id`, `related_object_type`, `user_id`) VALUES (3, 'new_establishment', 'New Establishment Created', 'A new establishment "SAINT LOUIS COLLEGE" has been created by 22101222@slc-sflu.edu.ph.', 0, '2025-10-18 02:49:31.433691', 2, 2, NULL, '', NULL);
INSERT INTO `notifications_notification` (`id`, `notification_type`, `title`, `message`, `is_read`, `created_at`, `recipient_id`, `sender_id`, `related_object_id`, `related_object_type`, `user_id`) VALUES (4, 'new_user', 'New Division Chief Created', 'A new Division Chief (jerichourbano.01.01.04@gmail.com) has been created.', 0, '2025-10-18 03:00:39.669992', 3, 3, NULL, '', NULL);
INSERT INTO `notifications_notification` (`id`, `notification_type`, `title`, `message`, `is_read`, `created_at`, `recipient_id`, `sender_id`, `related_object_id`, `related_object_type`, `user_id`) VALUES (5, 'new_inspection', 'New Inspection Assignment', 'You have been assigned inspection EIA-2025-0001 for SAINT LOUIS COLLEGE under PD-1586. Please review and take action.', 0, '2025-10-18 03:16:10.516690', 2, 3, NULL, '', NULL);
INSERT INTO `notifications_notification` (`id`, `notification_type`, `title`, `message`, `is_read`, `created_at`, `recipient_id`, `sender_id`, `related_object_id`, `related_object_type`, `user_id`) VALUES (6, 'new_establishment', 'New Establishment Created', 'A new establishment "COCA-COLA DISTRIBUTION" has been created by 22101222@slc-sflu.edu.ph.', 1, '2025-10-18 07:28:39.445546', 1, 2, NULL, '', 1);
INSERT INTO `notifications_notification` (`id`, `notification_type`, `title`, `message`, `is_read`, `created_at`, `recipient_id`, `sender_id`, `related_object_id`, `related_object_type`, `user_id`) VALUES (7, 'new_establishment', 'New Establishment Created', 'A new establishment "COCA-COLA DISTRIBUTION" has been created by 22101222@slc-sflu.edu.ph.', 0, '2025-10-18 07:28:39.497342', 2, 2, NULL, '', NULL);
INSERT INTO `notifications_notification` (`id`, `notification_type`, `title`, `message`, `is_read`, `created_at`, `recipient_id`, `sender_id`, `related_object_id`, `related_object_type`, `user_id`) VALUES (8, 'new_establishment', 'New Establishment Created', 'A new establishment "COCA-COLA DISTRIBUTION" has been created by 22101222@slc-sflu.edu.ph.', 0, '2025-10-18 07:28:39.525194', 3, 2, NULL, '', NULL);
INSERT INTO `notifications_notification` (`id`, `notification_type`, `title`, `message`, `is_read`, `created_at`, `recipient_id`, `sender_id`, `related_object_id`, `related_object_type`, `user_id`) VALUES (9, 'new_user', 'New Unit Head Created', 'A new Unit Head (echo.010104@gmail.com) created for section: PD-1586.', 0, '2025-10-18 08:12:21.722730', 3, 4, NULL, '', NULL);
INSERT INTO `notifications_notification` (`id`, `notification_type`, `title`, `message`, `is_read`, `created_at`, `recipient_id`, `sender_id`, `related_object_id`, `related_object_type`, `user_id`) VALUES (10, 'new_inspection', 'New Inspection Assignment', 'You have been assigned inspection EIA-2025-0002 for COCA-COLA DISTRIBUTION under PD-1586. Please review and take action.', 0, '2025-10-18 08:21:01.522114', 2, 3, NULL, '', NULL);
INSERT INTO `notifications_notification` (`id`, `notification_type`, `title`, `message`, `is_read`, `created_at`, `recipient_id`, `sender_id`, `related_object_id`, `related_object_type`, `user_id`) VALUES (11, 'new_user', 'New Monitoring Personnel Created', 'New Monitoring Personnel (emee46990@gmail.com) created for section: PD-1586.', 0, '2025-10-18 08:25:52.708462', 3, 5, NULL, '', NULL);
INSERT INTO `notifications_notification` (`id`, `notification_type`, `title`, `message`, `is_read`, `created_at`, `recipient_id`, `sender_id`, `related_object_id`, `related_object_type`, `user_id`) VALUES (12, 'new_user', 'New Monitoring Personnel Created', 'New Monitoring Personnel (emee46990@gmail.com) created in your section: PD-1586.', 0, '2025-10-18 08:25:52.721633', 4, 5, NULL, '', NULL);
INSERT INTO `notifications_notification` (`id`, `notification_type`, `title`, `message`, `is_read`, `created_at`, `recipient_id`, `sender_id`, `related_object_id`, `related_object_type`, `user_id`) VALUES (13, 'new_establishment', 'New Establishment Created', 'A new establishment "SREEEEE" has been created by jerichourbano.01.01.04@gmail.com.', 0, '2025-10-20 08:54:47.186006', 1, 3, NULL, '', 1);
INSERT INTO `notifications_notification` (`id`, `notification_type`, `title`, `message`, `is_read`, `created_at`, `recipient_id`, `sender_id`, `related_object_id`, `related_object_type`, `user_id`) VALUES (14, 'new_establishment', 'New Establishment Created', 'A new establishment "SREEEEE" has been created by jerichourbano.01.01.04@gmail.com.', 0, '2025-10-20 08:54:47.209734', 2, 3, NULL, '', 2);
INSERT INTO `notifications_notification` (`id`, `notification_type`, `title`, `message`, `is_read`, `created_at`, `recipient_id`, `sender_id`, `related_object_id`, `related_object_type`, `user_id`) VALUES (15, 'new_establishment', 'New Establishment Created', 'A new establishment "SREEEEE" has been created by jerichourbano.01.01.04@gmail.com.', 0, '2025-10-20 08:54:47.217011', 3, 3, NULL, '', 3);
INSERT INTO `notifications_notification` (`id`, `notification_type`, `title`, `message`, `is_read`, `created_at`, `recipient_id`, `sender_id`, `related_object_id`, `related_object_type`, `user_id`) VALUES (16, 'new_establishment', 'New Establishment Created', 'A new establishment "SREEEEE" has been created by jerichourbano.01.01.04@gmail.com.', 0, '2025-10-20 08:54:47.243862', 4, 3, NULL, '', 4);
INSERT INTO `notifications_notification` (`id`, `notification_type`, `title`, `message`, `is_read`, `created_at`, `recipient_id`, `sender_id`, `related_object_id`, `related_object_type`, `user_id`) VALUES (17, 'new_inspection', 'New Inspection Assignment', 'You have been assigned inspection EIA-2025-0003 for SREEEEE under PD-1586. Please review and take action.', 0, '2025-10-20 08:56:18.533913', 2, 3, NULL, '', 2);
INSERT INTO `notifications_notification` (`id`, `notification_type`, `title`, `message`, `is_read`, `created_at`, `recipient_id`, `sender_id`, `related_object_id`, `related_object_type`, `user_id`) VALUES (18, 'new_user', 'New Legal Unit Created', 'A new Legal Unit (22100949@slc-sflu.edu.ph) has been created.', 0, '2025-10-20 12:39:05.804714', 3, 6, NULL, '', 3);
INSERT INTO `notifications_notification` (`id`, `notification_type`, `title`, `message`, `is_read`, `created_at`, `recipient_id`, `sender_id`, `related_object_id`, `related_object_type`, `user_id`) VALUES (19, 'new_user', 'New Legal Unit Created', 'A new Legal Unit (harryzabate@gmail.com) has been created.', 0, '2025-10-20 12:44:17.808894', 3, 7, NULL, '', 3);

--
-- Table structure for table `system_config_systemconfiguration`
--
DROP TABLE IF EXISTS `system_config_systemconfiguration`;
CREATE TABLE `system_config_systemconfiguration` (
  `id` bigint(20) NOT NULL AUTO_INCREMENT,
  `email_host` varchar(255) NOT NULL,
  `email_port` int(11) NOT NULL,
  `email_use_tls` tinyint(1) NOT NULL,
  `email_host_user` varchar(255) DEFAULT NULL,
  `email_host_password` varchar(255) DEFAULT NULL,
  `default_from_email` varchar(255) DEFAULT NULL,
  `email_from_name` varchar(255) DEFAULT NULL,
  `access_token_lifetime_minutes` int(11) NOT NULL,
  `refresh_token_lifetime_days` int(11) NOT NULL,
  `rotate_refresh_tokens` tinyint(1) NOT NULL,
  `blacklist_after_rotation` tinyint(1) NOT NULL,
  `backup_custom_path` varchar(500) DEFAULT NULL,
  `created_at` datetime(6) NOT NULL,
  `updated_at` datetime(6) NOT NULL,
  `is_active` tinyint(1) NOT NULL,
  PRIMARY KEY (`id`)
) ENGINE=InnoDB AUTO_INCREMENT=2 DEFAULT CHARSET=utf8mb4 COLLATE=utf8mb4_general_ci;

--
-- Dumping data for table `system_config_systemconfiguration`
--
INSERT INTO `system_config_systemconfiguration` (`id`, `email_host`, `email_port`, `email_use_tls`, `email_host_user`, `email_host_password`, `default_from_email`, `email_from_name`, `access_token_lifetime_minutes`, `refresh_token_lifetime_days`, `rotate_refresh_tokens`, `blacklist_after_rotation`, `backup_custom_path`, `created_at`, `updated_at`, `is_active`) VALUES (1, 'smtp.gmail.com', 587, 1, 'jerichourbano.01.01.04@gmail.com', 'pkfn htuz duyo nben', 'jerichourbano.01.01.04@gmail.com', 'Integrated Establishment Regulatory Management System', 60, 1, 1, 1, 'backups', '2025-10-18 02:03:04.529014', '2025-10-20 07:53:10.995302', 1);

--
-- Table structure for table `token_blacklist_blacklistedtoken`
--
DROP TABLE IF EXISTS `token_blacklist_blacklistedtoken`;
CREATE TABLE `token_blacklist_blacklistedtoken` (
  `id` bigint(20) NOT NULL AUTO_INCREMENT,
  `blacklisted_at` datetime(6) NOT NULL,
  `token_id` bigint(20) NOT NULL,
  PRIMARY KEY (`id`),
  UNIQUE KEY `token_id` (`token_id`),
  CONSTRAINT `token_blacklist_blacklistedtoken_token_id_3cc7fe56_fk` FOREIGN KEY (`token_id`) REFERENCES `token_blacklist_outstandingtoken` (`id`)
) ENGINE=InnoDB AUTO_INCREMENT=68 DEFAULT CHARSET=utf8mb4 COLLATE=utf8mb4_general_ci;

--
-- Dumping data for table `token_blacklist_blacklistedtoken`
--
INSERT INTO `token_blacklist_blacklistedtoken` (`id`, `blacklisted_at`, `token_id`) VALUES (1, '2025-10-18 02:33:48.409176', 3);
INSERT INTO `token_blacklist_blacklistedtoken` (`id`, `blacklisted_at`, `token_id`) VALUES (2, '2025-10-18 02:38:56.956510', 5);
INSERT INTO `token_blacklist_blacklistedtoken` (`id`, `blacklisted_at`, `token_id`) VALUES (3, '2025-10-18 03:13:20.108727', 1);
INSERT INTO `token_blacklist_blacklistedtoken` (`id`, `blacklisted_at`, `token_id`) VALUES (5, '2025-10-18 03:15:26.878088', 10);
INSERT INTO `token_blacklist_blacklistedtoken` (`id`, `blacklisted_at`, `token_id`) VALUES (7, '2025-10-18 03:39:32.733786', 6);
INSERT INTO `token_blacklist_blacklistedtoken` (`id`, `blacklisted_at`, `token_id`) VALUES (8, '2025-10-18 04:18:42.882572', 9);
INSERT INTO `token_blacklist_blacklistedtoken` (`id`, `blacklisted_at`, `token_id`) VALUES (9, '2025-10-18 04:43:39.338425', 13);
INSERT INTO `token_blacklist_blacklistedtoken` (`id`, `blacklisted_at`, `token_id`) VALUES (10, '2025-10-18 04:43:39.552027', 15);
INSERT INTO `token_blacklist_blacklistedtoken` (`id`, `blacklisted_at`, `token_id`) VALUES (11, '2025-10-18 05:19:09.167125', 14);
INSERT INTO `token_blacklist_blacklistedtoken` (`id`, `blacklisted_at`, `token_id`) VALUES (12, '2025-10-18 05:43:54.080175', 16);
INSERT INTO `token_blacklist_blacklistedtoken` (`id`, `blacklisted_at`, `token_id`) VALUES (13, '2025-10-18 06:19:11.626458', 17);
INSERT INTO `token_blacklist_blacklistedtoken` (`id`, `blacklisted_at`, `token_id`) VALUES (14, '2025-10-18 06:44:00.085136', 18);
INSERT INTO `token_blacklist_blacklistedtoken` (`id`, `blacklisted_at`, `token_id`) VALUES (15, '2025-10-18 07:19:17.795338', 19);
INSERT INTO `token_blacklist_blacklistedtoken` (`id`, `blacklisted_at`, `token_id`) VALUES (16, '2025-10-18 08:20:23.597702', 26);
INSERT INTO `token_blacklist_blacklistedtoken` (`id`, `blacklisted_at`, `token_id`) VALUES (17, '2025-10-18 08:29:42.877762', 29);
INSERT INTO `token_blacklist_blacklistedtoken` (`id`, `blacklisted_at`, `token_id`) VALUES (18, '2025-10-18 08:34:09.579119', 22);
INSERT INTO `token_blacklist_blacklistedtoken` (`id`, `blacklisted_at`, `token_id`) VALUES (20, '2025-10-19 14:58:09.465471', 34);
INSERT INTO `token_blacklist_blacklistedtoken` (`id`, `blacklisted_at`, `token_id`) VALUES (21, '2025-10-19 15:28:15.273710', 33);
INSERT INTO `token_blacklist_blacklistedtoken` (`id`, `blacklisted_at`, `token_id`) VALUES (23, '2025-10-19 15:28:20.354075', 40);
INSERT INTO `token_blacklist_blacklistedtoken` (`id`, `blacklisted_at`, `token_id`) VALUES (24, '2025-10-19 16:00:05.060252', 36);
INSERT INTO `token_blacklist_blacklistedtoken` (`id`, `blacklisted_at`, `token_id`) VALUES (25, '2025-10-19 16:00:54.096316', 37);
INSERT INTO `token_blacklist_blacklistedtoken` (`id`, `blacklisted_at`, `token_id`) VALUES (26, '2025-10-19 16:29:16.200519', 41);
INSERT INTO `token_blacklist_blacklistedtoken` (`id`, `blacklisted_at`, `token_id`) VALUES (27, '2025-10-19 16:29:17.983041', 45);
INSERT INTO `token_blacklist_blacklistedtoken` (`id`, `blacklisted_at`, `token_id`) VALUES (28, '2025-10-19 17:00:10.314062', 42);
INSERT INTO `token_blacklist_blacklistedtoken` (`id`, `blacklisted_at`, `token_id`) VALUES (29, '2025-10-19 18:00:10.311000', 48);
INSERT INTO `token_blacklist_blacklistedtoken` (`id`, `blacklisted_at`, `token_id`) VALUES (30, '2025-10-19 19:00:22.525649', 52);
INSERT INTO `token_blacklist_blacklistedtoken` (`id`, `blacklisted_at`, `token_id`) VALUES (31, '2025-10-19 19:05:25.017558', 50);
INSERT INTO `token_blacklist_blacklistedtoken` (`id`, `blacklisted_at`, `token_id`) VALUES (32, '2025-10-19 19:27:10.500884', 53);
INSERT INTO `token_blacklist_blacklistedtoken` (`id`, `blacklisted_at`, `token_id`) VALUES (33, '2025-10-19 21:16:08.874143', 57);
INSERT INTO `token_blacklist_blacklistedtoken` (`id`, `blacklisted_at`, `token_id`) VALUES (34, '2025-10-19 21:51:11.077391', 59);
INSERT INTO `token_blacklist_blacklistedtoken` (`id`, `blacklisted_at`, `token_id`) VALUES (35, '2025-10-19 22:16:11.352090', 62);
INSERT INTO `token_blacklist_blacklistedtoken` (`id`, `blacklisted_at`, `token_id`) VALUES (36, '2025-10-19 22:54:25.344610', 63);
INSERT INTO `token_blacklist_blacklistedtoken` (`id`, `blacklisted_at`, `token_id`) VALUES (37, '2025-10-19 23:17:10.312409', 65);
INSERT INTO `token_blacklist_blacklistedtoken` (`id`, `blacklisted_at`, `token_id`) VALUES (39, '2025-10-19 23:54:31.288677', 66);
INSERT INTO `token_blacklist_blacklistedtoken` (`id`, `blacklisted_at`, `token_id`) VALUES (40, '2025-10-20 00:17:10.303054', 68);
INSERT INTO `token_blacklist_blacklistedtoken` (`id`, `blacklisted_at`, `token_id`) VALUES (41, '2025-10-20 00:54:37.334046', 69);
INSERT INTO `token_blacklist_blacklistedtoken` (`id`, `blacklisted_at`, `token_id`) VALUES (42, '2025-10-20 01:17:10.333004', 71);
INSERT INTO `token_blacklist_blacklistedtoken` (`id`, `blacklisted_at`, `token_id`) VALUES (43, '2025-10-20 01:54:43.337524', 72);
INSERT INTO `token_blacklist_blacklistedtoken` (`id`, `blacklisted_at`, `token_id`) VALUES (44, '2025-10-20 02:17:10.288210', 74);
INSERT INTO `token_blacklist_blacklistedtoken` (`id`, `blacklisted_at`, `token_id`) VALUES (46, '2025-10-20 02:54:49.295674', 75);
INSERT INTO `token_blacklist_blacklistedtoken` (`id`, `blacklisted_at`, `token_id`) VALUES (47, '2025-10-20 03:54:57.470094', 78);
INSERT INTO `token_blacklist_blacklistedtoken` (`id`, `blacklisted_at`, `token_id`) VALUES (48, '2025-10-20 04:04:48.765174', 79);
INSERT INTO `token_blacklist_blacklistedtoken` (`id`, `blacklisted_at`, `token_id`) VALUES (49, '2025-10-20 04:55:10.640311', 80);
INSERT INTO `token_blacklist_blacklistedtoken` (`id`, `blacklisted_at`, `token_id`) VALUES (51, '2025-10-20 05:38:05.368809', 83);
INSERT INTO `token_blacklist_blacklistedtoken` (`id`, `blacklisted_at`, `token_id`) VALUES (52, '2025-10-20 05:45:54.313660', 84);
INSERT INTO `token_blacklist_blacklistedtoken` (`id`, `blacklisted_at`, `token_id`) VALUES (53, '2025-10-20 07:04:50.415807', 88);
INSERT INTO `token_blacklist_blacklistedtoken` (`id`, `blacklisted_at`, `token_id`) VALUES (54, '2025-10-20 07:05:02.999427', 89);
INSERT INTO `token_blacklist_blacklistedtoken` (`id`, `blacklisted_at`, `token_id`) VALUES (55, '2025-10-20 07:05:03.047563', 86);
INSERT INTO `token_blacklist_blacklistedtoken` (`id`, `blacklisted_at`, `token_id`) VALUES (56, '2025-10-20 07:05:10.447574', 90);
INSERT INTO `token_blacklist_blacklistedtoken` (`id`, `blacklisted_at`, `token_id`) VALUES (57, '2025-10-20 08:05:10.502227', 93);
INSERT INTO `token_blacklist_blacklistedtoken` (`id`, `blacklisted_at`, `token_id`) VALUES (58, '2025-10-20 09:54:11.646721', 100);
INSERT INTO `token_blacklist_blacklistedtoken` (`id`, `blacklisted_at`, `token_id`) VALUES (60, '2025-10-20 09:57:46.371616', 101);
INSERT INTO `token_blacklist_blacklistedtoken` (`id`, `blacklisted_at`, `token_id`) VALUES (61, '2025-10-20 09:59:13.638596', 102);
INSERT INTO `token_blacklist_blacklistedtoken` (`id`, `blacklisted_at`, `token_id`) VALUES (62, '2025-10-20 09:59:13.717462', 103);
INSERT INTO `token_blacklist_blacklistedtoken` (`id`, `blacklisted_at`, `token_id`) VALUES (63, '2025-10-20 12:30:06.992552', 109);
INSERT INTO `token_blacklist_blacklistedtoken` (`id`, `blacklisted_at`, `token_id`) VALUES (64, '2025-10-20 12:30:07.047412', 111);
INSERT INTO `token_blacklist_blacklistedtoken` (`id`, `blacklisted_at`, `token_id`) VALUES (66, '2025-10-20 12:30:11.385113', 116);
INSERT INTO `token_blacklist_blacklistedtoken` (`id`, `blacklisted_at`, `token_id`) VALUES (67, '2025-10-20 12:46:44.997183', 121);

--
-- Table structure for table `token_blacklist_outstandingtoken`
--
DROP TABLE IF EXISTS `token_blacklist_outstandingtoken`;
CREATE TABLE `token_blacklist_outstandingtoken` (
  `id` bigint(20) NOT NULL AUTO_INCREMENT,
  `token` longtext NOT NULL,
  `created_at` datetime(6) DEFAULT NULL,
  `expires_at` datetime(6) NOT NULL,
  `user_id` bigint(20) DEFAULT NULL,
  `jti` varchar(255) NOT NULL,
  PRIMARY KEY (`id`),
  UNIQUE KEY `token_blacklist_outstandingtoken_jti_hex_d9bdf6f7_uniq` (`jti`),
  KEY `token_blacklist_outs_user_id_83bc629a_fk_users_use` (`user_id`),
  CONSTRAINT `token_blacklist_outs_user_id_83bc629a_fk_users_use` FOREIGN KEY (`user_id`) REFERENCES `users_user` (`id`)
) ENGINE=InnoDB AUTO_INCREMENT=122 DEFAULT CHARSET=utf8mb4 COLLATE=utf8mb4_general_ci;

--
-- Dumping data for table `token_blacklist_outstandingtoken`
--
INSERT INTO `token_blacklist_outstandingtoken` (`id`, `token`, `created_at`, `expires_at`, `user_id`, `jti`) VALUES (1, 'eyJhbGciOiJIUzI1NiIsInR5cCI6IkpXVCJ9.eyJ0b2tlbl90eXBlIjoicmVmcmVzaCIsImV4cCI6MTc2MDgzOTk4MiwiaWF0IjoxNzYwNzUzNTgyLCJqdGkiOiJmZmE3NGNiYTM1MjE0MmRmYTc4YzI0MWViZDc4Y2FhYyIsInVzZXJfaWQiOiIxIn0.GCyUEOqlASdnMIV_ab0CvEJfdZXFkRP2i23V68dgNBw', '2025-10-18 02:13:02.667077', '2025-10-19 02:13:02', 1, 'ffa74cba352142dfa78c241ebd78caac');
INSERT INTO `token_blacklist_outstandingtoken` (`id`, `token`, `created_at`, `expires_at`, `user_id`, `jti`) VALUES (2, 'eyJhbGciOiJIUzI1NiIsInR5cCI6IkpXVCJ9.eyJ0b2tlbl90eXBlIjoicmVmcmVzaCIsImV4cCI6MTc2MDg0MDg2OSwiaWF0IjoxNzYwNzU0NDY5LCJqdGkiOiI3YTM0NGY2YmMwYTI0ZDQxYTUwYjI0MmZiMzJiMzZkMCIsInVzZXJfaWQiOiIyIn0._Yl0z1JvjXZXCNh611NhXZhhN5I5-HW59scPa4qIF9Q', '2025-10-18 02:27:49.828049', '2025-10-19 02:27:49', 2, '7a344f6bc0a24d41a50b242fb32b36d0');
INSERT INTO `token_blacklist_outstandingtoken` (`id`, `token`, `created_at`, `expires_at`, `user_id`, `jti`) VALUES (3, 'eyJhbGciOiJIUzI1NiIsInR5cCI6IkpXVCJ9.eyJ0b2tlbl90eXBlIjoicmVmcmVzaCIsImV4cCI6MTc2MDg0MTE5NSwiaWF0IjoxNzYwNzU0Nzk1LCJqdGkiOiI5YTlkMTYyNDc0MGI0N2Q5YTM5N2FiNzMzNWU1OTk5MCIsInVzZXJfaWQiOiIyIn0.Ra-5bS4_P-nd5d5YgPjnVLcKsN1k2FRtcgrJbDJPXrE', '2025-10-18 02:33:15.671875', '2025-10-19 02:33:15', 2, '9a9d1624740b47d9a397ab7335e59990');
INSERT INTO `token_blacklist_outstandingtoken` (`id`, `token`, `created_at`, `expires_at`, `user_id`, `jti`) VALUES (4, 'eyJhbGciOiJIUzI1NiIsInR5cCI6IkpXVCJ9.eyJ0b2tlbl90eXBlIjoicmVmcmVzaCIsImV4cCI6MTc2MDg0MTI4NSwiaWF0IjoxNzYwNzU0ODg1LCJqdGkiOiJkNjVhNTk4OTQzN2Q0NmZiOGU3MDZkNDcwYmE4MzNiNyIsInVzZXJfaWQiOiIyIn0.uGjq2NZ-dwbLyM70zJq6KOJU6aN8Pg1Y7x1Cc4hZ5I4', '2025-10-18 02:34:45.974843', '2025-10-19 02:34:45', 2, 'd65a5989437d46fb8e706d470ba833b7');
INSERT INTO `token_blacklist_outstandingtoken` (`id`, `token`, `created_at`, `expires_at`, `user_id`, `jti`) VALUES (5, 'eyJhbGciOiJIUzI1NiIsInR5cCI6IkpXVCJ9.eyJ0b2tlbl90eXBlIjoicmVmcmVzaCIsImV4cCI6MTc2MDg0MTUyMiwiaWF0IjoxNzYwNzU1MTIyLCJqdGkiOiJiZTQ1NjdjODJiZWU0NWVlOGEyZWM2Mzc1ZjBjZDk0NSIsInVzZXJfaWQiOiIyIn0.oHrq8eviQOwcjoT8Ae5b8LXKTveXRLzEAHdbf2uV8wc', '2025-10-18 02:38:42.302890', '2025-10-19 02:38:42', 2, 'be4567c82bee45ee8a2ec6375f0cd945');
INSERT INTO `token_blacklist_outstandingtoken` (`id`, `token`, `created_at`, `expires_at`, `user_id`, `jti`) VALUES (6, 'eyJhbGciOiJIUzI1NiIsInR5cCI6IkpXVCJ9.eyJ0b2tlbl90eXBlIjoicmVmcmVzaCIsImV4cCI6MTc2MDg0MTU0OSwiaWF0IjoxNzYwNzU1MTQ5LCJqdGkiOiJiZmNjM2Q3NWZhMWI0NjAwOTk3ODQwMjc2NzdmNjEwNCIsInVzZXJfaWQiOiIyIn0.1PLUZSU7iK3Hq_Bhe8lX_ooWPICsKxziVRpz_VFOEUA', '2025-10-18 02:39:09.941144', '2025-10-19 02:39:09', 2, 'bfcc3d75fa1b460099784027677f6104');
INSERT INTO `token_blacklist_outstandingtoken` (`id`, `token`, `created_at`, `expires_at`, `user_id`, `jti`) VALUES (7, 'eyJhbGciOiJIUzI1NiIsInR5cCI6IkpXVCJ9.eyJ0b2tlbl90eXBlIjoicmVmcmVzaCIsImV4cCI6MTc2MDg0MjgzOSwiaWF0IjoxNzYwNzU2NDM5LCJqdGkiOiJkY2E4Y2ZhNGNiNGM0NTIzYWViNWQ4YWM1OTFjZTM3MSIsInVzZXJfaWQiOiIzIn0.iPo9M0FvID3Yn8RdeRD0ClOSjb6EhGa3iEkWec8Kj9U', '2025-10-18 03:00:39.700763', '2025-10-19 03:00:39', 3, 'dca8cfa4cb4c4523aeb5d8ac591ce371');
INSERT INTO `token_blacklist_outstandingtoken` (`id`, `token`, `created_at`, `expires_at`, `user_id`, `jti`) VALUES (8, 'eyJhbGciOiJIUzI1NiIsInR5cCI6IkpXVCJ9.eyJ0b2tlbl90eXBlIjoicmVmcmVzaCIsImV4cCI6MTc2MDg0MzYwMCwiaWF0IjoxNzYwNzU3MjAwLCJqdGkiOiJkMmE1ZTg3YjE4NjA0ZWM2OWNiY2IyMDFiNzAxNjgyNyIsInVzZXJfaWQiOiIxIn0.mFQNyC9DLcU64TVTdivhHZOZHALhg0OvPg_VCYQy9oQ', '2025-10-18 03:13:20.078367', '2025-10-19 03:13:20', 1, 'd2a5e87b18604ec69cbcb201b7016827');
INSERT INTO `token_blacklist_outstandingtoken` (`id`, `token`, `created_at`, `expires_at`, `user_id`, `jti`) VALUES (9, 'eyJhbGciOiJIUzI1NiIsInR5cCI6IkpXVCJ9.eyJ0b2tlbl90eXBlIjoicmVmcmVzaCIsImV4cCI6MTc2MDg0MzYwMCwiaWF0IjoxNzYwNzU3MjAwLCJqdGkiOiJlZGQzZDUyMTY2MTI0YWI4OWUwNzM3NzJjOGQxYWQzYyIsInVzZXJfaWQiOiIxIn0.w3OKYymTkc1zeEG2nW2RFcWl5HMVgUqDI6AvN1KwlqE', '2025-10-18 03:13:20.075280', '2025-10-19 03:13:20', 1, 'edd3d52166124ab89e073772c8d1ad3c');
INSERT INTO `token_blacklist_outstandingtoken` (`id`, `token`, `created_at`, `expires_at`, `user_id`, `jti`) VALUES (10, 'eyJhbGciOiJIUzI1NiIsInR5cCI6IkpXVCJ9.eyJ0b2tlbl90eXBlIjoicmVmcmVzaCIsImV4cCI6MTc2MDg0MzcwNiwiaWF0IjoxNzYwNzU3MzA2LCJqdGkiOiJkN2NkYTE4MTAwOGM0NmM5OGQ0NmU1M2FhZmQ3NTcwMiIsInVzZXJfaWQiOiIzIn0.oDoHK0CoMerXc7a80vdQH0iw8mVOt7FJ0FwM-rj___w', '2025-10-18 03:15:06.484901', '2025-10-19 03:15:06', 3, 'd7cda181008c46c98d46e53aafd75702');
INSERT INTO `token_blacklist_outstandingtoken` (`id`, `token`, `created_at`, `expires_at`, `user_id`, `jti`) VALUES (11, 'eyJhbGciOiJIUzI1NiIsInR5cCI6IkpXVCJ9.eyJ0b2tlbl90eXBlIjoicmVmcmVzaCIsImV4cCI6MTc2MDg0Mzc0NSwiaWF0IjoxNzYwNzU3MzQ1LCJqdGkiOiIzYWQwMWU2ZDZhOWE0ZDgxODQxYmVkOTNhMzVhNTExNiIsInVzZXJfaWQiOiIzIn0.8UidoZ-_JlmsgbduVkkGslPCBogJqFz8mVhv2ZpjJB4', '2025-10-18 03:15:45.229689', '2025-10-19 03:15:45', 3, '3ad01e6d6a9a4d81841bed93a35a5116');
INSERT INTO `token_blacklist_outstandingtoken` (`id`, `token`, `created_at`, `expires_at`, `user_id`, `jti`) VALUES (12, 'eyJhbGciOiJIUzI1NiIsInR5cCI6IkpXVCJ9.eyJ0b2tlbl90eXBlIjoicmVmcmVzaCIsImV4cCI6MTc2MDg0NTE3MiwiaWF0IjoxNzYwNzU4NzcyLCJqdGkiOiJmNGRjNjFmZjg3ZWU0YzZiYjdjN2E5MjBiYzU0ZDVjZSIsInVzZXJfaWQiOiIyIn0.65fZ-U4-qB6vDy26sguMsjLrWE9ZGA3cG46WXcUmLFg', '2025-10-18 03:39:32.688549', '2025-10-19 03:39:32', 2, 'f4dc61ff87ee4c6bb7c7a920bc54d5ce');
INSERT INTO `token_blacklist_outstandingtoken` (`id`, `token`, `created_at`, `expires_at`, `user_id`, `jti`) VALUES (13, 'eyJhbGciOiJIUzI1NiIsInR5cCI6IkpXVCJ9.eyJ0b2tlbl90eXBlIjoicmVmcmVzaCIsImV4cCI6MTc2MDg0NTE3MiwiaWF0IjoxNzYwNzU4NzcyLCJqdGkiOiJkZGVmZDM2YzM4ZGM0MGM1OTNkNjI2N2E4MWNkNDkwNSIsInVzZXJfaWQiOiIyIn0.PotGj157oZhB18MlNMGJwQLwwYCHmW2YzrPwj210-GY', '2025-10-18 03:39:32.683513', '2025-10-19 03:39:32', 2, 'ddefd36c38dc40c593d6267a81cd4905');
INSERT INTO `token_blacklist_outstandingtoken` (`id`, `token`, `created_at`, `expires_at`, `user_id`, `jti`) VALUES (14, 'eyJhbGciOiJIUzI1NiIsInR5cCI6IkpXVCJ9.eyJ0b2tlbl90eXBlIjoicmVmcmVzaCIsImV4cCI6MTc2MDg0NzUyMiwiaWF0IjoxNzYwNzYxMTIyLCJqdGkiOiI0YTg5MzQxZDRmNDM0YTZiYWE5YjIyOWJiYjRkOWVmYSIsInVzZXJfaWQiOiIxIn0.I4quHxNpZito6w5Wbucr4ApGe5nC05K0tzuQab--Ldg', '2025-10-18 04:18:42.856401', '2025-10-19 04:18:42', 1, '4a89341d4f434a6baa9b229bbb4d9efa');
INSERT INTO `token_blacklist_outstandingtoken` (`id`, `token`, `created_at`, `expires_at`, `user_id`, `jti`) VALUES (15, 'eyJhbGciOiJIUzI1NiIsInR5cCI6IkpXVCJ9.eyJ0b2tlbl90eXBlIjoicmVmcmVzaCIsImV4cCI6MTc2MDg0OTAxOSwiaWF0IjoxNzYwNzYyNjE5LCJqdGkiOiJkMzExOWRmYzIyMWQ0YjJjOWRhMGE3NDljNzMwYWJkYyIsInVzZXJfaWQiOiIyIn0.TMRhi0gHOsXAvXtjqFtIkA8CiDyjf9TBD5bvA8FGnbk', '2025-10-18 04:43:39.173435', '2025-10-19 04:43:39', 2, 'd3119dfc221d4b2c9da0a749c730abdc');
INSERT INTO `token_blacklist_outstandingtoken` (`id`, `token`, `created_at`, `expires_at`, `user_id`, `jti`) VALUES (16, 'eyJhbGciOiJIUzI1NiIsInR5cCI6IkpXVCJ9.eyJ0b2tlbl90eXBlIjoicmVmcmVzaCIsImV4cCI6MTc2MDg0OTAxOSwiaWF0IjoxNzYwNzYyNjE5LCJqdGkiOiI2MDg0YjUxZjQyMjQ0N2I5YmI0ZDYxYTAyNGUwYjY4MiIsInVzZXJfaWQiOiIyIn0.qtLL8ZiafhK8Q2udL9UlLSJMNRQo8Hsc9yzLZZ2UlYI', '2025-10-18 04:43:39.471907', '2025-10-19 04:43:39', 2, '6084b51f422447b9bb4d61a024e0b682');
INSERT INTO `token_blacklist_outstandingtoken` (`id`, `token`, `created_at`, `expires_at`, `user_id`, `jti`) VALUES (17, 'eyJhbGciOiJIUzI1NiIsInR5cCI6IkpXVCJ9.eyJ0b2tlbl90eXBlIjoicmVmcmVzaCIsImV4cCI6MTc2MDg1MTE0OSwiaWF0IjoxNzYwNzY0NzQ5LCJqdGkiOiI1YTJmYmMwMGVlNzE0NzgyOWMyZDZmZjM5YzY0YWExOCIsInVzZXJfaWQiOiIxIn0.4yV_iN2-CaFq6tZHbXJDvOIkagVnXthwf0J1KbWdnQs', '2025-10-18 05:19:09.141490', '2025-10-19 05:19:09', 1, '5a2fbc00ee7147829c2d6ff39c64aa18');
INSERT INTO `token_blacklist_outstandingtoken` (`id`, `token`, `created_at`, `expires_at`, `user_id`, `jti`) VALUES (18, 'eyJhbGciOiJIUzI1NiIsInR5cCI6IkpXVCJ9.eyJ0b2tlbl90eXBlIjoicmVmcmVzaCIsImV4cCI6MTc2MDg1MjYzNCwiaWF0IjoxNzYwNzY2MjM0LCJqdGkiOiI5MjdiM2U5ZGNmYWM0MDg4OGRkYjU5ZGVkMDViMTVmZiIsInVzZXJfaWQiOiIyIn0.PJmRFICVQdhiUWXkJGvS29SBKX0KboYj4yZXvZqiELY', '2025-10-18 05:43:54.060145', '2025-10-19 05:43:54', 2, '927b3e9dcfac40888ddb59ded05b15ff');
INSERT INTO `token_blacklist_outstandingtoken` (`id`, `token`, `created_at`, `expires_at`, `user_id`, `jti`) VALUES (19, 'eyJhbGciOiJIUzI1NiIsInR5cCI6IkpXVCJ9.eyJ0b2tlbl90eXBlIjoicmVmcmVzaCIsImV4cCI6MTc2MDg1NDc1MSwiaWF0IjoxNzYwNzY4MzUxLCJqdGkiOiIxMDVkMjA0N2ViYzE0ZTNkOGNkYTgyYzU4NjI1OTE4ZCIsInVzZXJfaWQiOiIxIn0.B1T5VqXvgdzLOsvBDUbux5AMKmmTrZIng_4bKWiEFL8', '2025-10-18 06:19:11.602551', '2025-10-19 06:19:11', 1, '105d2047ebc14e3d8cda82c58625918d');
INSERT INTO `token_blacklist_outstandingtoken` (`id`, `token`, `created_at`, `expires_at`, `user_id`, `jti`) VALUES (20, 'eyJhbGciOiJIUzI1NiIsInR5cCI6IkpXVCJ9.eyJ0b2tlbl90eXBlIjoicmVmcmVzaCIsImV4cCI6MTc2MDg1NjI0MCwiaWF0IjoxNzYwNzY5ODQwLCJqdGkiOiI1Zjk3NGQ2MmExNDU0MWM4OGI5MDE4ZjE5ZWZkYTI1OSIsInVzZXJfaWQiOiIyIn0.bcVBMZPIQ6kG0r6wbrNgElj8pWlcQKc4-chhiJV5xP0', '2025-10-18 06:44:00.062371', '2025-10-19 06:44:00', 2, '5f974d62a14541c88b9018f19efda259');
INSERT INTO `token_blacklist_outstandingtoken` (`id`, `token`, `created_at`, `expires_at`, `user_id`, `jti`) VALUES (21, 'eyJhbGciOiJIUzI1NiIsInR5cCI6IkpXVCJ9.eyJ0b2tlbl90eXBlIjoicmVmcmVzaCIsImV4cCI6MTc2MDg1ODM1NywiaWF0IjoxNzYwNzcxOTU3LCJqdGkiOiI5YzQ5NTQzMmYxODI0M2M5YmIzYjNlOGI3NTQxYWMxZCIsInVzZXJfaWQiOiIxIn0.EuXHRcDrvf7KM5ee_iK3PpdvGtC83pSLQ7ge1m6wGGg', '2025-10-18 07:19:17.758881', '2025-10-19 07:19:17', 1, '9c495432f18243c9bb3b3e8b7541ac1d');
INSERT INTO `token_blacklist_outstandingtoken` (`id`, `token`, `created_at`, `expires_at`, `user_id`, `jti`) VALUES (22, 'eyJhbGciOiJIUzI1NiIsInR5cCI6IkpXVCJ9.eyJ0b2tlbl90eXBlIjoicmVmcmVzaCIsImV4cCI6MTc2MDg1OTI0NSwiaWF0IjoxNzYwNzcyODQ1LCJqdGkiOiIyZGZhYTE1Mjk0OTg0NjhkOTFjODMxMjJkODM1MWNmMCIsInVzZXJfaWQiOiIxIn0.ZwjJ7tJicprwWrJiOWSLQ01KvZm8p2BU9fGiPatq1Ow', '2025-10-18 07:34:05.551660', '2025-10-19 07:34:05', 1, '2dfaa1529498468d91c83122d8351cf0');
INSERT INTO `token_blacklist_outstandingtoken` (`id`, `token`, `created_at`, `expires_at`, `user_id`, `jti`) VALUES (23, 'eyJhbGciOiJIUzI1NiIsInR5cCI6IkpXVCJ9.eyJ0b2tlbl90eXBlIjoicmVmcmVzaCIsImV4cCI6MTc2MDg2MTU0MSwiaWF0IjoxNzYwNzc1MTQxLCJqdGkiOiJkNjAwYjQzOTY4MDg0YmVmODYyOGFlZmZkNDcwN2EzZCIsInVzZXJfaWQiOiI0In0.jl_PPUwjI5GQOEGtqgIUUC6WD6YpqV1K289oSUAvIcg', '2025-10-18 08:12:21.786023', '2025-10-19 08:12:21', 4, 'd600b43968084bef8628aeffd4707a3d');
INSERT INTO `token_blacklist_outstandingtoken` (`id`, `token`, `created_at`, `expires_at`, `user_id`, `jti`) VALUES (24, 'eyJhbGciOiJIUzI1NiIsInR5cCI6IkpXVCJ9.eyJ0b2tlbl90eXBlIjoicmVmcmVzaCIsImV4cCI6MTc2MDg2MTc1MywiaWF0IjoxNzYwNzc1MzUzLCJqdGkiOiJmNGI2MTc1YWM0YTE0MjVkODlhZDFhNWUzN2Q4ZTY0NSIsInVzZXJfaWQiOiIzIn0.C25XWBlV3ejb_JOcczJKa9HewIMsqLznJYRwyGxeUjE', '2025-10-18 08:15:53.003263', '2025-10-19 08:15:53', 3, 'f4b6175ac4a1425d89ad1a5e37d8e645');
INSERT INTO `token_blacklist_outstandingtoken` (`id`, `token`, `created_at`, `expires_at`, `user_id`, `jti`) VALUES (25, 'eyJhbGciOiJIUzI1NiIsInR5cCI6IkpXVCJ9.eyJ0b2tlbl90eXBlIjoicmVmcmVzaCIsImV4cCI6MTc2MDg2MTgzNCwiaWF0IjoxNzYwNzc1NDM0LCJqdGkiOiIzM2YwOTI3ZDQyMDQ0MzViYjFiODQwMTY3NDg0ZTFlNCIsInVzZXJfaWQiOiIyIn0.Nn6YcnBlO6Cg8eD2dQmAwhPMKxsEVlQwCc6HRjxdFIg', '2025-10-18 08:17:14.537881', '2025-10-19 08:17:14', 2, '33f0927d4204435bb1b840167484e1e4');
INSERT INTO `token_blacklist_outstandingtoken` (`id`, `token`, `created_at`, `expires_at`, `user_id`, `jti`) VALUES (26, 'eyJhbGciOiJIUzI1NiIsInR5cCI6IkpXVCJ9.eyJ0b2tlbl90eXBlIjoicmVmcmVzaCIsImV4cCI6MTc2MDg2MjAwNSwiaWF0IjoxNzYwNzc1NjA1LCJqdGkiOiJiOWVkMGRiOTAyNWU0NDQ3YTcxNzIwMWM4N2I0ZTIwNSIsInVzZXJfaWQiOiI0In0.2QVcJn22owt1C4zwMJKMyT--PvNySNGCAaCHyC8MoUM', '2025-10-18 08:20:05.299140', '2025-10-19 08:20:05', 4, 'b9ed0db9025e4447a717201c87b4e205');
INSERT INTO `token_blacklist_outstandingtoken` (`id`, `token`, `created_at`, `expires_at`, `user_id`, `jti`) VALUES (27, 'eyJhbGciOiJIUzI1NiIsInR5cCI6IkpXVCJ9.eyJ0b2tlbl90eXBlIjoicmVmcmVzaCIsImV4cCI6MTc2MDg2MjAzOSwiaWF0IjoxNzYwNzc1NjM5LCJqdGkiOiI2MzIzMDE3ZGYyMGM0NGIwOWY4MjgzMDBmYmJlZjI4YiIsInVzZXJfaWQiOiI0In0.tJnkm53RAC2rxdTqrLwn04JLQgFgqISCfgh-NosBR8c', '2025-10-18 08:20:39.020286', '2025-10-19 08:20:39', 4, '6323017df20c44b09f828300fbbef28b');
INSERT INTO `token_blacklist_outstandingtoken` (`id`, `token`, `created_at`, `expires_at`, `user_id`, `jti`) VALUES (28, 'eyJhbGciOiJIUzI1NiIsInR5cCI6IkpXVCJ9.eyJ0b2tlbl90eXBlIjoicmVmcmVzaCIsImV4cCI6MTc2MDg2MjM1MiwiaWF0IjoxNzYwNzc1OTUyLCJqdGkiOiI2OGFiZTVjNTcxNDY0MDk4YmQ2ZThkODczMWJiY2FlOCIsInVzZXJfaWQiOiI1In0.HrtWJMgzPT8dhfsncP-0Oe9WvOHG9J5CBLB1O3hvqg4', '2025-10-18 08:25:52.725969', '2025-10-19 08:25:52', 5, '68abe5c571464098bd6e8d8731bbcae8');
INSERT INTO `token_blacklist_outstandingtoken` (`id`, `token`, `created_at`, `expires_at`, `user_id`, `jti`) VALUES (29, 'eyJhbGciOiJIUzI1NiIsInR5cCI6IkpXVCJ9.eyJ0b2tlbl90eXBlIjoicmVmcmVzaCIsImV4cCI6MTc2MDg2MjU1NiwiaWF0IjoxNzYwNzc2MTU2LCJqdGkiOiJjMjAzMjYwODA2ZmU0YTJjYjMzZjZjNzAxZjA0NWQ3MSIsInVzZXJfaWQiOiI1In0.5ZYWnHKRqRx4ZKKTTq55gv20PyrHSyDEVMjbM7q5_oE', '2025-10-18 08:29:16.129639', '2025-10-19 08:29:16', 5, 'c203260806fe4a2cb33f6c701f045d71');
INSERT INTO `token_blacklist_outstandingtoken` (`id`, `token`, `created_at`, `expires_at`, `user_id`, `jti`) VALUES (30, 'eyJhbGciOiJIUzI1NiIsInR5cCI6IkpXVCJ9.eyJ0b2tlbl90eXBlIjoicmVmcmVzaCIsImV4cCI6MTc2MDg2MjYwMCwiaWF0IjoxNzYwNzc2MjAwLCJqdGkiOiJmNTAwNTkxMzdkOTU0MDkwYmU2ODA2ODQwNjdlY2EyMyIsInVzZXJfaWQiOiI1In0.fbfasKVKhaVBwjbhNZbDrnj78GVIZabceD6hNJHbQVM', '2025-10-18 08:30:00.398103', '2025-10-19 08:30:00', 5, 'f50059137d954090be680684067eca23');
INSERT INTO `token_blacklist_outstandingtoken` (`id`, `token`, `created_at`, `expires_at`, `user_id`, `jti`) VALUES (31, 'eyJhbGciOiJIUzI1NiIsInR5cCI6IkpXVCJ9.eyJ0b2tlbl90eXBlIjoicmVmcmVzaCIsImV4cCI6MTc2MDg2Mjg0OSwiaWF0IjoxNzYwNzc2NDQ5LCJqdGkiOiJiYTEyYjA2MjU0MDk0NjgxYTUyMDhhM2I2YjQxOTNmZCIsInVzZXJfaWQiOiIxIn0.u4t57D_MFitXhf5Mdwqk2hyVG-GBoH1PYnOwTktFROg', '2025-10-18 08:34:09.551940', '2025-10-19 08:34:09', 1, 'ba12b06254094681a5208a3b6b4193fd');
INSERT INTO `token_blacklist_outstandingtoken` (`id`, `token`, `created_at`, `expires_at`, `user_id`, `jti`) VALUES (32, 'eyJhbGciOiJIUzI1NiIsInR5cCI6IkpXVCJ9.eyJ0b2tlbl90eXBlIjoicmVmcmVzaCIsImV4cCI6MTc2MDg2Mjg0OSwiaWF0IjoxNzYwNzc2NDQ5LCJqdGkiOiJmNjIzM2NhY2QxY2U0MzUzOTIyOTAwOTJhODMxMDFmZSIsInVzZXJfaWQiOiIxIn0._IiSOZxDmKpOOMZ4L3w5k411oxmSaTny6YeYmqN5Ed8', '2025-10-18 08:34:09.548587', '2025-10-19 08:34:09', 1, 'f6233cacd1ce435392290092a83101fe');
INSERT INTO `token_blacklist_outstandingtoken` (`id`, `token`, `created_at`, `expires_at`, `user_id`, `jti`) VALUES (33, 'eyJhbGciOiJIUzI1NiIsInR5cCI6IkpXVCJ9.eyJ0b2tlbl90eXBlIjoicmVmcmVzaCIsImV4cCI6MTc2MDk3MDQ3MywiaWF0IjoxNzYwODg0MDczLCJqdGkiOiI2M2RjZWEwN2I0NmQ0OTg1YTA0NjYwMjQ4OWQ2NzEwYiIsInVzZXJfaWQiOiIxIn0.BB7Kn7nI_hdPrtxyHNVcEBMBrDjVdFBmU9Qb6j_zCwY', '2025-10-19 14:27:53.494880', '2025-10-20 14:27:53', 1, '63dcea07b46d4985a046602489d6710b');
INSERT INTO `token_blacklist_outstandingtoken` (`id`, `token`, `created_at`, `expires_at`, `user_id`, `jti`) VALUES (34, 'eyJhbGciOiJIUzI1NiIsInR5cCI6IkpXVCJ9.eyJ0b2tlbl90eXBlIjoicmVmcmVzaCIsImV4cCI6MTc2MDk2ODQ0OCwiaWF0IjoxNzYwODgyMDQ4LCJqdGkiOiJlMjQyOTYzNjhjYWQ0NTM1YTNmODlhMzc0MzBkZjI4OSIsInVzZXJfaWQiOiIzIn0.Lagaj4COLG0_L-2jdAgfhReYnxkG-FM1kDT8-giF2Hg', '2025-10-19 14:58:09.077148', '2025-10-20 13:54:08', 3, 'e24296368cad4535a3f89a37430df289');
INSERT INTO `token_blacklist_outstandingtoken` (`id`, `token`, `created_at`, `expires_at`, `user_id`, `jti`) VALUES (35, 'eyJhbGciOiJIUzI1NiIsInR5cCI6IkpXVCJ9.eyJ0b2tlbl90eXBlIjoicmVmcmVzaCIsImV4cCI6MTc2MDk3MjI4OSwiaWF0IjoxNzYwODg1ODg5LCJqdGkiOiI4YjRlNGRmYThmM2I0OWRjYjZjZTM3ZjgzNDk1MWI1ZCIsInVzZXJfaWQiOiIzIn0.DVdkXg4w3Q5u6KS2l1w0RnlztjCarliAX7xNbmsi9A0', '2025-10-19 14:58:09.077148', '2025-10-20 14:58:09', 3, '8b4e4dfa8f3b49dcb6ce37f834951b5d');
INSERT INTO `token_blacklist_outstandingtoken` (`id`, `token`, `created_at`, `expires_at`, `user_id`, `jti`) VALUES (36, 'eyJhbGciOiJIUzI1NiIsInR5cCI6IkpXVCJ9.eyJ0b2tlbl90eXBlIjoicmVmcmVzaCIsImV4cCI6MTc2MDk3MjM3MCwiaWF0IjoxNzYwODg1OTcwLCJqdGkiOiI3YTdiZWY5YTBlOTU0Mzk2YjA2OTI2ZjMwOWQ4ZTMzOCIsInVzZXJfaWQiOiIzIn0.D3ywWBNIbQmxmnOaHtBJwhEj8LvqPuocDpl1buA5_lA', '2025-10-19 14:59:30.446003', '2025-10-20 14:59:30', 3, '7a7bef9a0e954396b06926f309d8e338');
INSERT INTO `token_blacklist_outstandingtoken` (`id`, `token`, `created_at`, `expires_at`, `user_id`, `jti`) VALUES (37, 'eyJhbGciOiJIUzI1NiIsInR5cCI6IkpXVCJ9.eyJ0b2tlbl90eXBlIjoicmVmcmVzaCIsImV4cCI6MTc2MDk3MjQzMywiaWF0IjoxNzYwODg2MDMzLCJqdGkiOiJhZjdjODA1MzNhMjM0Y2ZhOTYyYTY5OGQ2M2U5NTYwMyIsInVzZXJfaWQiOiIyIn0.NJgTlQpkQvFCtSKmEJux1WvVNovZjRNwArJoS4rvuwk', '2025-10-19 15:00:33.233136', '2025-10-20 15:00:33', 2, 'af7c80533a234cfa962a698d63e95603');
INSERT INTO `token_blacklist_outstandingtoken` (`id`, `token`, `created_at`, `expires_at`, `user_id`, `jti`) VALUES (38, 'eyJhbGciOiJIUzI1NiIsInR5cCI6IkpXVCJ9.eyJ0b2tlbl90eXBlIjoicmVmcmVzaCIsImV4cCI6MTc2MDk3NDA5NCwiaWF0IjoxNzYwODg3Njk0LCJqdGkiOiI2OTM1MDI5NjU4Mjk0Y2JlODRjZTZkMjdhYWIwZmJmYyIsInVzZXJfaWQiOiIxIn0.lh4A6hUn5gbF7N0-NvwGacpGSlWeoU4FWi5hJSjv4K0', '2025-10-19 15:28:14.532210', '2025-10-20 15:28:14', 1, '6935029658294cbe84ce6d27aab0fbfc');
INSERT INTO `token_blacklist_outstandingtoken` (`id`, `token`, `created_at`, `expires_at`, `user_id`, `jti`) VALUES (39, 'eyJhbGciOiJIUzI1NiIsInR5cCI6IkpXVCJ9.eyJ0b2tlbl90eXBlIjoicmVmcmVzaCIsImV4cCI6MTc2MDk3NDA5NCwiaWF0IjoxNzYwODg3Njk0LCJqdGkiOiJlNjg3ZTc3MzA1NDc0MGFlYTMyM2ZmNjliYWIyOTI1MiIsInVzZXJfaWQiOiIxIn0.KkcGpvd6hyKrsQSEGzcnYkgA-34VcYZ0OfRPNoOdAc4', '2025-10-19 15:28:14.521440', '2025-10-20 15:28:14', 1, 'e687e773054740aea323ff69bab29252');
INSERT INTO `token_blacklist_outstandingtoken` (`id`, `token`, `created_at`, `expires_at`, `user_id`, `jti`) VALUES (40, 'eyJhbGciOiJIUzI1NiIsInR5cCI6IkpXVCJ9.eyJ0b2tlbl90eXBlIjoicmVmcmVzaCIsImV4cCI6MTc2MDk3NDA5NCwiaWF0IjoxNzYwODg3Njk0LCJqdGkiOiI4NjUxMmRkY2ExMzk0Yjk4ODNiODExZTBiMTYyMjcxNiIsInVzZXJfaWQiOiIxIn0.l6zFnjUAPoZiRxBxQj4dakzDuSdX7H9suXUTQvybeiI', '2025-10-19 15:28:14.526305', '2025-10-20 15:28:14', 1, '86512ddca1394b9883b811e0b1622716');
INSERT INTO `token_blacklist_outstandingtoken` (`id`, `token`, `created_at`, `expires_at`, `user_id`, `jti`) VALUES (41, 'eyJhbGciOiJIUzI1NiIsInR5cCI6IkpXVCJ9.eyJ0b2tlbl90eXBlIjoicmVmcmVzaCIsImV4cCI6MTc2MDk3NDEwMCwiaWF0IjoxNzYwODg3NzAwLCJqdGkiOiJhZWExNTRkOWZlZjQ0MDY4OTIyOGQ0OWI3YzJlODFkOCIsInVzZXJfaWQiOiIxIn0.4WC2kn-l9P1fZtqbJRcyXr3Hfi5mi575RFUYNV4l5_o', '2025-10-19 15:28:20.060041', '2025-10-20 15:28:20', 1, 'aea154d9fef440689228d49b7c2e81d8');
INSERT INTO `token_blacklist_outstandingtoken` (`id`, `token`, `created_at`, `expires_at`, `user_id`, `jti`) VALUES (42, 'eyJhbGciOiJIUzI1NiIsInR5cCI6IkpXVCJ9.eyJ0b2tlbl90eXBlIjoicmVmcmVzaCIsImV4cCI6MTc2MDk3NjAwNCwiaWF0IjoxNzYwODg5NjA0LCJqdGkiOiI2NGY0M2IwZDNlNWI0OWVhOGZjMDU1ZDMyY2E5ODJjOSIsInVzZXJfaWQiOiIzIn0.KHHtPxGX7OzTWPckqiKPdeVEN0FyhgJFY83ueMGvvdM', '2025-10-19 16:00:04.684325', '2025-10-20 16:00:04', 3, '64f43b0d3e5b49ea8fc055d32ca982c9');
INSERT INTO `token_blacklist_outstandingtoken` (`id`, `token`, `created_at`, `expires_at`, `user_id`, `jti`) VALUES (43, 'eyJhbGciOiJIUzI1NiIsInR5cCI6IkpXVCJ9.eyJ0b2tlbl90eXBlIjoicmVmcmVzaCIsImV4cCI6MTc2MDk3NjA1NCwiaWF0IjoxNzYwODg5NjU0LCJqdGkiOiI5NzBiYzI1ZWFkZTc0ZDU0ODM3Y2M2NDljMjk0ZDhjOCIsInVzZXJfaWQiOiIyIn0.JXlgsAoXgGrpicprXzoZ84k7B5jQn5ZVn4ByExMJwnk', '2025-10-19 16:00:54.075121', '2025-10-20 16:00:54', 2, '970bc25eade74d54837cc649c294d8c8');
INSERT INTO `token_blacklist_outstandingtoken` (`id`, `token`, `created_at`, `expires_at`, `user_id`, `jti`) VALUES (44, 'eyJhbGciOiJIUzI1NiIsInR5cCI6IkpXVCJ9.eyJ0b2tlbl90eXBlIjoicmVmcmVzaCIsImV4cCI6MTc2MDk3NjA1NCwiaWF0IjoxNzYwODg5NjU0LCJqdGkiOiI1NjM2OGY4NjlhYjU0NmZkOTNmMWJkYjJkZmJlNjg2ZCIsInVzZXJfaWQiOiIyIn0.Tz0nEH1xv3CiPhXXrB8OxL5mPoVxrG3_Frm0Vbg6N-k', '2025-10-19 16:00:54.058312', '2025-10-20 16:00:54', 2, '56368f869ab546fd93f1bdb2dfbe686d');
INSERT INTO `token_blacklist_outstandingtoken` (`id`, `token`, `created_at`, `expires_at`, `user_id`, `jti`) VALUES (45, 'eyJhbGciOiJIUzI1NiIsInR5cCI6IkpXVCJ9.eyJ0b2tlbl90eXBlIjoicmVmcmVzaCIsImV4cCI6MTc2MDk3Nzc1NiwiaWF0IjoxNzYwODkxMzU2LCJqdGkiOiJiMzJlN2UyZTFhZDQ0N2MzYWQyMTlhYjA5OTQwNTY4OSIsInVzZXJfaWQiOiIxIn0.bwM7iZEfINqYCmECsjPC1wCBFNKmktM3qlLwRLgJaHI', '2025-10-19 16:29:16.128141', '2025-10-20 16:29:16', 1, 'b32e7e2e1ad447c3ad219ab099405689');
INSERT INTO `token_blacklist_outstandingtoken` (`id`, `token`, `created_at`, `expires_at`, `user_id`, `jti`) VALUES (46, 'eyJhbGciOiJIUzI1NiIsInR5cCI6IkpXVCJ9.eyJ0b2tlbl90eXBlIjoicmVmcmVzaCIsImV4cCI6MTc2MDk3Nzc1NywiaWF0IjoxNzYwODkxMzU3LCJqdGkiOiI4OWE5NzU3MjI4MDg0YzE0YjliYTMwZDlhMjBmODQ1YiIsInVzZXJfaWQiOiIxIn0.eEUQNr3M_y7YIL-LaJcYvZ8rysiftZBMzCW5yjP9OoU', '2025-10-19 16:29:17.888859', '2025-10-20 16:29:17', 1, '89a9757228084c14b9ba30d9a20f845b');
INSERT INTO `token_blacklist_outstandingtoken` (`id`, `token`, `created_at`, `expires_at`, `user_id`, `jti`) VALUES (47, 'eyJhbGciOiJIUzI1NiIsInR5cCI6IkpXVCJ9.eyJ0b2tlbl90eXBlIjoicmVmcmVzaCIsImV4cCI6MTc2MDk3OTYxMCwiaWF0IjoxNzYwODkzMjEwLCJqdGkiOiI1NGYwYzhmZTZkNjU0NzU3OTNmMmY3MDYyMmQwZjE2ZCIsInVzZXJfaWQiOiIzIn0.-NVBBTBsGXD5pOhbmu0RWKS271bNJU_gkyu2VNWgq1o', '2025-10-19 17:00:10.285212', '2025-10-20 17:00:10', 3, '54f0c8fe6d65475793f2f70622d0f16d');
INSERT INTO `token_blacklist_outstandingtoken` (`id`, `token`, `created_at`, `expires_at`, `user_id`, `jti`) VALUES (48, 'eyJhbGciOiJIUzI1NiIsInR5cCI6IkpXVCJ9.eyJ0b2tlbl90eXBlIjoicmVmcmVzaCIsImV4cCI6MTc2MDk3OTYxMCwiaWF0IjoxNzYwODkzMjEwLCJqdGkiOiJmNzlhYTk1ZjE1Y2Q0MWFjODNiOWFkNjZjOWNkOWU0OCIsInVzZXJfaWQiOiIzIn0.07PVnunz29xrukyFqtWLJSSPTt2c7_zXuKKMsx_gd5k', '2025-10-19 17:00:10.296437', '2025-10-20 17:00:10', 3, 'f79aa95f15cd41ac83b9ad66c9cd9e48');
INSERT INTO `token_blacklist_outstandingtoken` (`id`, `token`, `created_at`, `expires_at`, `user_id`, `jti`) VALUES (49, 'eyJhbGciOiJIUzI1NiIsInR5cCI6IkpXVCJ9.eyJ0b2tlbl90eXBlIjoicmVmcmVzaCIsImV4cCI6MTc2MDk3OTYzOSwiaWF0IjoxNzYwODkzMjM5LCJqdGkiOiJlNjcyYTgzYWM4Nzk0NTE5ODUyZjYxNGNhN2U0ZGYxYyIsInVzZXJfaWQiOiIyIn0.4GIfxoMpqBi-a6fw5FFTllV3Vc2aXEl-iSWCrA0OW0k', '2025-10-19 17:00:39.532749', '2025-10-20 17:00:39', 2, 'e672a83ac8794519852f614ca7e4df1c');
INSERT INTO `token_blacklist_outstandingtoken` (`id`, `token`, `created_at`, `expires_at`, `user_id`, `jti`) VALUES (50, 'eyJhbGciOiJIUzI1NiIsInR5cCI6IkpXVCJ9.eyJ0b2tlbl90eXBlIjoicmVmcmVzaCIsImV4cCI6MTc2MDk4MzAxOSwiaWF0IjoxNzYwODk2NjE5LCJqdGkiOiIwMWVjYjVjNmQwNDY0Y2U2YTI0ZWJkOTU1ZjUzNDU4ZiIsInVzZXJfaWQiOiIyIn0.L6K-JkZX6GUFqXWTpHkD8Zdf6HfJbzr4WC42GZNq0DA', '2025-10-19 17:56:59.973637', '2025-10-20 17:56:59', 2, '01ecb5c6d0464ce6a24ebd955f53458f');
INSERT INTO `token_blacklist_outstandingtoken` (`id`, `token`, `created_at`, `expires_at`, `user_id`, `jti`) VALUES (51, 'eyJhbGciOiJIUzI1NiIsInR5cCI6IkpXVCJ9.eyJ0b2tlbl90eXBlIjoicmVmcmVzaCIsImV4cCI6MTc2MDk4MzIxMCwiaWF0IjoxNzYwODk2ODEwLCJqdGkiOiJlMjZmN2QxZjM1ZGQ0NWY0YjRiODcyOGRmZDIxYmIyMiIsInVzZXJfaWQiOiIzIn0.GgRgXpJSWup7BivbcluCZcucOz3ACYCET3ZuhaupOew', '2025-10-19 18:00:10.279164', '2025-10-20 18:00:10', 3, 'e26f7d1f35dd45f4b4b8728dfd21bb22');
INSERT INTO `token_blacklist_outstandingtoken` (`id`, `token`, `created_at`, `expires_at`, `user_id`, `jti`) VALUES (52, 'eyJhbGciOiJIUzI1NiIsInR5cCI6IkpXVCJ9.eyJ0b2tlbl90eXBlIjoicmVmcmVzaCIsImV4cCI6MTc2MDk4MzIxMCwiaWF0IjoxNzYwODk2ODEwLCJqdGkiOiJjMWM3M2RjYjkxMmI0NTZmYjAyM2NmMDk2NTUzMzg2ZiIsInVzZXJfaWQiOiIzIn0.qHLY0kc7OzJzVxxegC5MK2T3vARgja7v1yPDE9L-48E', '2025-10-19 18:00:10.282016', '2025-10-20 18:00:10', 3, 'c1c73dcb912b456fb023cf096553386f');
INSERT INTO `token_blacklist_outstandingtoken` (`id`, `token`, `created_at`, `expires_at`, `user_id`, `jti`) VALUES (53, 'eyJhbGciOiJIUzI1NiIsInR5cCI6IkpXVCJ9.eyJ0b2tlbl90eXBlIjoicmVmcmVzaCIsImV4cCI6MTc2MDk4NDc5MiwiaWF0IjoxNzYwODk4MzkyLCJqdGkiOiI2ODU2NzY3MWE2NjM0ODIyODhmZWJhYjliMDA2MWEwMiIsInVzZXJfaWQiOiIxIn0.pxvhiowDrwN5DANt9IbX3zSez03oPxqcCaUVqkq6CVU', '2025-10-19 18:26:32.352837', '2025-10-20 18:26:32', 1, '68567671a663482288febab9b0061a02');
INSERT INTO `token_blacklist_outstandingtoken` (`id`, `token`, `created_at`, `expires_at`, `user_id`, `jti`) VALUES (54, 'eyJhbGciOiJIUzI1NiIsInR5cCI6IkpXVCJ9.eyJ0b2tlbl90eXBlIjoicmVmcmVzaCIsImV4cCI6MTc2MDk4NjgyMiwiaWF0IjoxNzYwOTAwNDIyLCJqdGkiOiI1MzEyMzlkODNmZmE0NTAzODhkNDYxMjRkN2Q4MjU2MCIsInVzZXJfaWQiOiIzIn0.hipn5Q1fJgebAhrpcDQq-O_7nVQ7Y0y_iD32LBHd_W4', '2025-10-19 19:00:22.480458', '2025-10-20 19:00:22', 3, '531239d83ffa450388d46124d7d82560');
INSERT INTO `token_blacklist_outstandingtoken` (`id`, `token`, `created_at`, `expires_at`, `user_id`, `jti`) VALUES (55, 'eyJhbGciOiJIUzI1NiIsInR5cCI6IkpXVCJ9.eyJ0b2tlbl90eXBlIjoicmVmcmVzaCIsImV4cCI6MTc2MDk4NzEyNCwiaWF0IjoxNzYwOTAwNzI0LCJqdGkiOiIwN2U3YTY4ZjNhZGQ0NTQ5YTE5ZDA4ODE0NzY2MmY2ZSIsInVzZXJfaWQiOiIyIn0.G-ITMqJk7iGXlJ8GVHVNL4h_k-Dswl5mjGlKmI3a2rQ', '2025-10-19 19:05:24.997903', '2025-10-20 19:05:24', 2, '07e7a68f3add4549a19d088147662f6e');
INSERT INTO `token_blacklist_outstandingtoken` (`id`, `token`, `created_at`, `expires_at`, `user_id`, `jti`) VALUES (56, 'eyJhbGciOiJIUzI1NiIsInR5cCI6IkpXVCJ9.eyJ0b2tlbl90eXBlIjoicmVmcmVzaCIsImV4cCI6MTc2MDk4ODQzMCwiaWF0IjoxNzYwOTAyMDMwLCJqdGkiOiJlOTFmNDk2N2NmMDk0ZTY4OWY3MTRkYTUxNmYzY2QwNiIsInVzZXJfaWQiOiIxIn0.eqF50RAUTyxezFHb-6BNgiOJBhgl_KUSUfRsbZO5ACs', '2025-10-19 19:27:10.471828', '2025-10-20 19:27:10', 1, 'e91f4967cf094e689f714da516f3cd06');
INSERT INTO `token_blacklist_outstandingtoken` (`id`, `token`, `created_at`, `expires_at`, `user_id`, `jti`) VALUES (57, 'eyJhbGciOiJIUzI1NiIsInR5cCI6IkpXVCJ9.eyJ0b2tlbl90eXBlIjoicmVmcmVzaCIsImV4cCI6MTc2MDk5MTAzOCwiaWF0IjoxNzYwOTA0NjM4LCJqdGkiOiJjNDE2ZTBlZTI4YTc0OTU4OTRjNDRmYWUxNTNiOGMyZCIsInVzZXJfaWQiOiIyIn0.NacEf72JAO2N6p6TPP60sxQx0VibqNMHw_hjCGkzwZM', '2025-10-19 20:10:38.640353', '2025-10-20 20:10:38', 2, 'c416e0ee28a7495894c44fae153b8c2d');
INSERT INTO `token_blacklist_outstandingtoken` (`id`, `token`, `created_at`, `expires_at`, `user_id`, `jti`) VALUES (58, 'eyJhbGciOiJIUzI1NiIsInR5cCI6IkpXVCJ9.eyJ0b2tlbl90eXBlIjoicmVmcmVzaCIsImV4cCI6MTc2MDk5MzM0NCwiaWF0IjoxNzYwOTA2OTQ0LCJqdGkiOiIwNDVhZTExZDZiYmE0ZjU2YjZmOTc3YTkzNWQ5ODVkYiIsInVzZXJfaWQiOiIzIn0.V-NycJdJJNcmzRN1Ij1nvOLIkelY_0WhzXO_1_gF24A', '2025-10-19 20:49:04.357413', '2025-10-20 20:49:04', 3, '045ae11d6bba4f56b6f977a935d985db');
INSERT INTO `token_blacklist_outstandingtoken` (`id`, `token`, `created_at`, `expires_at`, `user_id`, `jti`) VALUES (59, 'eyJhbGciOiJIUzI1NiIsInR5cCI6IkpXVCJ9.eyJ0b2tlbl90eXBlIjoicmVmcmVzaCIsImV4cCI6MTc2MDk5MzQzOSwiaWF0IjoxNzYwOTA3MDM5LCJqdGkiOiJjMDVkNDMwNjQ2ODY0YTBmYmY4MjEyYTJjNTBjZDc2MCIsInVzZXJfaWQiOiIxIn0.YtFsQVBEo8lQLQ-30JAlP8BgabWXzRhqFDiGFHsH-4A', '2025-10-19 20:50:39.375661', '2025-10-20 20:50:39', 1, 'c05d430646864a0fbf8212a2c50cd760');
INSERT INTO `token_blacklist_outstandingtoken` (`id`, `token`, `created_at`, `expires_at`, `user_id`, `jti`) VALUES (60, 'eyJhbGciOiJIUzI1NiIsInR5cCI6IkpXVCJ9.eyJ0b2tlbl90eXBlIjoicmVmcmVzaCIsImV4cCI6MTc2MDk5NDk2OCwiaWF0IjoxNzYwOTA4NTY4LCJqdGkiOiIwMTdjZjQ3ZjAzZWU0NjZiOTJlMDU2ZmUzOTY4MDg2OSIsInVzZXJfaWQiOiIyIn0.-mS7R8_b39Clah-qgjCop_OBiD5J0PFX4OvkI3xtUz8', '2025-10-19 21:16:08.829621', '2025-10-20 21:16:08', 2, '017cf47f03ee466b92e056fe39680869');
INSERT INTO `token_blacklist_outstandingtoken` (`id`, `token`, `created_at`, `expires_at`, `user_id`, `jti`) VALUES (61, 'eyJhbGciOiJIUzI1NiIsInR5cCI6IkpXVCJ9.eyJ0b2tlbl90eXBlIjoicmVmcmVzaCIsImV4cCI6MTc2MDk5NDk2OCwiaWF0IjoxNzYwOTA4NTY4LCJqdGkiOiJlNGFiNWQzOWE0MGE0MWUyYjFhZjdjYzQyNTU0NTRmNSIsInVzZXJfaWQiOiIyIn0.WYEQI53AlBnWR-JsCgLXWxtw8KR0X3VRnfxaLrJ06LE', '2025-10-19 21:16:08.820552', '2025-10-20 21:16:08', 2, 'e4ab5d39a40a41e2b1af7cc4255454f5');
INSERT INTO `token_blacklist_outstandingtoken` (`id`, `token`, `created_at`, `expires_at`, `user_id`, `jti`) VALUES (62, 'eyJhbGciOiJIUzI1NiIsInR5cCI6IkpXVCJ9.eyJ0b2tlbl90eXBlIjoicmVmcmVzaCIsImV4cCI6MTc2MDk5NDk2OCwiaWF0IjoxNzYwOTA4NTY4LCJqdGkiOiIxNzQyOTVmYTZkNTc0OTk5YmJiZDhjYjEzY2RlZDVhMSIsInVzZXJfaWQiOiIyIn0.0qb9mLQzS6oYJ2jsq8hP8orelIFZGwbFMekrhCI8WyA', '2025-10-19 21:16:08.834072', '2025-10-20 21:16:08', 2, '174295fa6d574999bbbd8cb13cded5a1');
INSERT INTO `token_blacklist_outstandingtoken` (`id`, `token`, `created_at`, `expires_at`, `user_id`, `jti`) VALUES (63, 'eyJhbGciOiJIUzI1NiIsInR5cCI6IkpXVCJ9.eyJ0b2tlbl90eXBlIjoicmVmcmVzaCIsImV4cCI6MTc2MDk5Njg1OCwiaWF0IjoxNzYwOTEwNDU4LCJqdGkiOiI2NjQzNjNiYzAxNjM0MzVjYWEyYjVkNjYxYjM5MGU0YiIsInVzZXJfaWQiOiIyIn0.A7sunoYKzanqyRKYP8XMcG7xEYUWhySQ96tHyLxNQyM', '2025-10-19 21:47:38.160631', '2025-10-20 21:47:38', 2, '664363bc0163435caa2b5d661b390e4b');
INSERT INTO `token_blacklist_outstandingtoken` (`id`, `token`, `created_at`, `expires_at`, `user_id`, `jti`) VALUES (64, 'eyJhbGciOiJIUzI1NiIsInR5cCI6IkpXVCJ9.eyJ0b2tlbl90eXBlIjoicmVmcmVzaCIsImV4cCI6MTc2MDk5NzA3MSwiaWF0IjoxNzYwOTEwNjcxLCJqdGkiOiI1MjRhMGI0ZDhkNzA0MDllYTRlNmQ3MjdkYWE0NmQxNiIsInVzZXJfaWQiOiIxIn0.gTaZL_4pnUs-mgRs86OldH8dOhh-GVGXlNOO23xhCpw', '2025-10-19 21:51:11.054965', '2025-10-20 21:51:11', 1, '524a0b4d8d70409ea4e6d727daa46d16');
INSERT INTO `token_blacklist_outstandingtoken` (`id`, `token`, `created_at`, `expires_at`, `user_id`, `jti`) VALUES (65, 'eyJhbGciOiJIUzI1NiIsInR5cCI6IkpXVCJ9.eyJ0b2tlbl90eXBlIjoicmVmcmVzaCIsImV4cCI6MTc2MDk5ODU3MSwiaWF0IjoxNzYwOTEyMTcxLCJqdGkiOiJhNmYyYjllZmFmN2M0MDI1OTZiNmQ5NzFmNTFmYmYwNyIsInVzZXJfaWQiOiIyIn0.Khy6RNdK3lb5uOc2YnhBwJpIltl132bmLsTLxGaiBag', '2025-10-19 22:16:11.319124', '2025-10-20 22:16:11', 2, 'a6f2b9efaf7c402596b6d971f51fbf07');
INSERT INTO `token_blacklist_outstandingtoken` (`id`, `token`, `created_at`, `expires_at`, `user_id`, `jti`) VALUES (66, 'eyJhbGciOiJIUzI1NiIsInR5cCI6IkpXVCJ9.eyJ0b2tlbl90eXBlIjoicmVmcmVzaCIsImV4cCI6MTc2MTAwMDg2NSwiaWF0IjoxNzYwOTE0NDY1LCJqdGkiOiIwODgxYWUxZjZkOTU0Mjg2YTcyMzg4NGM1NzA0ZjExYSIsInVzZXJfaWQiOiIyIn0.fICCN2gYTm89wlh0iwPPS3bD0QBy1IpPqjg2UiUbFvw', '2025-10-19 22:54:25.320791', '2025-10-20 22:54:25', 2, '0881ae1f6d954286a723884c5704f11a');
INSERT INTO `token_blacklist_outstandingtoken` (`id`, `token`, `created_at`, `expires_at`, `user_id`, `jti`) VALUES (67, 'eyJhbGciOiJIUzI1NiIsInR5cCI6IkpXVCJ9.eyJ0b2tlbl90eXBlIjoicmVmcmVzaCIsImV4cCI6MTc2MTAwMjIzMCwiaWF0IjoxNzYwOTE1ODMwLCJqdGkiOiJkODMxZjJmYzVjNjI0MWM2OTJiMGQxZDg0NWVlNzM5MCIsInVzZXJfaWQiOiIyIn0.N02f2_2SKLmbfEAYIHWrkVS8InPNfsN08dN2fUv8Ftw', '2025-10-19 23:17:10.291248', '2025-10-20 23:17:10', 2, 'd831f2fc5c6241c692b0d1d845ee7390');
INSERT INTO `token_blacklist_outstandingtoken` (`id`, `token`, `created_at`, `expires_at`, `user_id`, `jti`) VALUES (68, 'eyJhbGciOiJIUzI1NiIsInR5cCI6IkpXVCJ9.eyJ0b2tlbl90eXBlIjoicmVmcmVzaCIsImV4cCI6MTc2MTAwMjIzMCwiaWF0IjoxNzYwOTE1ODMwLCJqdGkiOiJiMjQ5MTMyNjc2MGE0ODE4YTQwOWViYzAzMmNhYTliOCIsInVzZXJfaWQiOiIyIn0.vNEmzawMdQFbDl-fLJALwadskQd4mtRN_vzuoE0g19A', '2025-10-19 23:17:10.287233', '2025-10-20 23:17:10', 2, 'b2491326760a4818a409ebc032caa9b8');
INSERT INTO `token_blacklist_outstandingtoken` (`id`, `token`, `created_at`, `expires_at`, `user_id`, `jti`) VALUES (69, 'eyJhbGciOiJIUzI1NiIsInR5cCI6IkpXVCJ9.eyJ0b2tlbl90eXBlIjoicmVmcmVzaCIsImV4cCI6MTc2MTAwNDQ3MSwiaWF0IjoxNzYwOTE4MDcxLCJqdGkiOiJlNDI2MGRkNWU1ZTM0MDRmOTczZTFiZmY4NjQ3YThjYSIsInVzZXJfaWQiOiIyIn0.WFXFMO77Z0vg4dLtGn7QRBhv6uh7EQqEEZOkobufAxA', '2025-10-19 23:54:31.271815', '2025-10-20 23:54:31', 2, 'e4260dd5e5e3404f973e1bff8647a8ca');
INSERT INTO `token_blacklist_outstandingtoken` (`id`, `token`, `created_at`, `expires_at`, `user_id`, `jti`) VALUES (70, 'eyJhbGciOiJIUzI1NiIsInR5cCI6IkpXVCJ9.eyJ0b2tlbl90eXBlIjoicmVmcmVzaCIsImV4cCI6MTc2MTAwNTgzMCwiaWF0IjoxNzYwOTE5NDMwLCJqdGkiOiJmYjRiOWRlYTljNmM0YmExODI3NWY5NDExMjk5NmFiNCIsInVzZXJfaWQiOiIyIn0.L37JpUEQ3ZwCoaGsGcpXbXzteUJdsHXaX72xostaKFk', '2025-10-20 00:17:10.279209', '2025-10-21 00:17:10', 2, 'fb4b9dea9c6c4ba18275f94112996ab4');
INSERT INTO `token_blacklist_outstandingtoken` (`id`, `token`, `created_at`, `expires_at`, `user_id`, `jti`) VALUES (71, 'eyJhbGciOiJIUzI1NiIsInR5cCI6IkpXVCJ9.eyJ0b2tlbl90eXBlIjoicmVmcmVzaCIsImV4cCI6MTc2MTAwNTgzMCwiaWF0IjoxNzYwOTE5NDMwLCJqdGkiOiIwZTYxODAxYjJjZDU0ZDlmODFkNzc0ZGI1OTA0YWUwOSIsInVzZXJfaWQiOiIyIn0.1XB9nAfuCxn2AkS0ql3CvXOBhdyGTst8SNV7xct04Kg', '2025-10-20 00:17:10.276919', '2025-10-21 00:17:10', 2, '0e61801b2cd54d9f81d774db5904ae09');
INSERT INTO `token_blacklist_outstandingtoken` (`id`, `token`, `created_at`, `expires_at`, `user_id`, `jti`) VALUES (72, 'eyJhbGciOiJIUzI1NiIsInR5cCI6IkpXVCJ9.eyJ0b2tlbl90eXBlIjoicmVmcmVzaCIsImV4cCI6MTc2MTAwODA3NywiaWF0IjoxNzYwOTIxNjc3LCJqdGkiOiI4MTA0NDVlZGRhNGQ0MzY2ODBkNGVlMjA4OTI4MTY5YyIsInVzZXJfaWQiOiIyIn0.5oN_q1Mwj9qigdf6olNwX0Qwq1QU1AEGLvZ61toSIhY', '2025-10-20 00:54:37.314804', '2025-10-21 00:54:37', 2, '810445edda4d436680d4ee208928169c');
INSERT INTO `token_blacklist_outstandingtoken` (`id`, `token`, `created_at`, `expires_at`, `user_id`, `jti`) VALUES (73, 'eyJhbGciOiJIUzI1NiIsInR5cCI6IkpXVCJ9.eyJ0b2tlbl90eXBlIjoicmVmcmVzaCIsImV4cCI6MTc2MTAwOTQzMCwiaWF0IjoxNzYwOTIzMDMwLCJqdGkiOiJjYjdiMWI3ZDI1NmU0YjMxYjJkZTAyODM0YTk1YzEzZCIsInVzZXJfaWQiOiIyIn0.3dCW_md1BRZoTl6nk60IsX1idlDd43pBjiQ3o5w520Q', '2025-10-20 01:17:10.308148', '2025-10-21 01:17:10', 2, 'cb7b1b7d256e4b31b2de02834a95c13d');
INSERT INTO `token_blacklist_outstandingtoken` (`id`, `token`, `created_at`, `expires_at`, `user_id`, `jti`) VALUES (74, 'eyJhbGciOiJIUzI1NiIsInR5cCI6IkpXVCJ9.eyJ0b2tlbl90eXBlIjoicmVmcmVzaCIsImV4cCI6MTc2MTAwOTQzMCwiaWF0IjoxNzYwOTIzMDMwLCJqdGkiOiIwMjM1NGE2NjMzNzM0NTBhOTk2MjU5ZDI4NTlhOTEzOCIsInVzZXJfaWQiOiIyIn0.KgKgtBTEbUh-YhW_hHjSk2auKsKOP1KRq6cQ4ENsK1w', '2025-10-20 01:17:10.302946', '2025-10-21 01:17:10', 2, '02354a663373450a996259d2859a9138');
INSERT INTO `token_blacklist_outstandingtoken` (`id`, `token`, `created_at`, `expires_at`, `user_id`, `jti`) VALUES (75, 'eyJhbGciOiJIUzI1NiIsInR5cCI6IkpXVCJ9.eyJ0b2tlbl90eXBlIjoicmVmcmVzaCIsImV4cCI6MTc2MTAxMTY4MywiaWF0IjoxNzYwOTI1MjgzLCJqdGkiOiJhZDJhYjhjNWFjYTM0MjYzODRhNmY4YTJkMTBmOWU1OSIsInVzZXJfaWQiOiIyIn0.JffYUtbOmIErF1Wo1q6HqhBMM9g2zleCyPS8zqLs_RI', '2025-10-20 01:54:43.313802', '2025-10-21 01:54:43', 2, 'ad2ab8c5aca3426384a6f8a2d10f9e59');
INSERT INTO `token_blacklist_outstandingtoken` (`id`, `token`, `created_at`, `expires_at`, `user_id`, `jti`) VALUES (76, 'eyJhbGciOiJIUzI1NiIsInR5cCI6IkpXVCJ9.eyJ0b2tlbl90eXBlIjoicmVmcmVzaCIsImV4cCI6MTc2MTAxMzAzMCwiaWF0IjoxNzYwOTI2NjMwLCJqdGkiOiI3YWU1MGUxZTUwOGE0YTcwYjI4ZWMzYWQyMmFiYWIzNiIsInVzZXJfaWQiOiIyIn0.k5HXsPpDpn1tLY_oxlO3ToUe9nr15DTPSFSfEWtigi4', '2025-10-20 02:17:10.272412', '2025-10-21 02:17:10', 2, '7ae50e1e508a4a70b28ec3ad22abab36');
INSERT INTO `token_blacklist_outstandingtoken` (`id`, `token`, `created_at`, `expires_at`, `user_id`, `jti`) VALUES (77, 'eyJhbGciOiJIUzI1NiIsInR5cCI6IkpXVCJ9.eyJ0b2tlbl90eXBlIjoicmVmcmVzaCIsImV4cCI6MTc2MTAxMzAzMCwiaWF0IjoxNzYwOTI2NjMwLCJqdGkiOiJmMGQxYzgxYTJhNGM0NmE3YjkyZGJhMjQyZTI4MTEzNCIsInVzZXJfaWQiOiIyIn0.g-XUrMUERKGlQFqH0TIwM4VH_xTToEPpBfVlnDsQlng', '2025-10-20 02:17:10.269754', '2025-10-21 02:17:10', 2, 'f0d1c81a2a4c46a7b92dba242e281134');
INSERT INTO `token_blacklist_outstandingtoken` (`id`, `token`, `created_at`, `expires_at`, `user_id`, `jti`) VALUES (78, 'eyJhbGciOiJIUzI1NiIsInR5cCI6IkpXVCJ9.eyJ0b2tlbl90eXBlIjoicmVmcmVzaCIsImV4cCI6MTc2MTAxNTI4OSwiaWF0IjoxNzYwOTI4ODg5LCJqdGkiOiI1YzQ3NGVkOWNmYTg0MGYzOGE0MjliMDM3YzRmYTkzYiIsInVzZXJfaWQiOiIyIn0.9GeMWCTRUCNiD9dCTuwOBfDxrmk7z0jiZwNtd4fpAnA', '2025-10-20 02:54:49.283204', '2025-10-21 02:54:49', 2, '5c474ed9cfa840f38a429b037c4fa93b');
INSERT INTO `token_blacklist_outstandingtoken` (`id`, `token`, `created_at`, `expires_at`, `user_id`, `jti`) VALUES (79, 'eyJhbGciOiJIUzI1NiIsInR5cCI6IkpXVCJ9.eyJ0b2tlbl90eXBlIjoicmVmcmVzaCIsImV4cCI6MTc2MTAxNTg4OCwiaWF0IjoxNzYwOTI5NDg4LCJqdGkiOiJmN2I2MjllNTI3Yjc0ODgyOWNhMDhjNmRhZmUwMWM1MSIsInVzZXJfaWQiOiIxIn0.tB9BFcsN0UfYF3spX9pPz3ghKOM8x3SQIEFUlunzAzA', '2025-10-20 03:04:48.016574', '2025-10-21 03:04:48', 1, 'f7b629e527b748829ca08c6dafe01c51');
INSERT INTO `token_blacklist_outstandingtoken` (`id`, `token`, `created_at`, `expires_at`, `user_id`, `jti`) VALUES (80, 'eyJhbGciOiJIUzI1NiIsInR5cCI6IkpXVCJ9.eyJ0b2tlbl90eXBlIjoicmVmcmVzaCIsImV4cCI6MTc2MTAxODg5NywiaWF0IjoxNzYwOTMyNDk3LCJqdGkiOiJkYTUyNDFmMzlmYzI0YjVjYjE5MjAxNTIwZGZmZDdjOCIsInVzZXJfaWQiOiIyIn0.hmsIvQxz3onSSU9u9jGVbjjmFDCd6JVy_g3gV1rVCcE', '2025-10-20 03:54:57.423444', '2025-10-21 03:54:57', 2, 'da5241f39fc24b5cb19201520dffd7c8');
INSERT INTO `token_blacklist_outstandingtoken` (`id`, `token`, `created_at`, `expires_at`, `user_id`, `jti`) VALUES (81, 'eyJhbGciOiJIUzI1NiIsInR5cCI6IkpXVCJ9.eyJ0b2tlbl90eXBlIjoicmVmcmVzaCIsImV4cCI6MTc2MTAxOTQ4OCwiaWF0IjoxNzYwOTMzMDg4LCJqdGkiOiJkZmY1ODk2OWRkNGM0NjJjYWI5OTE2YzRkZTExZTQ5MiIsInVzZXJfaWQiOiIxIn0.KvMGuefddomzeYuNNR3iXDZs3k5sDkQmIZntwzgWkCA', '2025-10-20 04:04:48.716735', '2025-10-21 04:04:48', 1, 'dff58969dd4c462cab9916c4de11e492');
INSERT INTO `token_blacklist_outstandingtoken` (`id`, `token`, `created_at`, `expires_at`, `user_id`, `jti`) VALUES (82, 'eyJhbGciOiJIUzI1NiIsInR5cCI6IkpXVCJ9.eyJ0b2tlbl90eXBlIjoicmVmcmVzaCIsImV4cCI6MTc2MTAxOTQ4OCwiaWF0IjoxNzYwOTMzMDg4LCJqdGkiOiIwYmRmOTQxNWRiMmE0YTcyYmY2MjI0N2VjZTZmMWE5OSIsInVzZXJfaWQiOiIxIn0.0lgpy6FzD_1y78IZIZUS-sdE6x0WIv_h9SvBzFo2sH4', '2025-10-20 04:04:48.670496', '2025-10-21 04:04:48', 1, '0bdf9415db2a4a72bf62247ece6f1a99');
INSERT INTO `token_blacklist_outstandingtoken` (`id`, `token`, `created_at`, `expires_at`, `user_id`, `jti`) VALUES (83, 'eyJhbGciOiJIUzI1NiIsInR5cCI6IkpXVCJ9.eyJ0b2tlbl90eXBlIjoicmVmcmVzaCIsImV4cCI6MTc2MTAyMTQ3MSwiaWF0IjoxNzYwOTM1MDcxLCJqdGkiOiIxNGEzNGNjMzhhYzk0NTNlYTkxMDU4MWI2MTA4ZTQ4YiIsInVzZXJfaWQiOiIxIn0.nVPu6T8Wj9o2GjQKjvXlFC5hi2DSrVO70aQDIDCUgjk', '2025-10-20 04:37:51.124969', '2025-10-21 04:37:51', 1, '14a34cc38ac9453ea910581b6108e48b');
INSERT INTO `token_blacklist_outstandingtoken` (`id`, `token`, `created_at`, `expires_at`, `user_id`, `jti`) VALUES (84, 'eyJhbGciOiJIUzI1NiIsInR5cCI6IkpXVCJ9.eyJ0b2tlbl90eXBlIjoicmVmcmVzaCIsImV4cCI6MTc2MTAyMTkzOSwiaWF0IjoxNzYwOTM1NTM5LCJqdGkiOiIzMTY5ODQ1NDA1YTc0MTYxODkwN2JlZDJhY2ViYWYxMyIsInVzZXJfaWQiOiIzIn0.cpY0KEp1DbZ70vpgRGbYEzz5XsXKfTeCJPZEMjvnoBY', '2025-10-20 04:45:39.864182', '2025-10-21 04:45:39', 3, '3169845405a741618907bed2acebaf13');
INSERT INTO `token_blacklist_outstandingtoken` (`id`, `token`, `created_at`, `expires_at`, `user_id`, `jti`) VALUES (85, 'eyJhbGciOiJIUzI1NiIsInR5cCI6IkpXVCJ9.eyJ0b2tlbl90eXBlIjoicmVmcmVzaCIsImV4cCI6MTc2MTAyMjAzOCwiaWF0IjoxNzYwOTM1NjM4LCJqdGkiOiJlOTFkMDMyM2UwYWM0Zjc0YWU4MzQ1NzllYzMwNTJmNyIsInVzZXJfaWQiOiI0In0.HfRyn7dkU5648M47gaoctpL5b9RwLVCcnclsLUSm4rA', '2025-10-20 04:47:18.823699', '2025-10-21 04:47:18', 4, 'e91d0323e0ac4f74ae834579ec3052f7');
INSERT INTO `token_blacklist_outstandingtoken` (`id`, `token`, `created_at`, `expires_at`, `user_id`, `jti`) VALUES (86, 'eyJhbGciOiJIUzI1NiIsInR5cCI6IkpXVCJ9.eyJ0b2tlbl90eXBlIjoicmVmcmVzaCIsImV4cCI6MTc2MTAyMjI0NCwiaWF0IjoxNzYwOTM1ODQ0LCJqdGkiOiI4MjA1NjlmZmY0MDA0ZGEzYjU1MzA1N2M4ZTY4NDM3OSIsInVzZXJfaWQiOiI1In0.jVdtMxRaDFbAJ-5uLKN-v14Az3tZ3nARYX1iRKQ9CVU', '2025-10-20 04:50:44.628125', '2025-10-21 04:50:44', 5, '820569fff4004da3b553057c8e684379');
INSERT INTO `token_blacklist_outstandingtoken` (`id`, `token`, `created_at`, `expires_at`, `user_id`, `jti`) VALUES (87, 'eyJhbGciOiJIUzI1NiIsInR5cCI6IkpXVCJ9.eyJ0b2tlbl90eXBlIjoicmVmcmVzaCIsImV4cCI6MTc2MTAyMjUxMCwiaWF0IjoxNzYwOTM2MTEwLCJqdGkiOiIyMDViNmUzMzk1MjQ0Zjg0ODhjNWU4MWRjZWIxZDBlOSIsInVzZXJfaWQiOiIyIn0.Gw9HES0hTFWEw3dsWGsZIkvfvXW5ZE_6oD2eoV5DXTE', '2025-10-20 04:55:10.586060', '2025-10-21 04:55:10', 2, '205b6e3395244f8488c5e81dceb1d0e9');
INSERT INTO `token_blacklist_outstandingtoken` (`id`, `token`, `created_at`, `expires_at`, `user_id`, `jti`) VALUES (88, 'eyJhbGciOiJIUzI1NiIsInR5cCI6IkpXVCJ9.eyJ0b2tlbl90eXBlIjoicmVmcmVzaCIsImV4cCI6MTc2MTAyMjUxMCwiaWF0IjoxNzYwOTM2MTEwLCJqdGkiOiIzZjliYjBmMTUyOTc0OTIxYmE4MzdhODY4Yzc0MzUyZSIsInVzZXJfaWQiOiIyIn0.dILf78GYBFEPWZvyyEq8Uu9a-IUCVyBBaBB2Iq1OZKM', '2025-10-20 04:55:10.593164', '2025-10-21 04:55:10', 2, '3f9bb0f152974921ba837a868c74352e');
INSERT INTO `token_blacklist_outstandingtoken` (`id`, `token`, `created_at`, `expires_at`, `user_id`, `jti`) VALUES (89, 'eyJhbGciOiJIUzI1NiIsInR5cCI6IkpXVCJ9.eyJ0b2tlbl90eXBlIjoicmVmcmVzaCIsImV4cCI6MTc2MTAyNTA4NSwiaWF0IjoxNzYwOTM4Njg1LCJqdGkiOiIyMzFiMmYxYmE0OTQ0N2FhOTY1YmY1ZWNmYjNkZWE3YSIsInVzZXJfaWQiOiIxIn0.DfgMPHiNk5Oppy8lsB63yUzstyjomAgLOX4Q0gTjqLM', '2025-10-20 05:38:05.329884', '2025-10-21 05:38:05', 1, '231b2f1ba49447aa965bf5ecfb3dea7a');
INSERT INTO `token_blacklist_outstandingtoken` (`id`, `token`, `created_at`, `expires_at`, `user_id`, `jti`) VALUES (90, 'eyJhbGciOiJIUzI1NiIsInR5cCI6IkpXVCJ9.eyJ0b2tlbl90eXBlIjoicmVmcmVzaCIsImV4cCI6MTc2MTAyNTU1NCwiaWF0IjoxNzYwOTM5MTU0LCJqdGkiOiIzMTQzN2Q1YTMxY2E0MzFmYjNiYzU4Nzc5OTBjMmViMSIsInVzZXJfaWQiOiIzIn0.2z98hpVgSqi5rvP3tfCk7rEIWQsa3tEnYVMBr_u21MY', '2025-10-20 05:45:54.302088', '2025-10-21 05:45:54', 3, '31437d5a31ca431fb3bc5877990c2eb1');
INSERT INTO `token_blacklist_outstandingtoken` (`id`, `token`, `created_at`, `expires_at`, `user_id`, `jti`) VALUES (91, 'eyJhbGciOiJIUzI1NiIsInR5cCI6IkpXVCJ9.eyJ0b2tlbl90eXBlIjoicmVmcmVzaCIsImV4cCI6MTc2MTAzMDI5MCwiaWF0IjoxNzYwOTQzODkwLCJqdGkiOiIyNzFkZjIwMzg3YjU0YmI0OTdmNGI5YWQzMWJiMGYyMSIsInVzZXJfaWQiOiIyIn0.ofXYHhKPC8Ri-WuWOHN_QjgYbiFjIrhASMlvLGAbi8I', '2025-10-20 07:04:50.104958', '2025-10-21 07:04:50', 2, '271df20387b54bb497f4b9ad31bb0f21');
INSERT INTO `token_blacklist_outstandingtoken` (`id`, `token`, `created_at`, `expires_at`, `user_id`, `jti`) VALUES (92, 'eyJhbGciOiJIUzI1NiIsInR5cCI6IkpXVCJ9.eyJ0b2tlbl90eXBlIjoicmVmcmVzaCIsImV4cCI6MTc2MTAzMDMwMiwiaWF0IjoxNzYwOTQzOTAyLCJqdGkiOiI4NzJmYTZlZjMyNDE0Nzg3OTFkZDk0MmNmNzdhZTJkZCIsInVzZXJfaWQiOiIxIn0.VsYAwEadAGB8ieppEZ4MZqfb8rcJhoIxy1XVdukmJ1Q', '2025-10-20 07:05:02.974288', '2025-10-21 07:05:02', 1, '872fa6ef3241478791dd942cf77ae2dd');
INSERT INTO `token_blacklist_outstandingtoken` (`id`, `token`, `created_at`, `expires_at`, `user_id`, `jti`) VALUES (93, 'eyJhbGciOiJIUzI1NiIsInR5cCI6IkpXVCJ9.eyJ0b2tlbl90eXBlIjoicmVmcmVzaCIsImV4cCI6MTc2MTAzMDMwMiwiaWF0IjoxNzYwOTQzOTAyLCJqdGkiOiI3MzAxMDUwY2MwYzI0NDI1ODQwY2FiZDJkNDk3N2RjZSIsInVzZXJfaWQiOiIxIn0.ofNkgxXB58vTBDHwf3PjUntWFQ78JOG5T3_7bFI4sHo', '2025-10-20 07:05:02.982899', '2025-10-21 07:05:02', 1, '7301050cc0c24425840cabd2d4977dce');
INSERT INTO `token_blacklist_outstandingtoken` (`id`, `token`, `created_at`, `expires_at`, `user_id`, `jti`) VALUES (94, 'eyJhbGciOiJIUzI1NiIsInR5cCI6IkpXVCJ9.eyJ0b2tlbl90eXBlIjoicmVmcmVzaCIsImV4cCI6MTc2MTAzMDMwMywiaWF0IjoxNzYwOTQzOTAzLCJqdGkiOiJmMjU3MWJmY2ViZGU0NjI3OGQ3MGMzNWRiYzMzZjE1ZSIsInVzZXJfaWQiOiI1In0.qvpsvOfRlFvb3_H395IKX2RzOkzPu8UuZNWAuSzczcc', '2025-10-20 07:05:03.032581', '2025-10-21 07:05:03', 5, 'f2571bfcebde46278d70c35dbc33f15e');
INSERT INTO `token_blacklist_outstandingtoken` (`id`, `token`, `created_at`, `expires_at`, `user_id`, `jti`) VALUES (95, 'eyJhbGciOiJIUzI1NiIsInR5cCI6IkpXVCJ9.eyJ0b2tlbl90eXBlIjoicmVmcmVzaCIsImV4cCI6MTc2MTAzMDMxMCwiaWF0IjoxNzYwOTQzOTEwLCJqdGkiOiI0M2E5YmU4MTQyOGU0OGY4YjU4YjI2NjllZDdjYmI2YyIsInVzZXJfaWQiOiIzIn0.GrzVkIl_HA0jHhCUuLtR04cu-DkSt4HnHexs8vvw85k', '2025-10-20 07:05:10.428759', '2025-10-21 07:05:10', 3, '43a9be81428e48f8b58b2669ed7cbb6c');
INSERT INTO `token_blacklist_outstandingtoken` (`id`, `token`, `created_at`, `expires_at`, `user_id`, `jti`) VALUES (96, 'eyJhbGciOiJIUzI1NiIsInR5cCI6IkpXVCJ9.eyJ0b2tlbl90eXBlIjoicmVmcmVzaCIsImV4cCI6MTc2MTAzMDY3NSwiaWF0IjoxNzYwOTQ0Mjc1LCJqdGkiOiIyZjQ2ZjE2M2ExMTM0NTEyOTAxYWY1MWE5Y2Q2MGNhMCIsInVzZXJfaWQiOiIxIn0.YRlTe4Ji-JrJXfL90uGrjnoewhT8aoWF_nJH6its2o8', '2025-10-20 07:11:15.335060', '2025-10-21 07:11:15', 1, '2f46f163a1134512901af51a9cd60ca0');
INSERT INTO `token_blacklist_outstandingtoken` (`id`, `token`, `created_at`, `expires_at`, `user_id`, `jti`) VALUES (97, 'eyJhbGciOiJIUzI1NiIsInR5cCI6IkpXVCJ9.eyJ0b2tlbl90eXBlIjoicmVmcmVzaCIsImV4cCI6MTc2MTAzMzEyOSwiaWF0IjoxNzYwOTQ2NzI5LCJqdGkiOiIwYjkyZGE1M2Y5NjA0NTEzYjVlOTRjMmRhM2JjYzVjNCIsInVzZXJfaWQiOiI0In0.DTRIy90EOLXtfWMSvrqL5iuPJE4CiMgKIH754tbZGzk', '2025-10-20 07:52:09.528993', '2025-10-21 07:52:09', 4, '0b92da53f9604513b5e94c2da3bcc5c4');
INSERT INTO `token_blacklist_outstandingtoken` (`id`, `token`, `created_at`, `expires_at`, `user_id`, `jti`) VALUES (98, 'eyJhbGciOiJIUzI1NiIsInR5cCI6IkpXVCJ9.eyJ0b2tlbl90eXBlIjoicmVmcmVzaCIsImV4cCI6MTc2MTAzMzkxMCwiaWF0IjoxNzYwOTQ3NTEwLCJqdGkiOiI5ODJlNDlhNjY4ZGQ0YmQ2YTkxZWY0NTlmNmIyZGUzYiIsInVzZXJfaWQiOiIxIn0.L0S4y3y_Pn47ZAAe3G_4a5Acl6W8mpJhawtBmsPtbv8', '2025-10-20 08:05:10.478068', '2025-10-21 08:05:10', 1, '982e49a668dd4bd6a91ef459f6b2de3b');
INSERT INTO `token_blacklist_outstandingtoken` (`id`, `token`, `created_at`, `expires_at`, `user_id`, `jti`) VALUES (99, 'eyJhbGciOiJIUzI1NiIsInR5cCI6IkpXVCJ9.eyJ0b2tlbl90eXBlIjoicmVmcmVzaCIsImV4cCI6MTc2MTAzMzkxMCwiaWF0IjoxNzYwOTQ3NTEwLCJqdGkiOiI2ZjUyYTI0MWE1Mzc0MzcyOWM2YzdjZGYwYjEwMTgyMiIsInVzZXJfaWQiOiIxIn0.lN0osQgCWgnhscyMEAfQzhRZVvACyEVmCCnpFYkEZC8', '2025-10-20 08:05:10.488200', '2025-10-21 08:05:10', 1, '6f52a241a53743729c6c7cdf0b101822');
INSERT INTO `token_blacklist_outstandingtoken` (`id`, `token`, `created_at`, `expires_at`, `user_id`, `jti`) VALUES (100, 'eyJhbGciOiJIUzI1NiIsInR5cCI6IkpXVCJ9.eyJ0b2tlbl90eXBlIjoicmVmcmVzaCIsImV4cCI6MTc2MTAzNjgwMSwiaWF0IjoxNzYwOTUwNDAxLCJqdGkiOiI0OWM5MGMyY2UwMmE0NTgyOWUzYTcyMzZhMTA3YjljZSIsInVzZXJfaWQiOiIzIn0.S5luCT9XT_Wi0rj4cnT61rB3KmM-odrZGTbzOCTCsuQ', '2025-10-20 08:53:21.624923', '2025-10-21 08:53:21', 3, '49c90c2ce02a45829e3a7236a107b9ce');
INSERT INTO `token_blacklist_outstandingtoken` (`id`, `token`, `created_at`, `expires_at`, `user_id`, `jti`) VALUES (101, 'eyJhbGciOiJIUzI1NiIsInR5cCI6IkpXVCJ9.eyJ0b2tlbl90eXBlIjoicmVmcmVzaCIsImV4cCI6MTc2MTAzNzA1NCwiaWF0IjoxNzYwOTUwNjU0LCJqdGkiOiJlMjk5Y2ZhZTkxODU0MDIxYmY4YThjNTZmNDcwYWEyZiIsInVzZXJfaWQiOiIyIn0.RWPi2e_qZRhMXGiQwFFW03qyQs7t6RCNWz876iK_ko4', '2025-10-20 08:57:34.896249', '2025-10-21 08:57:34', 2, 'e299cfae91854021bf8a8c56f470aa2f');
INSERT INTO `token_blacklist_outstandingtoken` (`id`, `token`, `created_at`, `expires_at`, `user_id`, `jti`) VALUES (102, 'eyJhbGciOiJIUzI1NiIsInR5cCI6IkpXVCJ9.eyJ0b2tlbl90eXBlIjoicmVmcmVzaCIsImV4cCI6MTc2MTAzNzEyMSwiaWF0IjoxNzYwOTUwNzIxLCJqdGkiOiIyNDY3OTk5YjdlYzY0ZTliYTQ2NWFhZDgyMzExZmEzZSIsInVzZXJfaWQiOiI0In0.U6Z4E6Tu3CWFeba5RP51AmYNmhBC8bMKzlPfbkXsnK0', '2025-10-20 08:58:41.877018', '2025-10-21 08:58:41', 4, '2467999b7ec64e9ba465aad82311fa3e');
INSERT INTO `token_blacklist_outstandingtoken` (`id`, `token`, `created_at`, `expires_at`, `user_id`, `jti`) VALUES (103, 'eyJhbGciOiJIUzI1NiIsInR5cCI6IkpXVCJ9.eyJ0b2tlbl90eXBlIjoicmVmcmVzaCIsImV4cCI6MTc2MTAzNzEzOCwiaWF0IjoxNzYwOTUwNzM4LCJqdGkiOiI2M2Q3YjNhNzM5MTg0NTNiYTY3ODM2ZWQzYjk5NDEwZiIsInVzZXJfaWQiOiI1In0.Nnyfhn-8JY7Y4uJ6rpU8R45N01rOCFytAOAIKnkYzk4', '2025-10-20 08:58:58.787195', '2025-10-21 08:58:58', 5, '63d7b3a73918453ba67836ed3b99410f');
INSERT INTO `token_blacklist_outstandingtoken` (`id`, `token`, `created_at`, `expires_at`, `user_id`, `jti`) VALUES (104, 'eyJhbGciOiJIUzI1NiIsInR5cCI6IkpXVCJ9.eyJ0b2tlbl90eXBlIjoicmVmcmVzaCIsImV4cCI6MTc2MTA0MDQ1MSwiaWF0IjoxNzYwOTU0MDUxLCJqdGkiOiJiNjgyNzA1ODQwZjQ0N2FmYjRhMWRjNDI0NDg3OTNmZCIsInVzZXJfaWQiOiIzIn0.Efo8rLSoRq5ySb7UAey6Xc9KVHkFpaoncd5l7Br_z6g', '2025-10-20 09:54:11.569109', '2025-10-21 09:54:11', 3, 'b682705840f447afb4a1dc42448793fd');
INSERT INTO `token_blacklist_outstandingtoken` (`id`, `token`, `created_at`, `expires_at`, `user_id`, `jti`) VALUES (105, 'eyJhbGciOiJIUzI1NiIsInR5cCI6IkpXVCJ9.eyJ0b2tlbl90eXBlIjoicmVmcmVzaCIsImV4cCI6MTc2MTA0MDQ1MSwiaWF0IjoxNzYwOTU0MDUxLCJqdGkiOiJlMjcxYTA2NDZlMDk0MjVmYTk1Yjk5NWZmMzUyMTFmNSIsInVzZXJfaWQiOiIzIn0.gVVcb7iHRye1gpRg7CP8x6ROjFND5p73KzioyOeb2H0', '2025-10-20 09:54:11.578406', '2025-10-21 09:54:11', 3, 'e271a0646e09425fa95b995ff35211f5');
INSERT INTO `token_blacklist_outstandingtoken` (`id`, `token`, `created_at`, `expires_at`, `user_id`, `jti`) VALUES (106, 'eyJhbGciOiJIUzI1NiIsInR5cCI6IkpXVCJ9.eyJ0b2tlbl90eXBlIjoicmVmcmVzaCIsImV4cCI6MTc2MTA0MDY2NiwiaWF0IjoxNzYwOTU0MjY2LCJqdGkiOiI4ZTVhZWZjZjA3ODA0MDc3YTU1NjhjYzNhYWZiNmZiYiIsInVzZXJfaWQiOiIyIn0.jgR9z67YYOwIlc7YnsT8X2CzC3f7waPSKqYXl_tFZRM', '2025-10-20 09:57:46.316351', '2025-10-21 09:57:46', 2, '8e5aefcf07804077a5568cc3aafb6fbb');
INSERT INTO `token_blacklist_outstandingtoken` (`id`, `token`, `created_at`, `expires_at`, `user_id`, `jti`) VALUES (107, 'eyJhbGciOiJIUzI1NiIsInR5cCI6IkpXVCJ9.eyJ0b2tlbl90eXBlIjoicmVmcmVzaCIsImV4cCI6MTc2MTA0MDc1MywiaWF0IjoxNzYwOTU0MzUzLCJqdGkiOiIyNDg2OTRlMzBhN2I0ZDE3YjIyYWU2Y2M3MWEwMWY4ZiIsInVzZXJfaWQiOiI0In0._yDzqnrSLNelX0pAt5yi1lq2Z-oZehulTMeJEh94Gjk', '2025-10-20 09:59:13.601982', '2025-10-21 09:59:13', 4, '248694e30a7b4d17b22ae6cc71a01f8f');
INSERT INTO `token_blacklist_outstandingtoken` (`id`, `token`, `created_at`, `expires_at`, `user_id`, `jti`) VALUES (108, 'eyJhbGciOiJIUzI1NiIsInR5cCI6IkpXVCJ9.eyJ0b2tlbl90eXBlIjoicmVmcmVzaCIsImV4cCI6MTc2MTA0MDc1MywiaWF0IjoxNzYwOTU0MzUzLCJqdGkiOiJjZmI4NDNjNTc5NTU0YTUzOTZiZTNkM2JmZTE0NmI2MSIsInVzZXJfaWQiOiI1In0.0yLw4K4t-J_kwf7-GkFeIR8rQkgPWr2H1rk-xgcFWU0', '2025-10-20 09:59:13.687753', '2025-10-21 09:59:13', 5, 'cfb843c579554a5396be3d3bfe146b61');
INSERT INTO `token_blacklist_outstandingtoken` (`id`, `token`, `created_at`, `expires_at`, `user_id`, `jti`) VALUES (109, 'eyJhbGciOiJIUzI1NiIsInR5cCI6IkpXVCJ9.eyJ0b2tlbl90eXBlIjoicmVmcmVzaCIsImV4cCI6MTc2MTA0MzgwNSwiaWF0IjoxNzYwOTU3NDA1LCJqdGkiOiI3OTljZjdjZDcxYTk0ZTExOTc3YzMyODkwMWExNTBiNyIsInVzZXJfaWQiOiI0In0.Oa4sY_CRroopAxyaZyoD9MylLLiavx11WgC2XD-wARk', '2025-10-20 10:50:05.760310', '2025-10-21 10:50:05', 4, '799cf7cd71a94e11977c328901a150b7');
INSERT INTO `token_blacklist_outstandingtoken` (`id`, `token`, `created_at`, `expires_at`, `user_id`, `jti`) VALUES (110, 'eyJhbGciOiJIUzI1NiIsInR5cCI6IkpXVCJ9.eyJ0b2tlbl90eXBlIjoicmVmcmVzaCIsImV4cCI6MTc2MTA0NDAzOSwiaWF0IjoxNzYwOTU3NjM5LCJqdGkiOiI5Yjc0ZWYyODY4MGE0ZTRiYWNlNDQyY2I0NzY0YmNkNSIsInVzZXJfaWQiOiIyIn0.rGXdp9B5I65LFwLo0ndTWfOq9g3ht6ZmwN3wkums19M', '2025-10-20 10:53:59.710709', '2025-10-21 10:53:59', 2, '9b74ef28680a4e4bace442cb4764bcd5');
INSERT INTO `token_blacklist_outstandingtoken` (`id`, `token`, `created_at`, `expires_at`, `user_id`, `jti`) VALUES (111, 'eyJhbGciOiJIUzI1NiIsInR5cCI6IkpXVCJ9.eyJ0b2tlbl90eXBlIjoicmVmcmVzaCIsImV4cCI6MTc2MTA0NTU4NSwiaWF0IjoxNzYwOTU5MTg1LCJqdGkiOiJkNTgzNDc1ZmY3Mjc0N2I0YWQ1YTJjOWU4YzVlOTVkMCIsInVzZXJfaWQiOiIzIn0.pNBVLoBsYKoIO0JkVJwiLgOB_kEoQrCKxKYNSX-iHfc', '2025-10-20 11:19:45.105556', '2025-10-21 11:19:45', 3, 'd583475ff72747b4ad5a2c9e8c5e95d0');
INSERT INTO `token_blacklist_outstandingtoken` (`id`, `token`, `created_at`, `expires_at`, `user_id`, `jti`) VALUES (112, 'eyJhbGciOiJIUzI1NiIsInR5cCI6IkpXVCJ9.eyJ0b2tlbl90eXBlIjoicmVmcmVzaCIsImV4cCI6MTc2MTA0OTgwNiwiaWF0IjoxNzYwOTYzNDA2LCJqdGkiOiJmYTU5YzgwZjBhZjc0MzQwOTUwMmYwZjkyZDZlYWJhYiIsInVzZXJfaWQiOiI0In0.Kw0twhHueclys4KOdtBfJ_EuFJAoYmzLPnzHybS266k', '2025-10-20 12:30:06.936343', '2025-10-21 12:30:06', 4, 'fa59c80f0af743409502f0f92d6eabab');
INSERT INTO `token_blacklist_outstandingtoken` (`id`, `token`, `created_at`, `expires_at`, `user_id`, `jti`) VALUES (113, 'eyJhbGciOiJIUzI1NiIsInR5cCI6IkpXVCJ9.eyJ0b2tlbl90eXBlIjoicmVmcmVzaCIsImV4cCI6MTc2MTA0OTgwNiwiaWF0IjoxNzYwOTYzNDA2LCJqdGkiOiJkZjU2MjYxNmVmNjg0NTkzYWU4YTY5MTc5OWY0MDBkNiIsInVzZXJfaWQiOiI0In0.xr2HX3eMFf3fXAJiP-VnXHy8FFhxBgmSN71-hDfRIlo', '2025-10-20 12:30:06.939382', '2025-10-21 12:30:06', 4, 'df562616ef684593ae8a691799f400d6');
INSERT INTO `token_blacklist_outstandingtoken` (`id`, `token`, `created_at`, `expires_at`, `user_id`, `jti`) VALUES (114, 'eyJhbGciOiJIUzI1NiIsInR5cCI6IkpXVCJ9.eyJ0b2tlbl90eXBlIjoicmVmcmVzaCIsImV4cCI6MTc2MTA0OTgwNiwiaWF0IjoxNzYwOTYzNDA2LCJqdGkiOiI3MGEzMjEwYWI2ZTM0MTBiODMyNzBkOTg4MzdjOWEwOSIsInVzZXJfaWQiOiI0In0.odd9qvK8YHLsw-9Li93f1G_z19DSUH7qw--BltHl_H4', '2025-10-20 12:30:06.927903', '2025-10-21 12:30:06', 4, '70a3210ab6e3410b83270d98837c9a09');
INSERT INTO `token_blacklist_outstandingtoken` (`id`, `token`, `created_at`, `expires_at`, `user_id`, `jti`) VALUES (115, 'eyJhbGciOiJIUzI1NiIsInR5cCI6IkpXVCJ9.eyJ0b2tlbl90eXBlIjoicmVmcmVzaCIsImV4cCI6MTc2MTA0OTgwNywiaWF0IjoxNzYwOTYzNDA3LCJqdGkiOiJmOTZkZThjNDBiMjM0MDA1ODViN2Q4MDNmMTBmZTc4ZiIsInVzZXJfaWQiOiIzIn0.Z-FIqJGeyXT-o4NQPC09wGrEeRZP4Bddnjqr2LvXIpU', '2025-10-20 12:30:07.001608', '2025-10-21 12:30:07', 3, 'f96de8c40b23400585b7d803f10fe78f');
INSERT INTO `token_blacklist_outstandingtoken` (`id`, `token`, `created_at`, `expires_at`, `user_id`, `jti`) VALUES (116, 'eyJhbGciOiJIUzI1NiIsInR5cCI6IkpXVCJ9.eyJ0b2tlbl90eXBlIjoicmVmcmVzaCIsImV4cCI6MTc2MTA0OTgwNywiaWF0IjoxNzYwOTYzNDA3LCJqdGkiOiIyYzQwNzIyN2E1Yzg0NjUxYTYwNWNlZmNiNjhhZWEwNSIsInVzZXJfaWQiOiIzIn0.c-UBE4VADKuv28o4TPZhJZXVz6T21JmXcEI7iY7YOY0', '2025-10-20 12:30:07.009199', '2025-10-21 12:30:07', 3, '2c407227a5c84651a605cefcb68aea05');
INSERT INTO `token_blacklist_outstandingtoken` (`id`, `token`, `created_at`, `expires_at`, `user_id`, `jti`) VALUES (117, 'eyJhbGciOiJIUzI1NiIsInR5cCI6IkpXVCJ9.eyJ0b2tlbl90eXBlIjoicmVmcmVzaCIsImV4cCI6MTc2MTA0OTgxMSwiaWF0IjoxNzYwOTYzNDExLCJqdGkiOiIwN2Q0M2I1YTQxMmM0OThkOGM2Y2I2OTllOGQ5NzU4MSIsInVzZXJfaWQiOiIzIn0.SCQDs5lHmj573y5GMZIRM1amdP1LNa1Qa-TdbkQNJyI', '2025-10-20 12:30:11.369972', '2025-10-21 12:30:11', 3, '07d43b5a412c498d8c6cb699e8d97581');
INSERT INTO `token_blacklist_outstandingtoken` (`id`, `token`, `created_at`, `expires_at`, `user_id`, `jti`) VALUES (118, 'eyJhbGciOiJIUzI1NiIsInR5cCI6IkpXVCJ9.eyJ0b2tlbl90eXBlIjoicmVmcmVzaCIsImV4cCI6MTc2MTA1MDE2MSwiaWF0IjoxNzYwOTYzNzYxLCJqdGkiOiIyZGE3MWYzMGUxYTU0YTM1OWEwZDFjYTMwMDI2YjIwYyIsInVzZXJfaWQiOiIxIn0.WZLxipDo9GwUzeof8SRznbLmcx-eIRd5N-1pdlph6mk', '2025-10-20 12:36:01.100748', '2025-10-21 12:36:01', 1, '2da71f30e1a54a359a0d1ca30026b20c');
INSERT INTO `token_blacklist_outstandingtoken` (`id`, `token`, `created_at`, `expires_at`, `user_id`, `jti`) VALUES (119, 'eyJhbGciOiJIUzI1NiIsInR5cCI6IkpXVCJ9.eyJ0b2tlbl90eXBlIjoicmVmcmVzaCIsImV4cCI6MTc2MTA1MDM0NSwiaWF0IjoxNzYwOTYzOTQ1LCJqdGkiOiI0NmNiOWJhNWExMjg0YWJjYmU4ODg1MGIyYjRkYjBhYyIsInVzZXJfaWQiOiI2In0.bhWU7aCETK5qJsT6Jj2C8pEgUbeDTqqWt5K0yJ-4gkA', '2025-10-20 12:39:05.819113', '2025-10-21 12:39:05', 6, '46cb9ba5a1284abcbe88850b2b4db0ac');
INSERT INTO `token_blacklist_outstandingtoken` (`id`, `token`, `created_at`, `expires_at`, `user_id`, `jti`) VALUES (120, 'eyJhbGciOiJIUzI1NiIsInR5cCI6IkpXVCJ9.eyJ0b2tlbl90eXBlIjoicmVmcmVzaCIsImV4cCI6MTc2MTA1MDY1NywiaWF0IjoxNzYwOTY0MjU3LCJqdGkiOiJjMjI1YTE4OTljNDY0Yzk2YWU1OTE1ZDA4Y2RjMTYxZSIsInVzZXJfaWQiOiI3In0.8HmGw_qGvn-FYHXAc6MLme6FXpO3PY-sq1IOwU8q9J4', '2025-10-20 12:44:17.818098', '2025-10-21 12:44:17', 7, 'c225a1899c464c96ae5915d08cdc161e');
INSERT INTO `token_blacklist_outstandingtoken` (`id`, `token`, `created_at`, `expires_at`, `user_id`, `jti`) VALUES (121, 'eyJhbGciOiJIUzI1NiIsInR5cCI6IkpXVCJ9.eyJ0b2tlbl90eXBlIjoicmVmcmVzaCIsImV4cCI6MTc2MTA1MDc2NCwiaWF0IjoxNzYwOTY0MzY0LCJqdGkiOiIxYTJiNGJjZDI5ZWQ0ZjJmYTlkYTMyMjAxNTdkMzZiMSIsInVzZXJfaWQiOiI3In0.yZDziroVhn3jxbttZIoIEBjmT_VwcEsLDApqn7o7A98', '2025-10-20 12:46:04.157038', '2025-10-21 12:46:04', 7, '1a2b4bcd29ed4f2fa9da3220157d36b1');

--
-- Table structure for table `users_user`
--
DROP TABLE IF EXISTS `users_user`;
CREATE TABLE `users_user` (
  `id` bigint(20) NOT NULL AUTO_INCREMENT,
  `password` varchar(128) NOT NULL,
  `last_login` datetime(6) DEFAULT NULL,
  `is_superuser` tinyint(1) NOT NULL,
  `email` varchar(255) NOT NULL,
  `first_name` varchar(150) NOT NULL,
  `middle_name` varchar(150) NOT NULL,
  `last_name` varchar(150) NOT NULL,
  `userlevel` varchar(50) NOT NULL,
  `section` varchar(50) DEFAULT NULL,
  `district` varchar(100) DEFAULT NULL,
  `is_staff` tinyint(1) NOT NULL,
  `is_active` tinyint(1) NOT NULL,
  `date_joined` datetime(6) NOT NULL,
  `updated_at` datetime(6) NOT NULL,
  `is_first_login` tinyint(1) NOT NULL,
  `must_change_password` tinyint(1) NOT NULL,
  `failed_login_attempts` int(10) unsigned NOT NULL CHECK (`failed_login_attempts` >= 0),
  `last_failed_login` datetime(6) DEFAULT NULL,
  `account_locked_until` datetime(6) DEFAULT NULL,
  `is_account_locked` tinyint(1) NOT NULL,
  PRIMARY KEY (`id`),
  UNIQUE KEY `email` (`email`),
  KEY `users_user_first_n_6d862e_idx` (`first_name`,`last_name`),
  KEY `users_user_email_6f2530_idx` (`email`),
  KEY `users_user_userlev_a37783_idx` (`userlevel`)
) ENGINE=InnoDB AUTO_INCREMENT=8 DEFAULT CHARSET=utf8mb4 COLLATE=utf8mb4_general_ci;

--
-- Dumping data for table `users_user`
--
INSERT INTO `users_user` (`id`, `password`, `last_login`, `is_superuser`, `email`, `first_name`, `middle_name`, `last_name`, `userlevel`, `section`, `district`, `is_staff`, `is_active`, `date_joined`, `updated_at`, `is_first_login`, `must_change_password`, `failed_login_attempts`, `last_failed_login`, `account_locked_until`, `is_account_locked`) VALUES (1, 'pbkdf2_sha256$600000$yLPT3TUiUD9gLb9JhBA7sI$3Hpv9mfnjud2AcLi630uJk+UPgOlxN+Ubc7AkE5b6Bo=', '2025-10-20 12:36:01.067082', 1, 'admin@example.com', 'Administrator', '', '', 'Admin', NULL, NULL, 1, 1, '2025-10-18 02:03:40.479349', '2025-10-18 02:03:41.304942', 0, 0, 0, '2025-10-18 02:34:18.332144', NULL, 0);
INSERT INTO `users_user` (`id`, `password`, `last_login`, `is_superuser`, `email`, `first_name`, `middle_name`, `last_name`, `userlevel`, `section`, `district`, `is_staff`, `is_active`, `date_joined`, `updated_at`, `is_first_login`, `must_change_password`, `failed_login_attempts`, `last_failed_login`, `account_locked_until`, `is_account_locked`) VALUES (2, 'pbkdf2_sha256$600000$w8oPJTkcBt5wqNDe73q0in$pytIRLPlK/zPjb89PsLQ466D4dqRzpBjydjU2WJbeyE=', '2025-10-20 10:53:59.700887', 0, '22101222@slc-sflu.edu.ph', 'COMBINED', 'EMB', 'SECTION', 'Section Chief', 'PD-1586,RA-8749,RA-9275', NULL, 0, 1, '2025-10-18 02:26:36.632819', '2025-10-18 07:35:33.581284', 0, 0, 0, '2025-10-20 09:29:15.534340', NULL, 0);
INSERT INTO `users_user` (`id`, `password`, `last_login`, `is_superuser`, `email`, `first_name`, `middle_name`, `last_name`, `userlevel`, `section`, `district`, `is_staff`, `is_active`, `date_joined`, `updated_at`, `is_first_login`, `must_change_password`, `failed_login_attempts`, `last_failed_login`, `account_locked_until`, `is_account_locked`) VALUES (3, 'pbkdf2_sha256$600000$qnyCm9EiBi46jhz99TlGrP$2Ivx7BzRA15xOaJFYQZbJjptyiZxKNj03MJEdljdPrQ=', '2025-10-20 11:19:45.099394', 0, 'jerichourbano.01.01.04@gmail.com', 'DVISION', 'EMB', 'CHIEF', 'Division Chief', NULL, NULL, 0, 1, '2025-10-18 02:59:09.527188', '2025-10-18 07:57:46.864871', 0, 0, 0, NULL, NULL, 0);
INSERT INTO `users_user` (`id`, `password`, `last_login`, `is_superuser`, `email`, `first_name`, `middle_name`, `last_name`, `userlevel`, `section`, `district`, `is_staff`, `is_active`, `date_joined`, `updated_at`, `is_first_login`, `must_change_password`, `failed_login_attempts`, `last_failed_login`, `account_locked_until`, `is_account_locked`) VALUES (4, 'pbkdf2_sha256$600000$3rAkzfdUpBgLA8jQkkjBdh$HhTLNSgSmT9ISzDWI0UEhho7zNVCImHaMNbZcKxyL2s=', '2025-10-20 10:50:05.754885', 0, 'echo.010104@gmail.com', 'EIA', 'EMB', 'UNIT', 'Unit Head', 'PD-1586', NULL, 0, 1, '2025-10-18 08:11:18.292036', '2025-10-18 08:20:23.478012', 0, 0, 0, '2025-10-20 10:49:55.014633', NULL, 0);
INSERT INTO `users_user` (`id`, `password`, `last_login`, `is_superuser`, `email`, `first_name`, `middle_name`, `last_name`, `userlevel`, `section`, `district`, `is_staff`, `is_active`, `date_joined`, `updated_at`, `is_first_login`, `must_change_password`, `failed_login_attempts`, `last_failed_login`, `account_locked_until`, `is_account_locked`) VALUES (5, 'pbkdf2_sha256$600000$IsPpqzI69fDcYzjLFKaCTd$0rXWPB/e0CYmhWhSAxCNK1op+9vWqHUWAguxoavFUy4=', '2025-10-20 08:58:58.763027', 0, 'emee46990@gmail.com', 'EIA', 'EMB', 'MONITORING', 'Monitoring Personnel', 'PD-1586', '', 0, 1, '2025-10-18 08:25:35.348278', '2025-10-19 21:13:38.032595', 0, 0, 0, NULL, NULL, 0);
INSERT INTO `users_user` (`id`, `password`, `last_login`, `is_superuser`, `email`, `first_name`, `middle_name`, `last_name`, `userlevel`, `section`, `district`, `is_staff`, `is_active`, `date_joined`, `updated_at`, `is_first_login`, `must_change_password`, `failed_login_attempts`, `last_failed_login`, `account_locked_until`, `is_account_locked`) VALUES (6, 'pbkdf2_sha256$600000$amBgwi8aXUVjW4MjUDp3yd$Ra4TpqYt/bd1MSxNNmy95k6GfnfPTWD/kfqjJd5xmPU=', NULL, 0, '22100949@slc-sflu.edu.ph', 'LEGAL', 'EMB', 'UNIT', 'Legal Unit', NULL, NULL, 0, 0, '2025-10-20 12:37:28.514443', '2025-10-20 12:46:53.863796', 1, 1, 0, NULL, NULL, 0);
INSERT INTO `users_user` (`id`, `password`, `last_login`, `is_superuser`, `email`, `first_name`, `middle_name`, `last_name`, `userlevel`, `section`, `district`, `is_staff`, `is_active`, `date_joined`, `updated_at`, `is_first_login`, `must_change_password`, `failed_login_attempts`, `last_failed_login`, `account_locked_until`, `is_account_locked`) VALUES (7, 'pbkdf2_sha256$600000$pvlLydeWbs7983hfZjHdRC$oO6PTE90q4HzF8L/5+Jp/Bk5J6L32KRLo+4hBPcHre8=', '2025-10-20 12:46:04.134563', 0, 'harryzabate@gmail.com', 'LEGAL2', 'EMB', 'UNIT2', 'Legal Unit', NULL, NULL, 0, 1, '2025-10-20 12:43:56.854907', '2025-10-20 12:46:44.851592', 0, 0, 0, NULL, NULL, 0);

--
-- Table structure for table `users_user_groups`
--
DROP TABLE IF EXISTS `users_user_groups`;
CREATE TABLE `users_user_groups` (
  `id` bigint(20) NOT NULL AUTO_INCREMENT,
  `user_id` bigint(20) NOT NULL,
  `group_id` int(11) NOT NULL,
  PRIMARY KEY (`id`),
  UNIQUE KEY `users_user_groups_user_id_group_id_b88eab82_uniq` (`user_id`,`group_id`),
  KEY `users_user_groups_group_id_9afc8d0e_fk_auth_group_id` (`group_id`),
  CONSTRAINT `users_user_groups_group_id_9afc8d0e_fk_auth_group_id` FOREIGN KEY (`group_id`) REFERENCES `auth_group` (`id`),
  CONSTRAINT `users_user_groups_user_id_5f6f5a90_fk_users_user_id` FOREIGN KEY (`user_id`) REFERENCES `users_user` (`id`)
) ENGINE=InnoDB DEFAULT CHARSET=utf8mb4 COLLATE=utf8mb4_general_ci;

--
-- Dumping data for table `users_user_groups`
--

--
-- Table structure for table `users_user_user_permissions`
--
DROP TABLE IF EXISTS `users_user_user_permissions`;
CREATE TABLE `users_user_user_permissions` (
  `id` bigint(20) NOT NULL AUTO_INCREMENT,
  `user_id` bigint(20) NOT NULL,
  `permission_id` int(11) NOT NULL,
  PRIMARY KEY (`id`),
  UNIQUE KEY `users_user_user_permissions_user_id_permission_id_43338c45_uniq` (`user_id`,`permission_id`),
  KEY `users_user_user_perm_permission_id_0b93982e_fk_auth_perm` (`permission_id`),
  CONSTRAINT `users_user_user_perm_permission_id_0b93982e_fk_auth_perm` FOREIGN KEY (`permission_id`) REFERENCES `auth_permission` (`id`),
  CONSTRAINT `users_user_user_permissions_user_id_20aca447_fk_users_user_id` FOREIGN KEY (`user_id`) REFERENCES `users_user` (`id`)
) ENGINE=InnoDB DEFAULT CHARSET=utf8mb4 COLLATE=utf8mb4_general_ci;

--
-- Dumping data for table `users_user_user_permissions`
--

SET FOREIGN_KEY_CHECKS=1;
-- Dump completed
