-- MySQL dump created by Python
-- Database: db_ierms
-- Server: 127.0.0.1:3306
-- Generated: 2025-10-04 13:37:57
SET FOREIGN_KEY_CHECKS=0;

--
-- Table structure for table `audit_activitylog`
--
DROP TABLE IF EXISTS `audit_activitylog`;
CREATE TABLE `audit_activitylog` (
  `id` bigint(20) NOT NULL AUTO_INCREMENT,
  `action` varchar(50) NOT NULL,
  `message` longtext NOT NULL,
  `ip_address` char(39) DEFAULT NULL,
  `user_agent` longtext DEFAULT NULL,
  `created_at` datetime(6) NOT NULL,
  `user_id` bigint(20) DEFAULT NULL,
  PRIMARY KEY (`id`),
  KEY `audit_activitylog_user_id_3cff121f_fk_users_user_id` (`user_id`),
  CONSTRAINT `audit_activitylog_user_id_3cff121f_fk_users_user_id` FOREIGN KEY (`user_id`) REFERENCES `users_user` (`id`)
) ENGINE=InnoDB AUTO_INCREMENT=249 DEFAULT CHARSET=utf8mb4 COLLATE=utf8mb4_general_ci;

--
-- Dumping data for table `audit_activitylog`
--
INSERT INTO `audit_activitylog` (`id`, `action`, `message`, `ip_address`, `user_agent`, `created_at`, `user_id`) VALUES (1, 'create', 'New user account created: admin@example.com', NULL, '', '2025-09-29 01:07:28.261000', 1);
INSERT INTO `audit_activitylog` (`id`, `action`, `message`, `ip_address`, `user_agent`, `created_at`, `user_id`) VALUES (2, 'update', 'User account updated: admin@example.com', NULL, '', '2025-09-29 01:08:05.364000', 1);
INSERT INTO `audit_activitylog` (`id`, `action`, `message`, `ip_address`, `user_agent`, `created_at`, `user_id`) VALUES (3, 'login', 'User admin@example.com logged in', '127.0.0.1', 'Mozilla/5.0 (Windows NT 10.0; Win64; x64) AppleWebKit/537.36 (KHTML, like Gecko) Chrome/140.0.0.0 Safari/537.36', '2025-09-29 01:08:05.366000', 1);
INSERT INTO `audit_activitylog` (`id`, `action`, `message`, `ip_address`, `user_agent`, `created_at`, `user_id`) VALUES (4, 'update', 'User account updated: admin@example.com', NULL, '', '2025-09-29 01:08:15.679000', 1);
INSERT INTO `audit_activitylog` (`id`, `action`, `message`, `ip_address`, `user_agent`, `created_at`, `user_id`) VALUES (5, 'update', 'User account updated: admin@example.com', NULL, '', '2025-09-29 01:09:24.944000', 1);
INSERT INTO `audit_activitylog` (`id`, `action`, `message`, `ip_address`, `user_agent`, `created_at`, `user_id`) VALUES (6, 'update', 'System configuration updated', '127.0.0.1', 'Mozilla/5.0 (Windows NT 10.0; Win64; x64) AppleWebKit/537.36 (KHTML, like Gecko) Chrome/140.0.0.0 Safari/537.36', '2025-09-29 01:10:18.883000', 1);
INSERT INTO `audit_activitylog` (`id`, `action`, `message`, `ip_address`, `user_agent`, `created_at`, `user_id`) VALUES (7, 'create', 'New user account created: 22101222@slc-sflu.edu.ph', NULL, '', '2025-09-29 01:22:13.490000', NULL);
INSERT INTO `audit_activitylog` (`id`, `action`, `message`, `ip_address`, `user_agent`, `created_at`, `user_id`) VALUES (8, 'create', 'New user registered: 22101222@slc-sflu.edu.ph', '127.0.0.1', 'Mozilla/5.0 (Windows NT 10.0; Win64; x64) AppleWebKit/537.36 (KHTML, like Gecko) Chrome/140.0.0.0 Safari/537.36', '2025-09-29 01:22:16.287000', 1);
INSERT INTO `audit_activitylog` (`id`, `action`, `message`, `ip_address`, `user_agent`, `created_at`, `user_id`) VALUES (9, 'update', 'User account updated: 22101222@slc-sflu.edu.ph', NULL, '', '2025-09-29 02:27:39.452000', NULL);
INSERT INTO `audit_activitylog` (`id`, `action`, `message`, `ip_address`, `user_agent`, `created_at`, `user_id`) VALUES (10, 'update', 'User account updated: 22101222@slc-sflu.edu.ph', NULL, '', '2025-09-29 02:27:50.727000', NULL);
INSERT INTO `audit_activitylog` (`id`, `action`, `message`, `ip_address`, `user_agent`, `created_at`, `user_id`) VALUES (11, 'update', 'First-time password set for 22101222@slc-sflu.edu.ph', '127.0.0.1', 'Mozilla/5.0 (Windows NT 10.0; Win64; x64) AppleWebKit/537.36 (KHTML, like Gecko) Chrome/140.0.0.0 Safari/537.36', '2025-09-29 02:27:50.730000', NULL);
INSERT INTO `audit_activitylog` (`id`, `action`, `message`, `ip_address`, `user_agent`, `created_at`, `user_id`) VALUES (12, 'create', 'Created establishment: SAINT LOUIS COLLEGE', NULL, '', '2025-09-29 02:29:26.326000', NULL);
INSERT INTO `audit_activitylog` (`id`, `action`, `message`, `ip_address`, `user_agent`, `created_at`, `user_id`) VALUES (13, 'update', 'Updated establishment: SAINT LOUIS COLLEGE', NULL, '', '2025-09-29 02:29:26.359000', NULL);
INSERT INTO `audit_activitylog` (`id`, `action`, `message`, `ip_address`, `user_agent`, `created_at`, `user_id`) VALUES (14, 'update', 'Updated establishment: SAINT LOUIS COLLEGE', NULL, '', '2025-09-29 02:54:09.131000', NULL);
INSERT INTO `audit_activitylog` (`id`, `action`, `message`, `ip_address`, `user_agent`, `created_at`, `user_id`) VALUES (15, 'update', 'User account updated: admin@example.com', NULL, '', '2025-09-29 06:14:50.325000', 1);
INSERT INTO `audit_activitylog` (`id`, `action`, `message`, `ip_address`, `user_agent`, `created_at`, `user_id`) VALUES (16, 'update', 'Password changed for admin@example.com', '127.0.0.1', 'Mozilla/5.0 (Windows NT 10.0; Win64; x64) AppleWebKit/537.36 (KHTML, like Gecko) Chrome/140.0.0.0 Safari/537.36', '2025-09-29 06:14:50.331000', 1);
INSERT INTO `audit_activitylog` (`id`, `action`, `message`, `ip_address`, `user_agent`, `created_at`, `user_id`) VALUES (17, 'update', 'System configuration updated', '127.0.0.1', 'Mozilla/5.0 (Windows NT 10.0; Win64; x64) AppleWebKit/537.36 (KHTML, like Gecko) Chrome/140.0.0.0 Safari/537.36', '2025-09-29 06:18:42.121000', 1);
INSERT INTO `audit_activitylog` (`id`, `action`, `message`, `ip_address`, `user_agent`, `created_at`, `user_id`) VALUES (18, 'update', 'System configuration updated', '127.0.0.1', 'Mozilla/5.0 (Windows NT 10.0; Win64; x64) AppleWebKit/537.36 (KHTML, like Gecko) Chrome/140.0.0.0 Safari/537.36', '2025-09-29 06:19:32.652000', 1);
INSERT INTO `audit_activitylog` (`id`, `action`, `message`, `ip_address`, `user_agent`, `created_at`, `user_id`) VALUES (19, 'create', 'New user account created: jerichourb.01.01.04@gmail.com', NULL, '', '2025-09-30 09:46:50.087000', NULL);
INSERT INTO `audit_activitylog` (`id`, `action`, `message`, `ip_address`, `user_agent`, `created_at`, `user_id`) VALUES (20, 'create', 'New user registered: jerichourb.01.01.04@gmail.com', '127.0.0.1', 'Mozilla/5.0 (Windows NT 10.0; Win64; x64) AppleWebKit/537.36 (KHTML, like Gecko) Chrome/140.0.0.0 Safari/537.36', '2025-09-30 09:46:53.101000', 1);
INSERT INTO `audit_activitylog` (`id`, `action`, `message`, `ip_address`, `user_agent`, `created_at`, `user_id`) VALUES (21, 'update', 'User account updated: jerichourb.01.01.04@gmail.com', NULL, '', '2025-09-30 09:56:44.800000', NULL);
INSERT INTO `audit_activitylog` (`id`, `action`, `message`, `ip_address`, `user_agent`, `created_at`, `user_id`) VALUES (22, 'update', 'Updated user: jerichourb.01.01.04@gmail.com', '127.0.0.1', 'Mozilla/5.0 (Windows NT 10.0; Win64; x64) AppleWebKit/537.36 (KHTML, like Gecko) Chrome/140.0.0.0 Safari/537.36', '2025-09-30 09:56:44.810000', 1);
INSERT INTO `audit_activitylog` (`id`, `action`, `message`, `ip_address`, `user_agent`, `created_at`, `user_id`) VALUES (23, 'update', 'User account updated: admin@example.com', NULL, '', '2025-09-30 10:14:25.827000', 1);
INSERT INTO `audit_activitylog` (`id`, `action`, `message`, `ip_address`, `user_agent`, `created_at`, `user_id`) VALUES (24, 'update', 'User account updated: 22101222@slc-sflu.edu.ph', NULL, '', '2025-09-30 10:14:25.859000', NULL);
INSERT INTO `audit_activitylog` (`id`, `action`, `message`, `ip_address`, `user_agent`, `created_at`, `user_id`) VALUES (25, 'update', 'User account updated: jerichourb.01.01.04@gmail.com', NULL, '', '2025-09-30 10:14:25.893000', NULL);
INSERT INTO `audit_activitylog` (`id`, `action`, `message`, `ip_address`, `user_agent`, `created_at`, `user_id`) VALUES (26, 'update', 'Updated establishment: SAINT LOUIS COLLEGE', NULL, '', '2025-09-30 10:14:25.934000', NULL);
INSERT INTO `audit_activitylog` (`id`, `action`, `message`, `ip_address`, `user_agent`, `created_at`, `user_id`) VALUES (27, 'update', 'User account updated: jerichourb.01.01.04@gmail.com', NULL, '', '2025-09-30 16:12:34.753000', NULL);
INSERT INTO `audit_activitylog` (`id`, `action`, `message`, `ip_address`, `user_agent`, `created_at`, `user_id`) VALUES (28, 'update', 'Updated user: jerichourb.01.01.04@gmail.com', '127.0.0.1', 'Mozilla/5.0 (Windows NT 10.0; Win64; x64) AppleWebKit/537.36 (KHTML, like Gecko) Chrome/140.0.0.0 Safari/537.36', '2025-09-30 16:12:34.768000', 1);
INSERT INTO `audit_activitylog` (`id`, `action`, `message`, `ip_address`, `user_agent`, `created_at`, `user_id`) VALUES (29, 'update', 'User account updated: jerichourb.01.01.04@gmail.com', NULL, '', '2025-09-30 16:23:05.234000', NULL);
INSERT INTO `audit_activitylog` (`id`, `action`, `message`, `ip_address`, `user_agent`, `created_at`, `user_id`) VALUES (30, 'update', 'Updated user: jerichourb.01.01.04@gmail.com', '127.0.0.1', 'Mozilla/5.0 (Windows NT 10.0; Win64; x64) AppleWebKit/537.36 (KHTML, like Gecko) Chrome/140.0.0.0 Safari/537.36', '2025-09-30 16:23:05.243000', 1);
INSERT INTO `audit_activitylog` (`id`, `action`, `message`, `ip_address`, `user_agent`, `created_at`, `user_id`) VALUES (31, 'update', 'User account updated: jerichourb.01.01.04@gmail.com', NULL, '', '2025-09-30 16:31:29.193000', NULL);
INSERT INTO `audit_activitylog` (`id`, `action`, `message`, `ip_address`, `user_agent`, `created_at`, `user_id`) VALUES (32, 'update', 'Updated user: jerichourb.01.01.04@gmail.com', '127.0.0.1', 'Mozilla/5.0 (Windows NT 10.0; Win64; x64) AppleWebKit/537.36 (KHTML, like Gecko) Chrome/140.0.0.0 Safari/537.36', '2025-09-30 16:31:29.217000', 1);
INSERT INTO `audit_activitylog` (`id`, `action`, `message`, `ip_address`, `user_agent`, `created_at`, `user_id`) VALUES (33, 'update', 'User account updated: admin@example.com', NULL, '', '2025-09-30 18:17:46.046000', 1);
INSERT INTO `audit_activitylog` (`id`, `action`, `message`, `ip_address`, `user_agent`, `created_at`, `user_id`) VALUES (34, 'login', 'User admin@example.com logged in', '127.0.0.1', 'Mozilla/5.0 (Windows NT 10.0; Win64; x64) AppleWebKit/537.36 (KHTML, like Gecko) Chrome/140.0.0.0 Safari/537.36', '2025-09-30 18:17:46.050000', 1);
INSERT INTO `audit_activitylog` (`id`, `action`, `message`, `ip_address`, `user_agent`, `created_at`, `user_id`) VALUES (35, 'update', 'User account updated: jerichourb.01.01.04@gmail.com', NULL, '', '2025-10-01 00:15:30.188000', NULL);
INSERT INTO `audit_activitylog` (`id`, `action`, `message`, `ip_address`, `user_agent`, `created_at`, `user_id`) VALUES (36, 'update', 'Updated user: jerichourb.01.01.04@gmail.com', '127.0.0.1', 'Mozilla/5.0 (Windows NT 10.0; Win64; x64) AppleWebKit/537.36 (KHTML, like Gecko) Chrome/140.0.0.0 Safari/537.36', '2025-10-01 00:15:30.211000', 1);
INSERT INTO `audit_activitylog` (`id`, `action`, `message`, `ip_address`, `user_agent`, `created_at`, `user_id`) VALUES (37, 'update', 'User account updated: admin@example.com', NULL, '', '2025-10-01 02:40:54.507000', 1);
INSERT INTO `audit_activitylog` (`id`, `action`, `message`, `ip_address`, `user_agent`, `created_at`, `user_id`) VALUES (38, 'login', 'User admin@example.com logged in', '127.0.0.1', 'Mozilla/5.0 (Windows NT 10.0; Win64; x64) AppleWebKit/537.36 (KHTML, like Gecko) Chrome/140.0.0.0 Safari/537.36', '2025-10-01 02:40:54.510000', 1);
INSERT INTO `audit_activitylog` (`id`, `action`, `message`, `ip_address`, `user_agent`, `created_at`, `user_id`) VALUES (39, 'update', 'User account updated: jerichourb.01.01.04@gmail.com', NULL, '', '2025-10-01 02:51:07.343000', NULL);
INSERT INTO `audit_activitylog` (`id`, `action`, `message`, `ip_address`, `user_agent`, `created_at`, `user_id`) VALUES (40, 'update', 'Updated user: jerichourb.01.01.04@gmail.com', '127.0.0.1', 'Mozilla/5.0 (Windows NT 10.0; Win64; x64) AppleWebKit/537.36 (KHTML, like Gecko) Chrome/140.0.0.0 Safari/537.36', '2025-10-01 02:51:07.345000', 1);
INSERT INTO `audit_activitylog` (`id`, `action`, `message`, `ip_address`, `user_agent`, `created_at`, `user_id`) VALUES (41, 'create', 'New user account created: echo.010104@gmail.com', NULL, '', '2025-10-01 02:51:59.794000', NULL);
INSERT INTO `audit_activitylog` (`id`, `action`, `message`, `ip_address`, `user_agent`, `created_at`, `user_id`) VALUES (42, 'create', 'New user registered: echo.010104@gmail.com', '127.0.0.1', 'Mozilla/5.0 (Windows NT 10.0; Win64; x64) AppleWebKit/537.36 (KHTML, like Gecko) Chrome/140.0.0.0 Safari/537.36', '2025-10-01 02:52:02.262000', 1);
INSERT INTO `audit_activitylog` (`id`, `action`, `message`, `ip_address`, `user_agent`, `created_at`, `user_id`) VALUES (43, 'update', 'User account updated: echo.010104@gmail.com', NULL, '', '2025-10-01 02:53:17.394000', NULL);
INSERT INTO `audit_activitylog` (`id`, `action`, `message`, `ip_address`, `user_agent`, `created_at`, `user_id`) VALUES (44, 'update', 'Toggled active status for echo.010104@gmail.com → False', '127.0.0.1', 'Mozilla/5.0 (Windows NT 10.0; Win64; x64) AppleWebKit/537.36 (KHTML, like Gecko) Chrome/140.0.0.0 Safari/537.36', '2025-10-01 02:53:17.397000', 1);
INSERT INTO `audit_activitylog` (`id`, `action`, `message`, `ip_address`, `user_agent`, `created_at`, `user_id`) VALUES (45, 'update', 'User account updated: admin@example.com', NULL, '', '2025-10-01 03:31:47.702000', 1);
INSERT INTO `audit_activitylog` (`id`, `action`, `message`, `ip_address`, `user_agent`, `created_at`, `user_id`) VALUES (46, 'update', 'User account updated: jerichourb.01.01.04@gmail.com', NULL, '', '2025-10-01 04:41:45.966000', NULL);
INSERT INTO `audit_activitylog` (`id`, `action`, `message`, `ip_address`, `user_agent`, `created_at`, `user_id`) VALUES (47, 'update', 'User account updated: jerichourb.01.01.04@gmail.com', NULL, '', '2025-10-01 04:42:15.023000', NULL);
INSERT INTO `audit_activitylog` (`id`, `action`, `message`, `ip_address`, `user_agent`, `created_at`, `user_id`) VALUES (48, 'update', 'First-time password set for jerichourb.01.01.04@gmail.com', '127.0.0.1', 'Mozilla/5.0 (Windows NT 10.0; Win64; x64) AppleWebKit/537.36 (KHTML, like Gecko) Chrome/140.0.0.0 Safari/537.36', '2025-10-01 04:42:15.027000', NULL);
INSERT INTO `audit_activitylog` (`id`, `action`, `message`, `ip_address`, `user_agent`, `created_at`, `user_id`) VALUES (49, 'update', 'User account updated: echo.010104@gmail.com', NULL, '', '2025-10-01 04:43:24.717000', NULL);
INSERT INTO `audit_activitylog` (`id`, `action`, `message`, `ip_address`, `user_agent`, `created_at`, `user_id`) VALUES (50, 'update', 'Toggled active status for echo.010104@gmail.com → True', '127.0.0.1', 'Mozilla/5.0 (Windows NT 10.0; Win64; x64) AppleWebKit/537.36 (KHTML, like Gecko) Chrome/140.0.0.0 Safari/537.36', '2025-10-01 04:43:24.719000', 1);
INSERT INTO `audit_activitylog` (`id`, `action`, `message`, `ip_address`, `user_agent`, `created_at`, `user_id`) VALUES (51, 'create', 'New user account created: division@example.com', NULL, '', '2025-10-01 04:44:41.209000', NULL);
INSERT INTO `audit_activitylog` (`id`, `action`, `message`, `ip_address`, `user_agent`, `created_at`, `user_id`) VALUES (52, 'create', 'New user registered: division@example.com', '127.0.0.1', 'Mozilla/5.0 (Windows NT 10.0; Win64; x64) AppleWebKit/537.36 (KHTML, like Gecko) Chrome/140.0.0.0 Safari/537.36', '2025-10-01 04:44:43.919000', 1);
INSERT INTO `audit_activitylog` (`id`, `action`, `message`, `ip_address`, `user_agent`, `created_at`, `user_id`) VALUES (53, 'update', 'User account updated: 22101222@slc-sflu.edu.ph', NULL, '', '2025-10-01 04:49:08.685000', NULL);
INSERT INTO `audit_activitylog` (`id`, `action`, `message`, `ip_address`, `user_agent`, `created_at`, `user_id`) VALUES (54, 'update', 'Updated user: 22101222@slc-sflu.edu.ph', '127.0.0.1', 'Mozilla/5.0 (Windows NT 10.0; Win64; x64) AppleWebKit/537.36 (KHTML, like Gecko) Chrome/140.0.0.0 Safari/537.36', '2025-10-01 04:49:08.690000', 1);
INSERT INTO `audit_activitylog` (`id`, `action`, `message`, `ip_address`, `user_agent`, `created_at`, `user_id`) VALUES (55, 'update', 'User account updated: division@example.com', NULL, '', '2025-10-01 05:01:29.202000', NULL);
INSERT INTO `audit_activitylog` (`id`, `action`, `message`, `ip_address`, `user_agent`, `created_at`, `user_id`) VALUES (56, 'update', 'User account updated: division@example.com', NULL, '', '2025-10-01 05:01:54.924000', NULL);
INSERT INTO `audit_activitylog` (`id`, `action`, `message`, `ip_address`, `user_agent`, `created_at`, `user_id`) VALUES (57, 'update', 'First-time password set for division@example.com', '127.0.0.1', 'Mozilla/5.0 (Windows NT 10.0; Win64; x64) AppleWebKit/537.36 (KHTML, like Gecko) Chrome/140.0.0.0 Safari/537.36', '2025-10-01 05:01:54.926000', NULL);
INSERT INTO `audit_activitylog` (`id`, `action`, `message`, `ip_address`, `user_agent`, `created_at`, `user_id`) VALUES (58, 'create', 'Created establishment: JOLLIBEE', NULL, '', '2025-10-01 05:03:04.011000', NULL);
INSERT INTO `audit_activitylog` (`id`, `action`, `message`, `ip_address`, `user_agent`, `created_at`, `user_id`) VALUES (59, 'update', 'Updated establishment: JOLLIBEE', NULL, '', '2025-10-01 05:03:04.046000', NULL);
INSERT INTO `audit_activitylog` (`id`, `action`, `message`, `ip_address`, `user_agent`, `created_at`, `user_id`) VALUES (60, 'update', 'User account updated: admin@example.com', NULL, '', '2025-10-01 05:15:05.573000', 1);
INSERT INTO `audit_activitylog` (`id`, `action`, `message`, `ip_address`, `user_agent`, `created_at`, `user_id`) VALUES (61, 'update', 'Password changed for admin@example.com', '127.0.0.1', 'Mozilla/5.0 (Windows NT 10.0; Win64; x64) AppleWebKit/537.36 (KHTML, like Gecko) Chrome/140.0.0.0 Safari/537.36', '2025-10-01 05:15:05.577000', 1);
INSERT INTO `audit_activitylog` (`id`, `action`, `message`, `ip_address`, `user_agent`, `created_at`, `user_id`) VALUES (62, 'create', 'Created establishment: BALAI', NULL, '', '2025-10-01 05:21:38.416000', NULL);
INSERT INTO `audit_activitylog` (`id`, `action`, `message`, `ip_address`, `user_agent`, `created_at`, `user_id`) VALUES (63, 'update', 'Updated establishment: BALAI', NULL, '', '2025-10-01 05:21:38.448000', NULL);
INSERT INTO `audit_activitylog` (`id`, `action`, `message`, `ip_address`, `user_agent`, `created_at`, `user_id`) VALUES (64, 'update', 'Updated establishment: BALAI', NULL, '', '2025-10-01 05:26:36.894000', NULL);
INSERT INTO `audit_activitylog` (`id`, `action`, `message`, `ip_address`, `user_agent`, `created_at`, `user_id`) VALUES (65, 'update', 'Updated establishment: BALAI', NULL, '', '2025-10-01 05:26:36.928000', NULL);
INSERT INTO `audit_activitylog` (`id`, `action`, `message`, `ip_address`, `user_agent`, `created_at`, `user_id`) VALUES (66, 'update', 'Updated establishment: BALAI', NULL, '', '2025-10-01 05:27:44.153000', NULL);
INSERT INTO `audit_activitylog` (`id`, `action`, `message`, `ip_address`, `user_agent`, `created_at`, `user_id`) VALUES (67, 'update', 'Updated establishment: BALAI', NULL, '', '2025-10-01 05:28:14.691000', NULL);
INSERT INTO `audit_activitylog` (`id`, `action`, `message`, `ip_address`, `user_agent`, `created_at`, `user_id`) VALUES (68, 'create', 'New user account created: unithead@example.com', NULL, '', '2025-10-01 05:46:01.940000', NULL);
INSERT INTO `audit_activitylog` (`id`, `action`, `message`, `ip_address`, `user_agent`, `created_at`, `user_id`) VALUES (69, 'create', 'New user registered: unithead@example.com', '127.0.0.1', 'Mozilla/5.0 (Windows NT 10.0; Win64; x64) AppleWebKit/537.36 (KHTML, like Gecko) Chrome/140.0.0.0 Safari/537.36', '2025-10-01 05:46:04.952000', 1);
INSERT INTO `audit_activitylog` (`id`, `action`, `message`, `ip_address`, `user_agent`, `created_at`, `user_id`) VALUES (70, 'update', 'User account updated: admin@example.com', NULL, '', '2025-10-01 09:22:24.680000', 1);
INSERT INTO `audit_activitylog` (`id`, `action`, `message`, `ip_address`, `user_agent`, `created_at`, `user_id`) VALUES (71, 'login', 'User admin@example.com logged in', '127.0.0.1', 'Mozilla/5.0 (Windows NT 10.0; Win64; x64) AppleWebKit/537.36 (KHTML, like Gecko) Chrome/140.0.0.0 Safari/537.36', '2025-10-01 09:22:24.684000', 1);
INSERT INTO `audit_activitylog` (`id`, `action`, `message`, `ip_address`, `user_agent`, `created_at`, `user_id`) VALUES (72, 'create', 'New user account created: 22101222@slc-sflu.edu.ph', NULL, '', '2025-10-01 09:24:34.121000', NULL);
INSERT INTO `audit_activitylog` (`id`, `action`, `message`, `ip_address`, `user_agent`, `created_at`, `user_id`) VALUES (73, 'create', 'New user registered: 22101222@slc-sflu.edu.ph', '127.0.0.1', 'Mozilla/5.0 (Windows NT 10.0; Win64; x64) AppleWebKit/537.36 (KHTML, like Gecko) Chrome/140.0.0.0 Safari/537.36', '2025-10-01 09:24:36.997000', 1);
INSERT INTO `audit_activitylog` (`id`, `action`, `message`, `ip_address`, `user_agent`, `created_at`, `user_id`) VALUES (74, 'create', 'New user account created: 22101222@slc-sflu.edu.ph with auto-generated password', NULL, '', '2025-10-01 09:38:59.135000', NULL);
INSERT INTO `audit_activitylog` (`id`, `action`, `message`, `ip_address`, `user_agent`, `created_at`, `user_id`) VALUES (75, 'create', 'New user registered: 22101222@slc-sflu.edu.ph with auto-generated password', '127.0.0.1', 'Mozilla/5.0 (Windows NT 10.0; Win64; x64) AppleWebKit/537.36 (KHTML, like Gecko) Chrome/140.0.0.0 Safari/537.36', '2025-10-01 09:39:17.828000', 1);
INSERT INTO `audit_activitylog` (`id`, `action`, `message`, `ip_address`, `user_agent`, `created_at`, `user_id`) VALUES (76, 'update', 'User account updated: admin@example.com', NULL, '', '2025-10-01 10:01:38.048000', 1);
INSERT INTO `audit_activitylog` (`id`, `action`, `message`, `ip_address`, `user_agent`, `created_at`, `user_id`) VALUES (77, 'login', 'User admin@example.com logged in', '127.0.0.1', 'Mozilla/5.0 (Windows NT 10.0; Win64; x64) AppleWebKit/537.36 (KHTML, like Gecko) Chrome/140.0.0.0 Safari/537.36', '2025-10-01 10:01:38.051000', 1);
INSERT INTO `audit_activitylog` (`id`, `action`, `message`, `ip_address`, `user_agent`, `created_at`, `user_id`) VALUES (78, 'update', 'User account updated: admin@example.com', NULL, '', '2025-10-01 12:23:10.879380', 1);
INSERT INTO `audit_activitylog` (`id`, `action`, `message`, `ip_address`, `user_agent`, `created_at`, `user_id`) VALUES (79, 'update', 'User account updated: jerichourb.01.01.04@gmail.com', NULL, '', '2025-10-01 12:23:10.883753', NULL);
INSERT INTO `audit_activitylog` (`id`, `action`, `message`, `ip_address`, `user_agent`, `created_at`, `user_id`) VALUES (80, 'update', 'User account updated: echo.010104@gmail.com', NULL, '', '2025-10-01 12:23:10.891525', NULL);
INSERT INTO `audit_activitylog` (`id`, `action`, `message`, `ip_address`, `user_agent`, `created_at`, `user_id`) VALUES (81, 'update', 'User account updated: division@example.com', NULL, '', '2025-10-01 12:23:10.896636', NULL);
INSERT INTO `audit_activitylog` (`id`, `action`, `message`, `ip_address`, `user_agent`, `created_at`, `user_id`) VALUES (82, 'update', 'User account updated: unithead@example.com', NULL, '', '2025-10-01 12:23:10.899851', NULL);
INSERT INTO `audit_activitylog` (`id`, `action`, `message`, `ip_address`, `user_agent`, `created_at`, `user_id`) VALUES (83, 'update', 'User account updated: 22101222@slc-sflu.edu.ph', NULL, '', '2025-10-01 12:23:10.907648', NULL);
INSERT INTO `audit_activitylog` (`id`, `action`, `message`, `ip_address`, `user_agent`, `created_at`, `user_id`) VALUES (84, 'update', 'Updated establishment: SAINT LOUIS COLLEGE', NULL, '', '2025-10-01 12:23:10.914419', NULL);
INSERT INTO `audit_activitylog` (`id`, `action`, `message`, `ip_address`, `user_agent`, `created_at`, `user_id`) VALUES (85, 'update', 'Updated establishment: JOLLIBEE', NULL, '', '2025-10-01 12:23:10.915663', NULL);
INSERT INTO `audit_activitylog` (`id`, `action`, `message`, `ip_address`, `user_agent`, `created_at`, `user_id`) VALUES (86, 'update', 'Updated establishment: BALAI', NULL, '', '2025-10-01 12:23:10.922811', NULL);
INSERT INTO `audit_activitylog` (`id`, `action`, `message`, `ip_address`, `user_agent`, `created_at`, `user_id`) VALUES (87, 'update', 'System configuration updated', '127.0.0.1', 'Mozilla/5.0 (Windows NT 10.0; Win64; x64) AppleWebKit/537.36 (KHTML, like Gecko) Chrome/140.0.0.0 Safari/537.36', '2025-10-01 15:12:03.319239', 1);
INSERT INTO `audit_activitylog` (`id`, `action`, `message`, `ip_address`, `user_agent`, `created_at`, `user_id`) VALUES (88, 'update', 'System configuration updated', '127.0.0.1', 'Mozilla/5.0 (Windows NT 10.0; Win64; x64) AppleWebKit/537.36 (KHTML, like Gecko) Chrome/140.0.0.0 Safari/537.36', '2025-10-01 15:25:52.610069', 1);
INSERT INTO `audit_activitylog` (`id`, `action`, `message`, `ip_address`, `user_agent`, `created_at`, `user_id`) VALUES (89, 'update', 'User account updated: admin@example.com', NULL, '', '2025-10-01 15:51:16.286788', 1);
INSERT INTO `audit_activitylog` (`id`, `action`, `message`, `ip_address`, `user_agent`, `created_at`, `user_id`) VALUES (90, 'login', 'User admin@example.com logged in', '127.0.0.1', 'Mozilla/5.0 (Windows NT 10.0; Win64; x64) AppleWebKit/537.36 (KHTML, like Gecko) Chrome/140.0.0.0 Safari/537.36', '2025-10-01 15:51:16.290117', 1);
INSERT INTO `audit_activitylog` (`id`, `action`, `message`, `ip_address`, `user_agent`, `created_at`, `user_id`) VALUES (91, 'create', 'New user account created: 22101222@slc-sflu.edu.ph with auto-generated password', NULL, '', '2025-10-01 15:52:50.166153', NULL);
INSERT INTO `audit_activitylog` (`id`, `action`, `message`, `ip_address`, `user_agent`, `created_at`, `user_id`) VALUES (92, 'create', 'New user registered: 22101222@slc-sflu.edu.ph with auto-generated password', '127.0.0.1', 'Mozilla/5.0 (Windows NT 10.0; Win64; x64) AppleWebKit/537.36 (KHTML, like Gecko) Chrome/140.0.0.0 Safari/537.36', '2025-10-01 15:52:55.010072', 1);
INSERT INTO `audit_activitylog` (`id`, `action`, `message`, `ip_address`, `user_agent`, `created_at`, `user_id`) VALUES (93, 'create', 'New user account created: test@example.com with auto-generated password', NULL, '', '2025-10-01 16:06:37.576036', NULL);
INSERT INTO `audit_activitylog` (`id`, `action`, `message`, `ip_address`, `user_agent`, `created_at`, `user_id`) VALUES (94, 'create', 'New user account created: test@example.com with auto-generated password', NULL, '', '2025-10-01 16:09:36.471912', NULL);
INSERT INTO `audit_activitylog` (`id`, `action`, `message`, `ip_address`, `user_agent`, `created_at`, `user_id`) VALUES (95, 'create', 'New user account created: 22101222@slc-sflu.edu.ph with auto-generated password', NULL, '', '2025-10-01 16:29:26.802204', NULL);
INSERT INTO `audit_activitylog` (`id`, `action`, `message`, `ip_address`, `user_agent`, `created_at`, `user_id`) VALUES (96, 'create', 'New user registered: 22101222@slc-sflu.edu.ph with auto-generated password', '127.0.0.1', 'Mozilla/5.0 (Windows NT 10.0; Win64; x64) AppleWebKit/537.36 (KHTML, like Gecko) Chrome/140.0.0.0 Safari/537.36', '2025-10-01 16:29:32.279965', 1);
INSERT INTO `audit_activitylog` (`id`, `action`, `message`, `ip_address`, `user_agent`, `created_at`, `user_id`) VALUES (97, 'update', 'User account updated: 22101222@slc-sflu.edu.ph', NULL, '', '2025-10-01 16:31:46.658285', NULL);
INSERT INTO `audit_activitylog` (`id`, `action`, `message`, `ip_address`, `user_agent`, `created_at`, `user_id`) VALUES (98, 'create', 'New user account created: test@example.com with auto-generated password', NULL, '', '2025-10-01 16:37:00.885557', NULL);
INSERT INTO `audit_activitylog` (`id`, `action`, `message`, `ip_address`, `user_agent`, `created_at`, `user_id`) VALUES (99, 'update', 'User account updated: 22101222@slc-sflu.edu.ph', NULL, '', '2025-10-01 16:41:47.426260', NULL);
INSERT INTO `audit_activitylog` (`id`, `action`, `message`, `ip_address`, `user_agent`, `created_at`, `user_id`) VALUES (100, 'update', 'First-time password set for 22101222@slc-sflu.edu.ph', '127.0.0.1', 'Mozilla/5.0 (Windows NT 10.0; Win64; x64) AppleWebKit/537.36 (KHTML, like Gecko) Chrome/140.0.0.0 Safari/537.36', '2025-10-01 16:41:47.445595', NULL);
INSERT INTO `audit_activitylog` (`id`, `action`, `message`, `ip_address`, `user_agent`, `created_at`, `user_id`) VALUES (101, 'update', 'User account updated: 22101222@slc-sflu.edu.ph', NULL, '', '2025-10-01 16:54:38.306131', NULL);
INSERT INTO `audit_activitylog` (`id`, `action`, `message`, `ip_address`, `user_agent`, `created_at`, `user_id`) VALUES (102, 'update', 'Password changed for 22101222@slc-sflu.edu.ph', '127.0.0.1', 'Mozilla/5.0 (Windows NT 10.0; Win64; x64) AppleWebKit/537.36 (KHTML, like Gecko) Chrome/140.0.0.0 Safari/537.36', '2025-10-01 16:54:38.312520', NULL);
INSERT INTO `audit_activitylog` (`id`, `action`, `message`, `ip_address`, `user_agent`, `created_at`, `user_id`) VALUES (103, 'update', 'User account updated: 22101222@slc-sflu.edu.ph', NULL, '', '2025-10-01 17:06:46.681468', NULL);
INSERT INTO `audit_activitylog` (`id`, `action`, `message`, `ip_address`, `user_agent`, `created_at`, `user_id`) VALUES (104, 'update', 'Password reset via OTP for 22101222@slc-sflu.edu.ph', '127.0.0.1', 'Mozilla/5.0 (Windows NT 10.0; Win64; x64) AppleWebKit/537.36 (KHTML, like Gecko) Chrome/140.0.0.0 Safari/537.36', '2025-10-01 17:06:46.728900', NULL);
INSERT INTO `audit_activitylog` (`id`, `action`, `message`, `ip_address`, `user_agent`, `created_at`, `user_id`) VALUES (105, 'update', 'User account updated: 22101222@slc-sflu.edu.ph', NULL, '', '2025-10-01 17:24:32.061010', NULL);
INSERT INTO `audit_activitylog` (`id`, `action`, `message`, `ip_address`, `user_agent`, `created_at`, `user_id`) VALUES (106, 'update', 'Updated user: 22101222@slc-sflu.edu.ph', '127.0.0.1', 'Mozilla/5.0 (Windows NT 10.0; Win64; x64) AppleWebKit/537.36 (KHTML, like Gecko) Chrome/140.0.0.0 Safari/537.36', '2025-10-01 17:24:32.067584', 1);
INSERT INTO `audit_activitylog` (`id`, `action`, `message`, `ip_address`, `user_agent`, `created_at`, `user_id`) VALUES (107, 'update', 'User account updated: 22101222@slc-sflu.edu.ph', NULL, '', '2025-10-01 17:27:42.988103', NULL);
INSERT INTO `audit_activitylog` (`id`, `action`, `message`, `ip_address`, `user_agent`, `created_at`, `user_id`) VALUES (108, 'update', 'Password reset via OTP for 22101222@slc-sflu.edu.ph', '127.0.0.1', 'Mozilla/5.0 (Windows NT 10.0; Win64; x64) AppleWebKit/537.36 (KHTML, like Gecko) Chrome/140.0.0.0 Safari/537.36', '2025-10-01 17:27:42.993718', NULL);
INSERT INTO `audit_activitylog` (`id`, `action`, `message`, `ip_address`, `user_agent`, `created_at`, `user_id`) VALUES (109, 'update', 'Updated establishment: BALAI', NULL, '', '2025-10-01 17:48:47.984407', NULL);
INSERT INTO `audit_activitylog` (`id`, `action`, `message`, `ip_address`, `user_agent`, `created_at`, `user_id`) VALUES (110, 'update', 'Updated establishment: BALAI', NULL, '', '2025-10-01 17:48:48.022718', NULL);
INSERT INTO `audit_activitylog` (`id`, `action`, `message`, `ip_address`, `user_agent`, `created_at`, `user_id`) VALUES (111, 'update', 'User account updated: unithead@example.com', NULL, '', '2025-10-01 23:46:59.064421', NULL);
INSERT INTO `audit_activitylog` (`id`, `action`, `message`, `ip_address`, `user_agent`, `created_at`, `user_id`) VALUES (112, 'update', 'Toggled active status for unithead@example.com → False', '127.0.0.1', 'Mozilla/5.0 (Windows NT 10.0; Win64; x64) AppleWebKit/537.36 (KHTML, like Gecko) Chrome/140.0.0.0 Safari/537.36', '2025-10-01 23:46:59.070821', 1);
INSERT INTO `audit_activitylog` (`id`, `action`, `message`, `ip_address`, `user_agent`, `created_at`, `user_id`) VALUES (113, 'update', 'User account updated: unithead@example.com', NULL, '', '2025-10-01 23:53:21.320550', NULL);
INSERT INTO `audit_activitylog` (`id`, `action`, `message`, `ip_address`, `user_agent`, `created_at`, `user_id`) VALUES (114, 'update', 'Toggled active status for unithead@example.com → True', '127.0.0.1', 'Mozilla/5.0 (Windows NT 10.0; Win64; x64) AppleWebKit/537.36 (KHTML, like Gecko) Chrome/140.0.0.0 Safari/537.36', '2025-10-01 23:53:21.332923', 1);
INSERT INTO `audit_activitylog` (`id`, `action`, `message`, `ip_address`, `user_agent`, `created_at`, `user_id`) VALUES (115, 'update', 'User account updated: division@example.com', NULL, '', '2025-10-02 00:07:18.620789', NULL);
INSERT INTO `audit_activitylog` (`id`, `action`, `message`, `ip_address`, `user_agent`, `created_at`, `user_id`) VALUES (116, 'update', 'Toggled active status for division@example.com → False', '127.0.0.1', 'Mozilla/5.0 (Windows NT 10.0; Win64; x64) AppleWebKit/537.36 (KHTML, like Gecko) Chrome/140.0.0.0 Safari/537.36', '2025-10-02 00:07:18.628552', 1);
INSERT INTO `audit_activitylog` (`id`, `action`, `message`, `ip_address`, `user_agent`, `created_at`, `user_id`) VALUES (122, 'update', 'User account updated: admin@example.com', NULL, '', '2025-10-02 05:08:13.941229', 1);
INSERT INTO `audit_activitylog` (`id`, `action`, `message`, `ip_address`, `user_agent`, `created_at`, `user_id`) VALUES (123, 'login', 'User admin@example.com logged in', '127.0.0.1', 'Mozilla/5.0 (Windows NT 10.0; Win64; x64) AppleWebKit/537.36 (KHTML, like Gecko) Chrome/140.0.0.0 Safari/537.36', '2025-10-02 05:08:13.944675', 1);
INSERT INTO `audit_activitylog` (`id`, `action`, `message`, `ip_address`, `user_agent`, `created_at`, `user_id`) VALUES (124, 'update', 'User account updated: admin@example.com', NULL, '', '2025-10-02 05:08:27.482862', 1);
INSERT INTO `audit_activitylog` (`id`, `action`, `message`, `ip_address`, `user_agent`, `created_at`, `user_id`) VALUES (125, 'update', 'User account updated: jerichourb.01.01.04@gmail.com', NULL, '', '2025-10-02 05:08:36.254097', NULL);
INSERT INTO `audit_activitylog` (`id`, `action`, `message`, `ip_address`, `user_agent`, `created_at`, `user_id`) VALUES (131, 'create', 'New user account created: 22101222@slc-sflu.edu.ph with auto-generated password', NULL, '', '2025-10-02 05:58:54.666905', NULL);
INSERT INTO `audit_activitylog` (`id`, `action`, `message`, `ip_address`, `user_agent`, `created_at`, `user_id`) VALUES (132, 'create', 'New user registered: 22101222@slc-sflu.edu.ph with auto-generated password', '127.0.0.1', 'Mozilla/5.0 (Windows NT 10.0; Win64; x64) AppleWebKit/537.36 (KHTML, like Gecko) Chrome/140.0.0.0 Safari/537.36', '2025-10-02 05:58:54.828375', 1);
INSERT INTO `audit_activitylog` (`id`, `action`, `message`, `ip_address`, `user_agent`, `created_at`, `user_id`) VALUES (133, 'update', 'User account updated: 22101222@slc-sflu.edu.ph', NULL, '', '2025-10-02 06:04:01.379642', NULL);
INSERT INTO `audit_activitylog` (`id`, `action`, `message`, `ip_address`, `user_agent`, `created_at`, `user_id`) VALUES (134, 'update', 'User account updated: 22101222@slc-sflu.edu.ph', NULL, '', '2025-10-02 06:49:16.101543', NULL);
INSERT INTO `audit_activitylog` (`id`, `action`, `message`, `ip_address`, `user_agent`, `created_at`, `user_id`) VALUES (135, 'update', 'Toggled active status for 22101222@slc-sflu.edu.ph → False', '127.0.0.1', 'Mozilla/5.0 (Windows NT 10.0; Win64; x64) AppleWebKit/537.36 (KHTML, like Gecko) Chrome/140.0.0.0 Safari/537.36', '2025-10-02 06:49:16.108286', 1);
INSERT INTO `audit_activitylog` (`id`, `action`, `message`, `ip_address`, `user_agent`, `created_at`, `user_id`) VALUES (136, 'update', 'User account updated: division@example.com', NULL, '', '2025-10-02 06:49:19.582359', NULL);
INSERT INTO `audit_activitylog` (`id`, `action`, `message`, `ip_address`, `user_agent`, `created_at`, `user_id`) VALUES (137, 'update', 'Toggled active status for division@example.com → True', '127.0.0.1', 'Mozilla/5.0 (Windows NT 10.0; Win64; x64) AppleWebKit/537.36 (KHTML, like Gecko) Chrome/140.0.0.0 Safari/537.36', '2025-10-02 06:49:19.586144', 1);
INSERT INTO `audit_activitylog` (`id`, `action`, `message`, `ip_address`, `user_agent`, `created_at`, `user_id`) VALUES (138, 'update', 'User account updated: echo.010104@gmail.com', NULL, '', '2025-10-02 07:33:43.213983', NULL);
INSERT INTO `audit_activitylog` (`id`, `action`, `message`, `ip_address`, `user_agent`, `created_at`, `user_id`) VALUES (139, 'update', 'Assigned district 1st District to echo.010104@gmail.com', '127.0.0.1', 'Mozilla/5.0 (Windows NT 10.0; Win64; x64) AppleWebKit/537.36 (KHTML, like Gecko) Chrome/140.0.0.0 Safari/537.36', '2025-10-02 07:33:43.217235', 1);
INSERT INTO `audit_activitylog` (`id`, `action`, `message`, `ip_address`, `user_agent`, `created_at`, `user_id`) VALUES (140, 'update', 'User account updated: unithead@example.com', NULL, '', '2025-10-02 07:40:03.596920', NULL);
INSERT INTO `audit_activitylog` (`id`, `action`, `message`, `ip_address`, `user_agent`, `created_at`, `user_id`) VALUES (141, 'update', 'Updated user: unithead@example.com', '127.0.0.1', 'Mozilla/5.0 (Windows NT 10.0; Win64; x64) AppleWebKit/537.36 (KHTML, like Gecko) Chrome/140.0.0.0 Safari/537.36', '2025-10-02 07:40:03.603844', 1);
INSERT INTO `audit_activitylog` (`id`, `action`, `message`, `ip_address`, `user_agent`, `created_at`, `user_id`) VALUES (142, 'update', 'User account updated: division@example.com', NULL, '', '2025-10-02 07:40:24.224000', NULL);
INSERT INTO `audit_activitylog` (`id`, `action`, `message`, `ip_address`, `user_agent`, `created_at`, `user_id`) VALUES (143, 'update', 'Toggled active status for division@example.com → False', '127.0.0.1', 'Mozilla/5.0 (Windows NT 10.0; Win64; x64) AppleWebKit/537.36 (KHTML, like Gecko) Chrome/140.0.0.0 Safari/537.36', '2025-10-02 07:40:24.227212', 1);
INSERT INTO `audit_activitylog` (`id`, `action`, `message`, `ip_address`, `user_agent`, `created_at`, `user_id`) VALUES (144, 'update', 'User account updated: division@example.com', NULL, '', '2025-10-02 07:40:30.919249', NULL);
INSERT INTO `audit_activitylog` (`id`, `action`, `message`, `ip_address`, `user_agent`, `created_at`, `user_id`) VALUES (145, 'update', 'Toggled active status for division@example.com → True', '127.0.0.1', 'Mozilla/5.0 (Windows NT 10.0; Win64; x64) AppleWebKit/537.36 (KHTML, like Gecko) Chrome/140.0.0.0 Safari/537.36', '2025-10-02 07:40:30.923396', 1);
INSERT INTO `audit_activitylog` (`id`, `action`, `message`, `ip_address`, `user_agent`, `created_at`, `user_id`) VALUES (146, 'update', 'User account updated: unithead@example.com', NULL, '', '2025-10-02 07:50:30.997078', NULL);
INSERT INTO `audit_activitylog` (`id`, `action`, `message`, `ip_address`, `user_agent`, `created_at`, `user_id`) VALUES (147, 'update', 'Assigned district La Union - 3rd District to unithead@example.com', '127.0.0.1', 'Mozilla/5.0 (Windows NT 10.0; Win64; x64) AppleWebKit/537.36 (KHTML, like Gecko) Chrome/140.0.0.0 Safari/537.36', '2025-10-02 07:50:31.001526', 1);
INSERT INTO `audit_activitylog` (`id`, `action`, `message`, `ip_address`, `user_agent`, `created_at`, `user_id`) VALUES (148, 'update', 'User account updated: unithead@example.com', NULL, '', '2025-10-02 07:57:04.752531', NULL);
INSERT INTO `audit_activitylog` (`id`, `action`, `message`, `ip_address`, `user_agent`, `created_at`, `user_id`) VALUES (149, 'update', 'Assigned district Ilocos Norte - 1st District to unithead@example.com', '127.0.0.1', 'Mozilla/5.0 (Windows NT 10.0; Win64; x64) AppleWebKit/537.36 (KHTML, like Gecko) Chrome/140.0.0.0 Safari/537.36', '2025-10-02 07:57:04.757278', 1);
INSERT INTO `audit_activitylog` (`id`, `action`, `message`, `ip_address`, `user_agent`, `created_at`, `user_id`) VALUES (150, 'update', 'User account updated: unithead@example.com', NULL, '', '2025-10-02 08:02:26.982156', NULL);
INSERT INTO `audit_activitylog` (`id`, `action`, `message`, `ip_address`, `user_agent`, `created_at`, `user_id`) VALUES (151, 'update', 'Assigned district Pangasinan - 6th District to unithead@example.com', '127.0.0.1', 'Mozilla/5.0 (Windows NT 10.0; Win64; x64) AppleWebKit/537.36 (KHTML, like Gecko) Chrome/140.0.0.0 Safari/537.36', '2025-10-02 08:02:26.993196', 1);
INSERT INTO `audit_activitylog` (`id`, `action`, `message`, `ip_address`, `user_agent`, `created_at`, `user_id`) VALUES (152, 'create', 'New user account created: 22101024@slc-sflu.edu.ph with auto-generated password', NULL, '', '2025-10-02 09:18:00.838718', NULL);
INSERT INTO `audit_activitylog` (`id`, `action`, `message`, `ip_address`, `user_agent`, `created_at`, `user_id`) VALUES (153, 'create', 'New user registered: 22101024@slc-sflu.edu.ph with auto-generated password', '127.0.0.1', 'Mozilla/5.0 (Windows NT 10.0; Win64; x64) AppleWebKit/537.36 (KHTML, like Gecko) Chrome/140.0.0.0 Safari/537.36', '2025-10-02 09:18:01.235993', 1);
INSERT INTO `audit_activitylog` (`id`, `action`, `message`, `ip_address`, `user_agent`, `created_at`, `user_id`) VALUES (154, 'update', 'User account updated: division@example.com', NULL, '', '2025-10-02 09:35:36.006699', NULL);
INSERT INTO `audit_activitylog` (`id`, `action`, `message`, `ip_address`, `user_agent`, `created_at`, `user_id`) VALUES (155, 'update', 'Toggled active status for division@example.com → False', '127.0.0.1', 'Mozilla/5.0 (Windows NT 10.0; Win64; x64) AppleWebKit/537.36 (KHTML, like Gecko) Chrome/140.0.0.0 Safari/537.36', '2025-10-02 09:35:36.012137', 1);
INSERT INTO `audit_activitylog` (`id`, `action`, `message`, `ip_address`, `user_agent`, `created_at`, `user_id`) VALUES (156, 'create', 'New user account created: 22101222@slc-sflu.edu.ph with auto-generated password', NULL, '', '2025-10-02 09:36:20.005393', NULL);
INSERT INTO `audit_activitylog` (`id`, `action`, `message`, `ip_address`, `user_agent`, `created_at`, `user_id`) VALUES (157, 'create', 'New user registered: 22101222@slc-sflu.edu.ph with auto-generated password', '127.0.0.1', 'Mozilla/5.0 (Windows NT 10.0; Win64; x64) AppleWebKit/537.36 (KHTML, like Gecko) Chrome/140.0.0.0 Safari/537.36', '2025-10-02 09:36:20.029520', 1);
INSERT INTO `audit_activitylog` (`id`, `action`, `message`, `ip_address`, `user_agent`, `created_at`, `user_id`) VALUES (158, 'create', 'New user account created: 22101222@slc-sflu.edu.ph with auto-generated password', NULL, '', '2025-10-02 12:28:22.372313', NULL);
INSERT INTO `audit_activitylog` (`id`, `action`, `message`, `ip_address`, `user_agent`, `created_at`, `user_id`) VALUES (159, 'create', 'New user registered: 22101222@slc-sflu.edu.ph with auto-generated password', '127.0.0.1', 'Mozilla/5.0 (Windows NT 10.0; Win64; x64) AppleWebKit/537.36 (KHTML, like Gecko) Chrome/140.0.0.0 Safari/537.36', '2025-10-02 12:28:22.436798', 1);
INSERT INTO `audit_activitylog` (`id`, `action`, `message`, `ip_address`, `user_agent`, `created_at`, `user_id`) VALUES (160, 'create', 'New user account created: 22101222@slc-sflu.edu.ph with auto-generated password', NULL, '', '2025-10-02 12:41:31.994234', NULL);
INSERT INTO `audit_activitylog` (`id`, `action`, `message`, `ip_address`, `user_agent`, `created_at`, `user_id`) VALUES (161, 'create', 'New user registered: 22101222@slc-sflu.edu.ph with auto-generated password', '127.0.0.1', 'Mozilla/5.0 (Windows NT 10.0; Win64; x64) AppleWebKit/537.36 (KHTML, like Gecko) Chrome/140.0.0.0 Safari/537.36', '2025-10-02 12:41:32.014782', 1);
INSERT INTO `audit_activitylog` (`id`, `action`, `message`, `ip_address`, `user_agent`, `created_at`, `user_id`) VALUES (162, 'create', 'New user account created: 22101222@slc-sflu.edu.ph with auto-generated password', NULL, '', '2025-10-02 13:12:13.504848', NULL);
INSERT INTO `audit_activitylog` (`id`, `action`, `message`, `ip_address`, `user_agent`, `created_at`, `user_id`) VALUES (163, 'create', 'New user registered: 22101222@slc-sflu.edu.ph with auto-generated password', '127.0.0.1', 'Mozilla/5.0 (Windows NT 10.0; Win64; x64) AppleWebKit/537.36 (KHTML, like Gecko) Chrome/140.0.0.0 Safari/537.36', '2025-10-02 13:12:13.782389', 1);
INSERT INTO `audit_activitylog` (`id`, `action`, `message`, `ip_address`, `user_agent`, `created_at`, `user_id`) VALUES (164, 'update', 'User account updated: 22101222@slc-sflu.edu.ph', NULL, '', '2025-10-02 13:14:45.046866', NULL);
INSERT INTO `audit_activitylog` (`id`, `action`, `message`, `ip_address`, `user_agent`, `created_at`, `user_id`) VALUES (165, 'update', 'Password reset via OTP for 22101222@slc-sflu.edu.ph', '127.0.0.1', 'Mozilla/5.0 (Windows NT 10.0; Win64; x64) AppleWebKit/537.36 (KHTML, like Gecko) Chrome/140.0.0.0 Safari/537.36', '2025-10-02 13:14:45.050258', NULL);
INSERT INTO `audit_activitylog` (`id`, `action`, `message`, `ip_address`, `user_agent`, `created_at`, `user_id`) VALUES (166, 'create', 'New user account created: 22101222@slc-sflu.edu.ph with auto-generated password', NULL, '', '2025-10-02 13:29:12.819923', 20);
INSERT INTO `audit_activitylog` (`id`, `action`, `message`, `ip_address`, `user_agent`, `created_at`, `user_id`) VALUES (167, 'create', 'New user registered: 22101222@slc-sflu.edu.ph with auto-generated password', '127.0.0.1', 'Mozilla/5.0 (Windows NT 10.0; Win64; x64) AppleWebKit/537.36 (KHTML, like Gecko) Chrome/140.0.0.0 Safari/537.36', '2025-10-02 13:29:12.824614', 1);
INSERT INTO `audit_activitylog` (`id`, `action`, `message`, `ip_address`, `user_agent`, `created_at`, `user_id`) VALUES (168, 'update', 'User account updated: admin@example.com', NULL, '', '2025-10-03 00:23:53.875295', 1);
INSERT INTO `audit_activitylog` (`id`, `action`, `message`, `ip_address`, `user_agent`, `created_at`, `user_id`) VALUES (169, 'login', 'User admin@example.com logged in', '127.0.0.1', 'Mozilla/5.0 (Windows NT 10.0; Win64; x64) AppleWebKit/537.36 (KHTML, like Gecko) Chrome/140.0.0.0 Safari/537.36', '2025-10-03 00:23:53.877291', 1);
INSERT INTO `audit_activitylog` (`id`, `action`, `message`, `ip_address`, `user_agent`, `created_at`, `user_id`) VALUES (170, 'update', 'User account updated: 22101222@slc-sflu.edu.ph', NULL, '', '2025-10-03 00:25:59.374601', 20);
INSERT INTO `audit_activitylog` (`id`, `action`, `message`, `ip_address`, `user_agent`, `created_at`, `user_id`) VALUES (171, 'update', 'Password reset via OTP for 22101222@slc-sflu.edu.ph', '127.0.0.1', 'Mozilla/5.0 (Windows NT 10.0; Win64; x64) AppleWebKit/537.36 (KHTML, like Gecko) Chrome/140.0.0.0 Safari/537.36', '2025-10-03 00:25:59.406536', 20);
INSERT INTO `audit_activitylog` (`id`, `action`, `message`, `ip_address`, `user_agent`, `created_at`, `user_id`) VALUES (172, 'create', 'New user account created: echo.010104@gmail.com with auto-generated password', NULL, '', '2025-10-03 00:28:36.392663', 21);
INSERT INTO `audit_activitylog` (`id`, `action`, `message`, `ip_address`, `user_agent`, `created_at`, `user_id`) VALUES (173, 'create', 'New user registered: echo.010104@gmail.com with auto-generated password', '127.0.0.1', 'Mozilla/5.0 (Windows NT 10.0; Win64; x64) AppleWebKit/537.36 (KHTML, like Gecko) Chrome/140.0.0.0 Safari/537.36', '2025-10-03 00:28:39.293581', 1);
INSERT INTO `audit_activitylog` (`id`, `action`, `message`, `ip_address`, `user_agent`, `created_at`, `user_id`) VALUES (174, 'create', 'New user account created: jerichourbano.01.01.04@gmail.com with auto-generated password', NULL, '', '2025-10-03 00:29:12.682005', 22);
INSERT INTO `audit_activitylog` (`id`, `action`, `message`, `ip_address`, `user_agent`, `created_at`, `user_id`) VALUES (175, 'create', 'New user registered: jerichourbano.01.01.04@gmail.com with auto-generated password', '127.0.0.1', 'Mozilla/5.0 (Windows NT 10.0; Win64; x64) AppleWebKit/537.36 (KHTML, like Gecko) Chrome/140.0.0.0 Safari/537.36', '2025-10-03 00:29:15.552538', 1);
INSERT INTO `audit_activitylog` (`id`, `action`, `message`, `ip_address`, `user_agent`, `created_at`, `user_id`) VALUES (176, 'update', 'User account updated: jerichourbano.01.01.04@gmail.com', NULL, '', '2025-10-03 00:30:35.773536', 22);
INSERT INTO `audit_activitylog` (`id`, `action`, `message`, `ip_address`, `user_agent`, `created_at`, `user_id`) VALUES (177, 'update', 'User account updated: jerichourbano.01.01.04@gmail.com', NULL, '', '2025-10-03 00:30:54.353446', 22);
INSERT INTO `audit_activitylog` (`id`, `action`, `message`, `ip_address`, `user_agent`, `created_at`, `user_id`) VALUES (178, 'update', 'First-time password set for jerichourbano.01.01.04@gmail.com', '127.0.0.1', 'Mozilla/5.0 (Windows NT 10.0; Win64; x64) AppleWebKit/537.36 (KHTML, like Gecko) Chrome/140.0.0.0 Safari/537.36', '2025-10-03 00:30:54.355775', 22);
INSERT INTO `audit_activitylog` (`id`, `action`, `message`, `ip_address`, `user_agent`, `created_at`, `user_id`) VALUES (179, 'update', 'User account updated: echo.010104@gmail.com', NULL, '', '2025-10-03 00:32:29.497545', 21);
INSERT INTO `audit_activitylog` (`id`, `action`, `message`, `ip_address`, `user_agent`, `created_at`, `user_id`) VALUES (180, 'update', 'User account updated: echo.010104@gmail.com', NULL, '', '2025-10-03 00:32:46.447828', 21);
INSERT INTO `audit_activitylog` (`id`, `action`, `message`, `ip_address`, `user_agent`, `created_at`, `user_id`) VALUES (181, 'update', 'First-time password set for echo.010104@gmail.com', '127.0.0.1', 'Mozilla/5.0 (Windows NT 10.0; Win64; x64) AppleWebKit/537.36 (KHTML, like Gecko) Chrome/140.0.0.0 Safari/537.36', '2025-10-03 00:32:46.450049', 21);
INSERT INTO `audit_activitylog` (`id`, `action`, `message`, `ip_address`, `user_agent`, `created_at`, `user_id`) VALUES (182, 'create', 'Inspection created for establishment BALAI with section PD-1586', NULL, '', '2025-10-03 00:34:26.633848', 20);
INSERT INTO `audit_activitylog` (`id`, `action`, `message`, `ip_address`, `user_agent`, `created_at`, `user_id`) VALUES (183, 'create', 'Inspection created for establishment BALAI with section PD-1586', NULL, '', '2025-10-03 00:49:39.089923', 20);
INSERT INTO `audit_activitylog` (`id`, `action`, `message`, `ip_address`, `user_agent`, `created_at`, `user_id`) VALUES (184, 'assign', 'Law PD-1586 assigned to echo.010104@gmail.com for inspection EIA-2025-0002', NULL, '', '2025-10-03 00:49:43.506493', 21);
INSERT INTO `audit_activitylog` (`id`, `action`, `message`, `ip_address`, `user_agent`, `created_at`, `user_id`) VALUES (185, 'assign', 'Law RA-8749 assigned to echo.010104@gmail.com for inspection EIA-2025-0002', NULL, '', '2025-10-03 00:49:46.355313', 21);
INSERT INTO `audit_activitylog` (`id`, `action`, `message`, `ip_address`, `user_agent`, `created_at`, `user_id`) VALUES (186, 'assign', 'Law RA-9275 assigned to echo.010104@gmail.com for inspection EIA-2025-0002', NULL, '', '2025-10-03 00:49:49.201163', 21);
INSERT INTO `audit_activitylog` (`id`, `action`, `message`, `ip_address`, `user_agent`, `created_at`, `user_id`) VALUES (187, 'create', 'Inspection created for establishment SAINT LOUIS COLLEGE with section PD-1586', NULL, '', '2025-10-03 01:04:52.877772', 20);
INSERT INTO `audit_activitylog` (`id`, `action`, `message`, `ip_address`, `user_agent`, `created_at`, `user_id`) VALUES (188, 'assign', 'Law PD-1586 assigned to echo.010104@gmail.com for inspection EIA-2025-0003', NULL, '', '2025-10-03 01:05:04.321586', 21);
INSERT INTO `audit_activitylog` (`id`, `action`, `message`, `ip_address`, `user_agent`, `created_at`, `user_id`) VALUES (189, 'assign', 'Law RA-8749 assigned to echo.010104@gmail.com for inspection EIA-2025-0003', NULL, '', '2025-10-03 01:05:10.091150', 21);
INSERT INTO `audit_activitylog` (`id`, `action`, `message`, `ip_address`, `user_agent`, `created_at`, `user_id`) VALUES (190, 'assign', 'Law RA-9275 assigned to echo.010104@gmail.com for inspection EIA-2025-0003', NULL, '', '2025-10-03 01:05:16.660780', 21);
INSERT INTO `audit_activitylog` (`id`, `action`, `message`, `ip_address`, `user_agent`, `created_at`, `user_id`) VALUES (191, 'create', 'Inspection created for establishment SAINT LOUIS COLLEGE with section PD-1586', NULL, '', '2025-10-03 02:24:16.627511', 20);
INSERT INTO `audit_activitylog` (`id`, `action`, `message`, `ip_address`, `user_agent`, `created_at`, `user_id`) VALUES (192, 'assign', 'Law PD-1586 assigned to echo.010104@gmail.com for inspection EIA-2025-0004', NULL, '', '2025-10-03 02:24:21.113946', 21);
INSERT INTO `audit_activitylog` (`id`, `action`, `message`, `ip_address`, `user_agent`, `created_at`, `user_id`) VALUES (193, 'assign', 'Law RA-8749 assigned to echo.010104@gmail.com for inspection EIA-2025-0004', NULL, '', '2025-10-03 02:24:23.985413', 21);
INSERT INTO `audit_activitylog` (`id`, `action`, `message`, `ip_address`, `user_agent`, `created_at`, `user_id`) VALUES (194, 'assign', 'Law RA-9275 assigned to echo.010104@gmail.com for inspection EIA-2025-0004', NULL, '', '2025-10-03 02:24:27.007078', 21);
INSERT INTO `audit_activitylog` (`id`, `action`, `message`, `ip_address`, `user_agent`, `created_at`, `user_id`) VALUES (195, 'create', 'Inspection created for establishment SAINT LOUIS COLLEGE with section RA-8749', NULL, '', '2025-10-03 02:27:32.410458', 20);
INSERT INTO `audit_activitylog` (`id`, `action`, `message`, `ip_address`, `user_agent`, `created_at`, `user_id`) VALUES (196, 'assign', 'Law PD-1586 assigned to echo.010104@gmail.com for inspection AIR-2025-0001', NULL, '', '2025-10-03 02:27:35.820487', 21);
INSERT INTO `audit_activitylog` (`id`, `action`, `message`, `ip_address`, `user_agent`, `created_at`, `user_id`) VALUES (197, 'assign', 'Law RA-8749 assigned to echo.010104@gmail.com for inspection AIR-2025-0001', NULL, '', '2025-10-03 02:27:38.818212', 21);
INSERT INTO `audit_activitylog` (`id`, `action`, `message`, `ip_address`, `user_agent`, `created_at`, `user_id`) VALUES (198, 'assign', 'Law RA-9275 assigned to echo.010104@gmail.com for inspection AIR-2025-0001', NULL, '', '2025-10-03 02:27:41.668071', 21);
INSERT INTO `audit_activitylog` (`id`, `action`, `message`, `ip_address`, `user_agent`, `created_at`, `user_id`) VALUES (199, 'create', 'Inspection created for establishment SAINT LOUIS COLLEGE with section RA-6969', NULL, '', '2025-10-03 02:28:00.141583', 20);
INSERT INTO `audit_activitylog` (`id`, `action`, `message`, `ip_address`, `user_agent`, `created_at`, `user_id`) VALUES (200, 'create', 'Inspection created for establishment JOLLIBEE with section RA-6969', NULL, '', '2025-10-03 02:30:32.398184', 20);
INSERT INTO `audit_activitylog` (`id`, `action`, `message`, `ip_address`, `user_agent`, `created_at`, `user_id`) VALUES (201, 'create', 'Inspection created for establishment JOLLIBEE with section RA-6969', NULL, '', '2025-10-03 02:44:40.042268', 20);
INSERT INTO `audit_activitylog` (`id`, `action`, `message`, `ip_address`, `user_agent`, `created_at`, `user_id`) VALUES (202, 'create', 'Inspection created for establishment BALAI with section RA-6969', NULL, '', '2025-10-03 02:44:40.474266', 20);
INSERT INTO `audit_activitylog` (`id`, `action`, `message`, `ip_address`, `user_agent`, `created_at`, `user_id`) VALUES (203, 'create', 'Inspection created for establishment SAINT LOUIS COLLEGE with section RA-8749', NULL, '', '2025-10-03 02:45:31.809730', 20);
INSERT INTO `audit_activitylog` (`id`, `action`, `message`, `ip_address`, `user_agent`, `created_at`, `user_id`) VALUES (204, 'assign', 'Law PD-1586 assigned to echo.010104@gmail.com for inspection AIR-2025-0002', NULL, '', '2025-10-03 02:45:36.580589', 21);
INSERT INTO `audit_activitylog` (`id`, `action`, `message`, `ip_address`, `user_agent`, `created_at`, `user_id`) VALUES (205, 'assign', 'Law RA-8749 assigned to echo.010104@gmail.com for inspection AIR-2025-0002', NULL, '', '2025-10-03 02:45:39.523970', 21);
INSERT INTO `audit_activitylog` (`id`, `action`, `message`, `ip_address`, `user_agent`, `created_at`, `user_id`) VALUES (206, 'assign', 'Law RA-9275 assigned to echo.010104@gmail.com for inspection AIR-2025-0002', NULL, '', '2025-10-03 02:45:42.592168', 21);
INSERT INTO `audit_activitylog` (`id`, `action`, `message`, `ip_address`, `user_agent`, `created_at`, `user_id`) VALUES (207, 'create', 'Created establishment: FDHFDD', NULL, '', '2025-10-03 03:32:40.080317', NULL);
INSERT INTO `audit_activitylog` (`id`, `action`, `message`, `ip_address`, `user_agent`, `created_at`, `user_id`) VALUES (208, 'update', 'Updated establishment: FDHFDD', NULL, '', '2025-10-03 03:32:40.142766', 20);
INSERT INTO `audit_activitylog` (`id`, `action`, `message`, `ip_address`, `user_agent`, `created_at`, `user_id`) VALUES (209, 'create', 'Inspection created for establishment FDHFDD with section PD-1586', NULL, '', '2025-10-03 03:33:07.721117', 20);
INSERT INTO `audit_activitylog` (`id`, `action`, `message`, `ip_address`, `user_agent`, `created_at`, `user_id`) VALUES (210, 'assign', 'Law PD-1586 assigned to echo.010104@gmail.com for inspection EIA-2025-0005', NULL, '', '2025-10-03 03:33:12.543204', 21);
INSERT INTO `audit_activitylog` (`id`, `action`, `message`, `ip_address`, `user_agent`, `created_at`, `user_id`) VALUES (211, 'assign', 'Law RA-8749 assigned to echo.010104@gmail.com for inspection EIA-2025-0005', NULL, '', '2025-10-03 03:33:17.415914', 21);
INSERT INTO `audit_activitylog` (`id`, `action`, `message`, `ip_address`, `user_agent`, `created_at`, `user_id`) VALUES (212, 'assign', 'Law RA-9275 assigned to echo.010104@gmail.com for inspection EIA-2025-0005', NULL, '', '2025-10-03 03:33:21.807244', 21);
INSERT INTO `audit_activitylog` (`id`, `action`, `message`, `ip_address`, `user_agent`, `created_at`, `user_id`) VALUES (213, 'update', 'User account updated: jerichourbano.01.01.04@gmail.com', NULL, '', '2025-10-03 12:18:20.533238', 22);
INSERT INTO `audit_activitylog` (`id`, `action`, `message`, `ip_address`, `user_agent`, `created_at`, `user_id`) VALUES (214, 'update', 'Updated user: jerichourbano.01.01.04@gmail.com', '127.0.0.1', 'Mozilla/5.0 (Windows NT 10.0; Win64; x64) AppleWebKit/537.36 (KHTML, like Gecko) Chrome/140.0.0.0 Safari/537.36', '2025-10-03 12:18:20.544871', 1);
INSERT INTO `audit_activitylog` (`id`, `action`, `message`, `ip_address`, `user_agent`, `created_at`, `user_id`) VALUES (215, 'update', 'User account updated: jerichourbano.01.01.04@gmail.com', NULL, '', '2025-10-03 12:19:34.634143', 22);
INSERT INTO `audit_activitylog` (`id`, `action`, `message`, `ip_address`, `user_agent`, `created_at`, `user_id`) VALUES (216, 'update', 'Assigned district La Union - 2nd District to jerichourbano.01.01.04@gmail.com', '127.0.0.1', 'Mozilla/5.0 (Windows NT 10.0; Win64; x64) AppleWebKit/537.36 (KHTML, like Gecko) Chrome/140.0.0.0 Safari/537.36', '2025-10-03 12:19:34.637003', 20);
INSERT INTO `audit_activitylog` (`id`, `action`, `message`, `ip_address`, `user_agent`, `created_at`, `user_id`) VALUES (217, 'update', 'User account updated: jerichourbano.01.01.04@gmail.com', NULL, '', '2025-10-03 12:19:50.217703', 22);
INSERT INTO `audit_activitylog` (`id`, `action`, `message`, `ip_address`, `user_agent`, `created_at`, `user_id`) VALUES (218, 'update', 'Assigned district La Union - 3rd District to jerichourbano.01.01.04@gmail.com', '127.0.0.1', 'Mozilla/5.0 (Windows NT 10.0; Win64; x64) AppleWebKit/537.36 (KHTML, like Gecko) Chrome/140.0.0.0 Safari/537.36', '2025-10-03 12:19:50.220493', 20);
INSERT INTO `audit_activitylog` (`id`, `action`, `message`, `ip_address`, `user_agent`, `created_at`, `user_id`) VALUES (219, 'update', 'User account updated: jerichourbano.01.01.04@gmail.com', NULL, '', '2025-10-03 12:21:53.236839', 22);
INSERT INTO `audit_activitylog` (`id`, `action`, `message`, `ip_address`, `user_agent`, `created_at`, `user_id`) VALUES (220, 'update', 'Assigned district La Union - 3rd District to jerichourbano.01.01.04@gmail.com', '127.0.0.1', 'Mozilla/5.0 (Windows NT 10.0; Win64; x64) AppleWebKit/537.36 (KHTML, like Gecko) Chrome/140.0.0.0 Safari/537.36', '2025-10-03 12:21:53.239788', 20);
INSERT INTO `audit_activitylog` (`id`, `action`, `message`, `ip_address`, `user_agent`, `created_at`, `user_id`) VALUES (221, 'create', 'Inspection created for establishment JOLLIBEE with section PD-1586', NULL, '', '2025-10-03 13:20:02.751111', 20);
INSERT INTO `audit_activitylog` (`id`, `action`, `message`, `ip_address`, `user_agent`, `created_at`, `user_id`) VALUES (222, 'assign', 'Law PD-1586 assigned to echo.010104@gmail.com for inspection EIA-2025-0006', NULL, '', '2025-10-03 13:20:06.079835', 21);
INSERT INTO `audit_activitylog` (`id`, `action`, `message`, `ip_address`, `user_agent`, `created_at`, `user_id`) VALUES (223, 'assign', 'Law RA-8749 assigned to echo.010104@gmail.com for inspection EIA-2025-0006', NULL, '', '2025-10-03 13:20:08.824173', 21);
INSERT INTO `audit_activitylog` (`id`, `action`, `message`, `ip_address`, `user_agent`, `created_at`, `user_id`) VALUES (224, 'assign', 'Law RA-9275 assigned to echo.010104@gmail.com for inspection EIA-2025-0006', NULL, '', '2025-10-03 13:20:11.507207', 21);
INSERT INTO `audit_activitylog` (`id`, `action`, `message`, `ip_address`, `user_agent`, `created_at`, `user_id`) VALUES (225, 'update', 'User account updated: jerichourbano.01.01.04@gmail.com', NULL, '', '2025-10-03 13:24:22.969892', 22);
INSERT INTO `audit_activitylog` (`id`, `action`, `message`, `ip_address`, `user_agent`, `created_at`, `user_id`) VALUES (226, 'update', 'Updated user: jerichourbano.01.01.04@gmail.com', '127.0.0.1', 'Mozilla/5.0 (Windows NT 10.0; Win64; x64) AppleWebKit/537.36 (KHTML, like Gecko) Chrome/140.0.0.0 Safari/537.36', '2025-10-03 13:24:23.311862', 1);
INSERT INTO `audit_activitylog` (`id`, `action`, `message`, `ip_address`, `user_agent`, `created_at`, `user_id`) VALUES (227, 'create', 'Inspection created for establishment JOLLIBEE with section PD-1586', NULL, '', '2025-10-03 13:33:08.095158', 1);
INSERT INTO `audit_activitylog` (`id`, `action`, `message`, `ip_address`, `user_agent`, `created_at`, `user_id`) VALUES (228, 'create', 'Inspection created for establishment JOLLIBEE with section PD-1586', NULL, '', '2025-10-03 13:33:52.437873', 20);
INSERT INTO `audit_activitylog` (`id`, `action`, `message`, `ip_address`, `user_agent`, `created_at`, `user_id`) VALUES (229, 'assign', 'Law PD-1586 assigned to echo.010104@gmail.com for inspection EIA-2025-0001', NULL, '', '2025-10-03 13:33:55.332421', 21);
INSERT INTO `audit_activitylog` (`id`, `action`, `message`, `ip_address`, `user_agent`, `created_at`, `user_id`) VALUES (230, 'create', 'Inspection created for establishment JOLLIBEE with section PD-1586', NULL, '', '2025-10-03 13:33:57.368356', 20);
INSERT INTO `audit_activitylog` (`id`, `action`, `message`, `ip_address`, `user_agent`, `created_at`, `user_id`) VALUES (231, 'assign', 'Law RA-8749 assigned to echo.010104@gmail.com for inspection EIA-2025-0001', NULL, '', '2025-10-03 13:33:58.171405', 21);
INSERT INTO `audit_activitylog` (`id`, `action`, `message`, `ip_address`, `user_agent`, `created_at`, `user_id`) VALUES (232, 'assign', 'Law PD-1586 assigned to echo.010104@gmail.com for inspection EIA-2025-0002', NULL, '', '2025-10-03 13:34:00.280391', 21);
INSERT INTO `audit_activitylog` (`id`, `action`, `message`, `ip_address`, `user_agent`, `created_at`, `user_id`) VALUES (233, 'assign', 'Law RA-9275 assigned to echo.010104@gmail.com for inspection EIA-2025-0001', NULL, '', '2025-10-03 13:34:01.301378', 21);
INSERT INTO `audit_activitylog` (`id`, `action`, `message`, `ip_address`, `user_agent`, `created_at`, `user_id`) VALUES (234, 'assign', 'Law RA-8749 assigned to echo.010104@gmail.com for inspection EIA-2025-0002', NULL, '', '2025-10-03 13:34:03.106859', 21);
INSERT INTO `audit_activitylog` (`id`, `action`, `message`, `ip_address`, `user_agent`, `created_at`, `user_id`) VALUES (235, 'assign', 'Law RA-9275 assigned to echo.010104@gmail.com for inspection EIA-2025-0002', NULL, '', '2025-10-03 13:34:06.160849', 21);
INSERT INTO `audit_activitylog` (`id`, `action`, `message`, `ip_address`, `user_agent`, `created_at`, `user_id`) VALUES (236, 'create', 'Inspection created for establishment JOLLIBEE with section PD-1586', NULL, '', '2025-10-03 14:32:40.815924', 20);
INSERT INTO `audit_activitylog` (`id`, `action`, `message`, `ip_address`, `user_agent`, `created_at`, `user_id`) VALUES (237, 'assign', 'Law PD-1586 assigned to echo.010104@gmail.com for inspection EIA-2025-0001', NULL, '', '2025-10-03 14:32:44.537912', 21);
INSERT INTO `audit_activitylog` (`id`, `action`, `message`, `ip_address`, `user_agent`, `created_at`, `user_id`) VALUES (238, 'assign', 'Law RA-8749 assigned to echo.010104@gmail.com for inspection EIA-2025-0001', NULL, '', '2025-10-03 14:32:47.641962', 21);
INSERT INTO `audit_activitylog` (`id`, `action`, `message`, `ip_address`, `user_agent`, `created_at`, `user_id`) VALUES (239, 'assign', 'Law RA-9275 assigned to echo.010104@gmail.com for inspection EIA-2025-0001', NULL, '', '2025-10-03 14:32:50.565841', 21);
INSERT INTO `audit_activitylog` (`id`, `action`, `message`, `ip_address`, `user_agent`, `created_at`, `user_id`) VALUES (240, 'create', 'Inspection created for establishment BALAI with section RA-9275', NULL, '', '2025-10-03 15:06:19.747334', 20);
INSERT INTO `audit_activitylog` (`id`, `action`, `message`, `ip_address`, `user_agent`, `created_at`, `user_id`) VALUES (241, 'assign', 'Law PD-1586 assigned to echo.010104@gmail.com for inspection WATER-2025-0001', NULL, '', '2025-10-03 15:06:23.640479', 21);
INSERT INTO `audit_activitylog` (`id`, `action`, `message`, `ip_address`, `user_agent`, `created_at`, `user_id`) VALUES (242, 'assign', 'Law RA-8749 assigned to echo.010104@gmail.com for inspection WATER-2025-0001', NULL, '', '2025-10-03 15:06:26.960045', 21);
INSERT INTO `audit_activitylog` (`id`, `action`, `message`, `ip_address`, `user_agent`, `created_at`, `user_id`) VALUES (243, 'assign', 'Law RA-9275 assigned to echo.010104@gmail.com for inspection WATER-2025-0001', NULL, '', '2025-10-03 15:06:30.052627', 21);
INSERT INTO `audit_activitylog` (`id`, `action`, `message`, `ip_address`, `user_agent`, `created_at`, `user_id`) VALUES (244, 'create', 'Inspection created for establishment JOLLIBEE with section PD-1586', NULL, '', '2025-10-03 16:29:43.817976', 20);
INSERT INTO `audit_activitylog` (`id`, `action`, `message`, `ip_address`, `user_agent`, `created_at`, `user_id`) VALUES (245, 'assign', 'Law PD-1586 assigned to echo.010104@gmail.com for inspection EIA-2025-0002', NULL, '', '2025-10-03 16:29:47.455672', 21);
INSERT INTO `audit_activitylog` (`id`, `action`, `message`, `ip_address`, `user_agent`, `created_at`, `user_id`) VALUES (246, 'assign', 'Law RA-8749 assigned to echo.010104@gmail.com for inspection EIA-2025-0002', NULL, '', '2025-10-03 16:29:50.275097', 21);
INSERT INTO `audit_activitylog` (`id`, `action`, `message`, `ip_address`, `user_agent`, `created_at`, `user_id`) VALUES (247, 'assign', 'Law RA-9275 assigned to echo.010104@gmail.com for inspection EIA-2025-0002', NULL, '', '2025-10-03 16:29:53.079053', 21);
INSERT INTO `audit_activitylog` (`id`, `action`, `message`, `ip_address`, `user_agent`, `created_at`, `user_id`) VALUES (248, 'create', 'Inspection created for establishment BALAI with section RA-6969', NULL, '', '2025-10-04 05:33:03.524576', 1);

--
-- Table structure for table `auth_group`
--
DROP TABLE IF EXISTS `auth_group`;
CREATE TABLE `auth_group` (
  `id` int(11) NOT NULL AUTO_INCREMENT,
  `name` varchar(150) NOT NULL,
  PRIMARY KEY (`id`),
  UNIQUE KEY `name` (`name`)
) ENGINE=InnoDB DEFAULT CHARSET=utf8mb4 COLLATE=utf8mb4_general_ci;

--
-- Dumping data for table `auth_group`
--

--
-- Table structure for table `auth_group_permissions`
--
DROP TABLE IF EXISTS `auth_group_permissions`;
CREATE TABLE `auth_group_permissions` (
  `id` bigint(20) NOT NULL AUTO_INCREMENT,
  `group_id` int(11) NOT NULL,
  `permission_id` int(11) NOT NULL,
  PRIMARY KEY (`id`),
  UNIQUE KEY `auth_group_permissions_group_id_permission_id_0cd325b0_uniq` (`group_id`,`permission_id`),
  KEY `auth_group_permissio_permission_id_84c5c92e_fk_auth_perm` (`permission_id`),
  CONSTRAINT `auth_group_permissio_permission_id_84c5c92e_fk_auth_perm` FOREIGN KEY (`permission_id`) REFERENCES `auth_permission` (`id`),
  CONSTRAINT `auth_group_permissions_group_id_b120cbf9_fk_auth_group_id` FOREIGN KEY (`group_id`) REFERENCES `auth_group` (`id`)
) ENGINE=InnoDB DEFAULT CHARSET=utf8mb4 COLLATE=utf8mb4_general_ci;

--
-- Dumping data for table `auth_group_permissions`
--

--
-- Table structure for table `auth_permission`
--
DROP TABLE IF EXISTS `auth_permission`;
CREATE TABLE `auth_permission` (
  `id` int(11) NOT NULL AUTO_INCREMENT,
  `name` varchar(255) NOT NULL,
  `content_type_id` int(11) NOT NULL,
  `codename` varchar(100) NOT NULL,
  PRIMARY KEY (`id`),
  UNIQUE KEY `auth_permission_content_type_id_codename_01ab375a_uniq` (`content_type_id`,`codename`),
  CONSTRAINT `auth_permission_content_type_id_2f476e4b_fk_django_co` FOREIGN KEY (`content_type_id`) REFERENCES `django_content_type` (`id`)
) ENGINE=InnoDB AUTO_INCREMENT=85 DEFAULT CHARSET=utf8mb4 COLLATE=utf8mb4_general_ci;

--
-- Dumping data for table `auth_permission`
--
INSERT INTO `auth_permission` (`id`, `name`, `content_type_id`, `codename`) VALUES (1, 'Can add log entry', 1, 'add_logentry');
INSERT INTO `auth_permission` (`id`, `name`, `content_type_id`, `codename`) VALUES (2, 'Can change log entry', 1, 'change_logentry');
INSERT INTO `auth_permission` (`id`, `name`, `content_type_id`, `codename`) VALUES (3, 'Can delete log entry', 1, 'delete_logentry');
INSERT INTO `auth_permission` (`id`, `name`, `content_type_id`, `codename`) VALUES (4, 'Can view log entry', 1, 'view_logentry');
INSERT INTO `auth_permission` (`id`, `name`, `content_type_id`, `codename`) VALUES (5, 'Can add permission', 2, 'add_permission');
INSERT INTO `auth_permission` (`id`, `name`, `content_type_id`, `codename`) VALUES (6, 'Can change permission', 2, 'change_permission');
INSERT INTO `auth_permission` (`id`, `name`, `content_type_id`, `codename`) VALUES (7, 'Can delete permission', 2, 'delete_permission');
INSERT INTO `auth_permission` (`id`, `name`, `content_type_id`, `codename`) VALUES (8, 'Can view permission', 2, 'view_permission');
INSERT INTO `auth_permission` (`id`, `name`, `content_type_id`, `codename`) VALUES (9, 'Can add group', 3, 'add_group');
INSERT INTO `auth_permission` (`id`, `name`, `content_type_id`, `codename`) VALUES (10, 'Can change group', 3, 'change_group');
INSERT INTO `auth_permission` (`id`, `name`, `content_type_id`, `codename`) VALUES (11, 'Can delete group', 3, 'delete_group');
INSERT INTO `auth_permission` (`id`, `name`, `content_type_id`, `codename`) VALUES (12, 'Can view group', 3, 'view_group');
INSERT INTO `auth_permission` (`id`, `name`, `content_type_id`, `codename`) VALUES (13, 'Can add content type', 4, 'add_contenttype');
INSERT INTO `auth_permission` (`id`, `name`, `content_type_id`, `codename`) VALUES (14, 'Can change content type', 4, 'change_contenttype');
INSERT INTO `auth_permission` (`id`, `name`, `content_type_id`, `codename`) VALUES (15, 'Can delete content type', 4, 'delete_contenttype');
INSERT INTO `auth_permission` (`id`, `name`, `content_type_id`, `codename`) VALUES (16, 'Can view content type', 4, 'view_contenttype');
INSERT INTO `auth_permission` (`id`, `name`, `content_type_id`, `codename`) VALUES (17, 'Can add session', 5, 'add_session');
INSERT INTO `auth_permission` (`id`, `name`, `content_type_id`, `codename`) VALUES (18, 'Can change session', 5, 'change_session');
INSERT INTO `auth_permission` (`id`, `name`, `content_type_id`, `codename`) VALUES (19, 'Can delete session', 5, 'delete_session');
INSERT INTO `auth_permission` (`id`, `name`, `content_type_id`, `codename`) VALUES (20, 'Can view session', 5, 'view_session');
INSERT INTO `auth_permission` (`id`, `name`, `content_type_id`, `codename`) VALUES (21, 'Can add Blacklisted Token', 6, 'add_blacklistedtoken');
INSERT INTO `auth_permission` (`id`, `name`, `content_type_id`, `codename`) VALUES (22, 'Can change Blacklisted Token', 6, 'change_blacklistedtoken');
INSERT INTO `auth_permission` (`id`, `name`, `content_type_id`, `codename`) VALUES (23, 'Can delete Blacklisted Token', 6, 'delete_blacklistedtoken');
INSERT INTO `auth_permission` (`id`, `name`, `content_type_id`, `codename`) VALUES (24, 'Can view Blacklisted Token', 6, 'view_blacklistedtoken');
INSERT INTO `auth_permission` (`id`, `name`, `content_type_id`, `codename`) VALUES (25, 'Can add Outstanding Token', 7, 'add_outstandingtoken');
INSERT INTO `auth_permission` (`id`, `name`, `content_type_id`, `codename`) VALUES (26, 'Can change Outstanding Token', 7, 'change_outstandingtoken');
INSERT INTO `auth_permission` (`id`, `name`, `content_type_id`, `codename`) VALUES (27, 'Can delete Outstanding Token', 7, 'delete_outstandingtoken');
INSERT INTO `auth_permission` (`id`, `name`, `content_type_id`, `codename`) VALUES (28, 'Can view Outstanding Token', 7, 'view_outstandingtoken');
INSERT INTO `auth_permission` (`id`, `name`, `content_type_id`, `codename`) VALUES (29, 'Can add user', 8, 'add_user');
INSERT INTO `auth_permission` (`id`, `name`, `content_type_id`, `codename`) VALUES (30, 'Can change user', 8, 'change_user');
INSERT INTO `auth_permission` (`id`, `name`, `content_type_id`, `codename`) VALUES (31, 'Can delete user', 8, 'delete_user');
INSERT INTO `auth_permission` (`id`, `name`, `content_type_id`, `codename`) VALUES (32, 'Can view user', 8, 'view_user');
INSERT INTO `auth_permission` (`id`, `name`, `content_type_id`, `codename`) VALUES (33, 'Can add establishment', 9, 'add_establishment');
INSERT INTO `auth_permission` (`id`, `name`, `content_type_id`, `codename`) VALUES (34, 'Can change establishment', 9, 'change_establishment');
INSERT INTO `auth_permission` (`id`, `name`, `content_type_id`, `codename`) VALUES (35, 'Can delete establishment', 9, 'delete_establishment');
INSERT INTO `auth_permission` (`id`, `name`, `content_type_id`, `codename`) VALUES (36, 'Can view establishment', 9, 'view_establishment');
INSERT INTO `auth_permission` (`id`, `name`, `content_type_id`, `codename`) VALUES (37, 'Can add notification', 10, 'add_notification');
INSERT INTO `auth_permission` (`id`, `name`, `content_type_id`, `codename`) VALUES (38, 'Can change notification', 10, 'change_notification');
INSERT INTO `auth_permission` (`id`, `name`, `content_type_id`, `codename`) VALUES (39, 'Can delete notification', 10, 'delete_notification');
INSERT INTO `auth_permission` (`id`, `name`, `content_type_id`, `codename`) VALUES (40, 'Can view notification', 10, 'view_notification');
INSERT INTO `auth_permission` (`id`, `name`, `content_type_id`, `codename`) VALUES (41, 'Can add activity log', 11, 'add_activitylog');
INSERT INTO `auth_permission` (`id`, `name`, `content_type_id`, `codename`) VALUES (42, 'Can change activity log', 11, 'change_activitylog');
INSERT INTO `auth_permission` (`id`, `name`, `content_type_id`, `codename`) VALUES (43, 'Can delete activity log', 11, 'delete_activitylog');
INSERT INTO `auth_permission` (`id`, `name`, `content_type_id`, `codename`) VALUES (44, 'Can view activity log', 11, 'view_activitylog');
INSERT INTO `auth_permission` (`id`, `name`, `content_type_id`, `codename`) VALUES (45, 'Can add inspection', 12, 'add_inspection');
INSERT INTO `auth_permission` (`id`, `name`, `content_type_id`, `codename`) VALUES (46, 'Can change inspection', 12, 'change_inspection');
INSERT INTO `auth_permission` (`id`, `name`, `content_type_id`, `codename`) VALUES (47, 'Can delete inspection', 12, 'delete_inspection');
INSERT INTO `auth_permission` (`id`, `name`, `content_type_id`, `codename`) VALUES (48, 'Can view inspection', 12, 'view_inspection');
INSERT INTO `auth_permission` (`id`, `name`, `content_type_id`, `codename`) VALUES (49, 'Can add System Configuration', 13, 'add_systemconfiguration');
INSERT INTO `auth_permission` (`id`, `name`, `content_type_id`, `codename`) VALUES (50, 'Can change System Configuration', 13, 'change_systemconfiguration');
INSERT INTO `auth_permission` (`id`, `name`, `content_type_id`, `codename`) VALUES (51, 'Can delete System Configuration', 13, 'delete_systemconfiguration');
INSERT INTO `auth_permission` (`id`, `name`, `content_type_id`, `codename`) VALUES (52, 'Can view System Configuration', 13, 'view_systemconfiguration');
INSERT INTO `auth_permission` (`id`, `name`, `content_type_id`, `codename`) VALUES (53, 'Can add document', 14, 'add_document');
INSERT INTO `auth_permission` (`id`, `name`, `content_type_id`, `codename`) VALUES (54, 'Can change document', 14, 'change_document');
INSERT INTO `auth_permission` (`id`, `name`, `content_type_id`, `codename`) VALUES (55, 'Can delete document', 14, 'delete_document');
INSERT INTO `auth_permission` (`id`, `name`, `content_type_id`, `codename`) VALUES (56, 'Can view document', 14, 'view_document');
INSERT INTO `auth_permission` (`id`, `name`, `content_type_id`, `codename`) VALUES (57, 'Can add document status', 15, 'add_documentstatus');
INSERT INTO `auth_permission` (`id`, `name`, `content_type_id`, `codename`) VALUES (58, 'Can change document status', 15, 'change_documentstatus');
INSERT INTO `auth_permission` (`id`, `name`, `content_type_id`, `codename`) VALUES (59, 'Can delete document status', 15, 'delete_documentstatus');
INSERT INTO `auth_permission` (`id`, `name`, `content_type_id`, `codename`) VALUES (60, 'Can view document status', 15, 'view_documentstatus');
INSERT INTO `auth_permission` (`id`, `name`, `content_type_id`, `codename`) VALUES (61, 'Can add document type', 16, 'add_documenttype');
INSERT INTO `auth_permission` (`id`, `name`, `content_type_id`, `codename`) VALUES (62, 'Can change document type', 16, 'change_documenttype');
INSERT INTO `auth_permission` (`id`, `name`, `content_type_id`, `codename`) VALUES (63, 'Can delete document type', 16, 'delete_documenttype');
INSERT INTO `auth_permission` (`id`, `name`, `content_type_id`, `codename`) VALUES (64, 'Can view document type', 16, 'view_documenttype');
INSERT INTO `auth_permission` (`id`, `name`, `content_type_id`, `codename`) VALUES (65, 'Can add document template', 17, 'add_documenttemplate');
INSERT INTO `auth_permission` (`id`, `name`, `content_type_id`, `codename`) VALUES (66, 'Can change document template', 17, 'change_documenttemplate');
INSERT INTO `auth_permission` (`id`, `name`, `content_type_id`, `codename`) VALUES (67, 'Can delete document template', 17, 'delete_documenttemplate');
INSERT INTO `auth_permission` (`id`, `name`, `content_type_id`, `codename`) VALUES (68, 'Can view document template', 17, 'view_documenttemplate');
INSERT INTO `auth_permission` (`id`, `name`, `content_type_id`, `codename`) VALUES (69, 'Can add document attachment', 18, 'add_documentattachment');
INSERT INTO `auth_permission` (`id`, `name`, `content_type_id`, `codename`) VALUES (70, 'Can change document attachment', 18, 'change_documentattachment');
INSERT INTO `auth_permission` (`id`, `name`, `content_type_id`, `codename`) VALUES (71, 'Can delete document attachment', 18, 'delete_documentattachment');
INSERT INTO `auth_permission` (`id`, `name`, `content_type_id`, `codename`) VALUES (72, 'Can view document attachment', 18, 'view_documentattachment');
INSERT INTO `auth_permission` (`id`, `name`, `content_type_id`, `codename`) VALUES (73, 'Can add document workflow history', 19, 'add_documentworkflowhistory');
INSERT INTO `auth_permission` (`id`, `name`, `content_type_id`, `codename`) VALUES (74, 'Can change document workflow history', 19, 'change_documentworkflowhistory');
INSERT INTO `auth_permission` (`id`, `name`, `content_type_id`, `codename`) VALUES (75, 'Can delete document workflow history', 19, 'delete_documentworkflowhistory');
INSERT INTO `auth_permission` (`id`, `name`, `content_type_id`, `codename`) VALUES (76, 'Can view document workflow history', 19, 'view_documentworkflowhistory');
INSERT INTO `auth_permission` (`id`, `name`, `content_type_id`, `codename`) VALUES (77, 'Can add Inspection Workflow History', 20, 'add_inspectionworkflowhistory');
INSERT INTO `auth_permission` (`id`, `name`, `content_type_id`, `codename`) VALUES (78, 'Can change Inspection Workflow History', 20, 'change_inspectionworkflowhistory');
INSERT INTO `auth_permission` (`id`, `name`, `content_type_id`, `codename`) VALUES (79, 'Can delete Inspection Workflow History', 20, 'delete_inspectionworkflowhistory');
INSERT INTO `auth_permission` (`id`, `name`, `content_type_id`, `codename`) VALUES (80, 'Can view Inspection Workflow History', 20, 'view_inspectionworkflowhistory');
INSERT INTO `auth_permission` (`id`, `name`, `content_type_id`, `codename`) VALUES (81, 'Can add inspection law assignment', 21, 'add_inspectionlawassignment');
INSERT INTO `auth_permission` (`id`, `name`, `content_type_id`, `codename`) VALUES (82, 'Can change inspection law assignment', 21, 'change_inspectionlawassignment');
INSERT INTO `auth_permission` (`id`, `name`, `content_type_id`, `codename`) VALUES (83, 'Can delete inspection law assignment', 21, 'delete_inspectionlawassignment');
INSERT INTO `auth_permission` (`id`, `name`, `content_type_id`, `codename`) VALUES (84, 'Can view inspection law assignment', 21, 'view_inspectionlawassignment');

--
-- Table structure for table `django_admin_log`
--
DROP TABLE IF EXISTS `django_admin_log`;
CREATE TABLE `django_admin_log` (
  `id` int(11) NOT NULL AUTO_INCREMENT,
  `action_time` datetime(6) NOT NULL,
  `object_id` longtext DEFAULT NULL,
  `object_repr` varchar(200) NOT NULL,
  `action_flag` smallint(5) unsigned NOT NULL CHECK (`action_flag` >= 0),
  `change_message` longtext NOT NULL,
  `content_type_id` int(11) DEFAULT NULL,
  `user_id` bigint(20) NOT NULL,
  PRIMARY KEY (`id`),
  KEY `django_admin_log_content_type_id_c4bce8eb_fk_django_co` (`content_type_id`),
  KEY `django_admin_log_user_id_c564eba6_fk_users_user_id` (`user_id`),
  CONSTRAINT `django_admin_log_content_type_id_c4bce8eb_fk_django_co` FOREIGN KEY (`content_type_id`) REFERENCES `django_content_type` (`id`),
  CONSTRAINT `django_admin_log_user_id_c564eba6_fk_users_user_id` FOREIGN KEY (`user_id`) REFERENCES `users_user` (`id`)
) ENGINE=InnoDB AUTO_INCREMENT=23 DEFAULT CHARSET=utf8mb4 COLLATE=utf8mb4_general_ci;

--
-- Dumping data for table `django_admin_log`
--
INSERT INTO `django_admin_log` (`id`, `action_time`, `object_id`, `object_repr`, `action_flag`, `change_message`, `content_type_id`, `user_id`) VALUES (1, '2025-09-29 01:08:15.685000', '1', 'admin@example.com ()', 2, '[{"changed": {"fields": ["Is first login"]}}]', 8, 1);
INSERT INTO `django_admin_log` (`id`, `action_time`, `object_id`, `object_repr`, `action_flag`, `change_message`, `content_type_id`, `user_id`) VALUES (2, '2025-09-29 01:09:24.949000', '1', 'admin@example.com (Admin)', 2, '[{"changed": {"fields": ["First name", "Userlevel"]}}]', 8, 1);
INSERT INTO `django_admin_log` (`id`, `action_time`, `object_id`, `object_repr`, `action_flag`, `change_message`, `content_type_id`, `user_id`) VALUES (3, '2025-09-30 18:18:11.294000', '3', 'jerichourb.01.01.04@gmail.com (Unit Head)', 3, '', 8, 1);
INSERT INTO `django_admin_log` (`id`, `action_time`, `object_id`, `object_repr`, `action_flag`, `change_message`, `content_type_id`, `user_id`) VALUES (4, '2025-10-01 03:31:47.707000', '1', 'admin@example.com (Admin)', 2, '[{"changed": {"fields": ["First name"]}}]', 8, 1);
INSERT INTO `django_admin_log` (`id`, `action_time`, `object_id`, `object_repr`, `action_flag`, `change_message`, `content_type_id`, `user_id`) VALUES (5, '2025-10-01 09:22:47.184000', '2', '22101222@slc-sflu.edu.ph (Legal Unit)', 3, '', 8, 1);
INSERT INTO `django_admin_log` (`id`, `action_time`, `object_id`, `object_repr`, `action_flag`, `change_message`, `content_type_id`, `user_id`) VALUES (6, '2025-10-01 09:32:59.931000', '7', '22101222@slc-sflu.edu.ph (Legal Unit)', 3, '', 8, 1);
INSERT INTO `django_admin_log` (`id`, `action_time`, `object_id`, `object_repr`, `action_flag`, `change_message`, `content_type_id`, `user_id`) VALUES (7, '2025-10-01 15:51:26.781878', '8', '22101222@slc-sflu.edu.ph (Legal Unit)', 3, '', 8, 1);
INSERT INTO `django_admin_log` (`id`, `action_time`, `object_id`, `object_repr`, `action_flag`, `change_message`, `content_type_id`, `user_id`) VALUES (8, '2025-10-01 16:20:59.583106', '9', '22101222@slc-sflu.edu.ph (Division Chief)', 3, '', 8, 1);
INSERT INTO `django_admin_log` (`id`, `action_time`, `object_id`, `object_repr`, `action_flag`, `change_message`, `content_type_id`, `user_id`) VALUES (9, '2025-10-02 05:08:27.490125', '1', 'admin@example.com (Admin)', 2, '[{"changed": {"fields": ["Userlevel"]}}]', 8, 1);
INSERT INTO `django_admin_log` (`id`, `action_time`, `object_id`, `object_repr`, `action_flag`, `change_message`, `content_type_id`, `user_id`) VALUES (10, '2025-10-02 05:08:36.258064', '3', 'jerichourb.01.01.04@gmail.com (Monitoring Personnel)', 2, '[]', 8, 1);
INSERT INTO `django_admin_log` (`id`, `action_time`, `object_id`, `object_repr`, `action_flag`, `change_message`, `content_type_id`, `user_id`) VALUES (11, '2025-10-02 05:57:55.614613', '12', '22101222@slc-sflu.edu.ph (Division Chief)', 3, '', 8, 1);
INSERT INTO `django_admin_log` (`id`, `action_time`, `object_id`, `object_repr`, `action_flag`, `change_message`, `content_type_id`, `user_id`) VALUES (12, '2025-10-02 05:58:03.944052', '3', 'jerichourb.01.01.04@gmail.com (Monitoring Personnel)', 3, '', 8, 1);
INSERT INTO `django_admin_log` (`id`, `action_time`, `object_id`, `object_repr`, `action_flag`, `change_message`, `content_type_id`, `user_id`) VALUES (13, '2025-10-02 06:04:01.383613', '14', '22101222@slc-sflu.edu.ph (Division Chief)', 2, '[{"changed": {"fields": ["Password"]}}]', 8, 1);
INSERT INTO `django_admin_log` (`id`, `action_time`, `object_id`, `object_repr`, `action_flag`, `change_message`, `content_type_id`, `user_id`) VALUES (14, '2025-10-02 09:30:38.703579', '14', '22101222@slc-sflu.edu.ph (Division Chief)', 3, '', 8, 1);
INSERT INTO `django_admin_log` (`id`, `action_time`, `object_id`, `object_repr`, `action_flag`, `change_message`, `content_type_id`, `user_id`) VALUES (15, '2025-10-02 12:27:23.746923', '4', 'echo.010104@gmail.com (Section Chief)', 3, '', 8, 1);
INSERT INTO `django_admin_log` (`id`, `action_time`, `object_id`, `object_repr`, `action_flag`, `change_message`, `content_type_id`, `user_id`) VALUES (16, '2025-10-02 12:27:29.228314', '5', 'division@example.com (Division Chief)', 3, '', 8, 1);
INSERT INTO `django_admin_log` (`id`, `action_time`, `object_id`, `object_repr`, `action_flag`, `change_message`, `content_type_id`, `user_id`) VALUES (17, '2025-10-02 12:27:34.335688', '6', 'unithead@example.com (Monitoring Personnel)', 3, '', 8, 1);
INSERT INTO `django_admin_log` (`id`, `action_time`, `object_id`, `object_repr`, `action_flag`, `change_message`, `content_type_id`, `user_id`) VALUES (18, '2025-10-02 12:27:39.172885', '15', '22101024@slc-sflu.edu.ph (Section Chief)', 3, '', 8, 1);
INSERT INTO `django_admin_log` (`id`, `action_time`, `object_id`, `object_repr`, `action_flag`, `change_message`, `content_type_id`, `user_id`) VALUES (19, '2025-10-02 12:27:46.611509', '16', '22101222@slc-sflu.edu.ph (Division Chief)', 3, '', 8, 1);
INSERT INTO `django_admin_log` (`id`, `action_time`, `object_id`, `object_repr`, `action_flag`, `change_message`, `content_type_id`, `user_id`) VALUES (20, '2025-10-02 12:40:41.543257', '17', '22101222@slc-sflu.edu.ph (Division Chief)', 3, '', 8, 1);
INSERT INTO `django_admin_log` (`id`, `action_time`, `object_id`, `object_repr`, `action_flag`, `change_message`, `content_type_id`, `user_id`) VALUES (21, '2025-10-02 12:55:56.479845', '18', '22101222@slc-sflu.edu.ph (Division Chief)', 3, '', 8, 1);
INSERT INTO `django_admin_log` (`id`, `action_time`, `object_id`, `object_repr`, `action_flag`, `change_message`, `content_type_id`, `user_id`) VALUES (22, '2025-10-02 13:28:12.443120', '19', '22101222@slc-sflu.edu.ph (Division Chief)', 3, '', 8, 1);

--
-- Table structure for table `django_content_type`
--
DROP TABLE IF EXISTS `django_content_type`;
CREATE TABLE `django_content_type` (
  `id` int(11) NOT NULL AUTO_INCREMENT,
  `app_label` varchar(100) NOT NULL,
  `model` varchar(100) NOT NULL,
  PRIMARY KEY (`id`),
  UNIQUE KEY `django_content_type_app_label_model_76bd3d3b_uniq` (`app_label`,`model`)
) ENGINE=InnoDB AUTO_INCREMENT=22 DEFAULT CHARSET=utf8mb4 COLLATE=utf8mb4_general_ci;

--
-- Dumping data for table `django_content_type`
--
INSERT INTO `django_content_type` (`id`, `app_label`, `model`) VALUES (1, 'admin', 'logentry');
INSERT INTO `django_content_type` (`id`, `app_label`, `model`) VALUES (11, 'audit', 'activitylog');
INSERT INTO `django_content_type` (`id`, `app_label`, `model`) VALUES (3, 'auth', 'group');
INSERT INTO `django_content_type` (`id`, `app_label`, `model`) VALUES (2, 'auth', 'permission');
INSERT INTO `django_content_type` (`id`, `app_label`, `model`) VALUES (4, 'contenttypes', 'contenttype');
INSERT INTO `django_content_type` (`id`, `app_label`, `model`) VALUES (14, 'documents', 'document');
INSERT INTO `django_content_type` (`id`, `app_label`, `model`) VALUES (18, 'documents', 'documentattachment');
INSERT INTO `django_content_type` (`id`, `app_label`, `model`) VALUES (15, 'documents', 'documentstatus');
INSERT INTO `django_content_type` (`id`, `app_label`, `model`) VALUES (17, 'documents', 'documenttemplate');
INSERT INTO `django_content_type` (`id`, `app_label`, `model`) VALUES (16, 'documents', 'documenttype');
INSERT INTO `django_content_type` (`id`, `app_label`, `model`) VALUES (19, 'documents', 'documentworkflowhistory');
INSERT INTO `django_content_type` (`id`, `app_label`, `model`) VALUES (9, 'establishments', 'establishment');
INSERT INTO `django_content_type` (`id`, `app_label`, `model`) VALUES (12, 'inspections', 'inspection');
INSERT INTO `django_content_type` (`id`, `app_label`, `model`) VALUES (21, 'inspections', 'inspectionlawassignment');
INSERT INTO `django_content_type` (`id`, `app_label`, `model`) VALUES (20, 'inspections', 'inspectionworkflowhistory');
INSERT INTO `django_content_type` (`id`, `app_label`, `model`) VALUES (10, 'notifications', 'notification');
INSERT INTO `django_content_type` (`id`, `app_label`, `model`) VALUES (5, 'sessions', 'session');
INSERT INTO `django_content_type` (`id`, `app_label`, `model`) VALUES (13, 'system_config', 'systemconfiguration');
INSERT INTO `django_content_type` (`id`, `app_label`, `model`) VALUES (6, 'token_blacklist', 'blacklistedtoken');
INSERT INTO `django_content_type` (`id`, `app_label`, `model`) VALUES (7, 'token_blacklist', 'outstandingtoken');
INSERT INTO `django_content_type` (`id`, `app_label`, `model`) VALUES (8, 'users', 'user');

--
-- Table structure for table `django_migrations`
--
DROP TABLE IF EXISTS `django_migrations`;
CREATE TABLE `django_migrations` (
  `id` bigint(20) NOT NULL AUTO_INCREMENT,
  `app` varchar(255) NOT NULL,
  `name` varchar(255) NOT NULL,
  `applied` datetime(6) NOT NULL,
  PRIMARY KEY (`id`)
) ENGINE=InnoDB AUTO_INCREMENT=72 DEFAULT CHARSET=utf8mb4 COLLATE=utf8mb4_general_ci;

--
-- Dumping data for table `django_migrations`
--
INSERT INTO `django_migrations` (`id`, `app`, `name`, `applied`) VALUES (1, 'contenttypes', '0001_initial', '2025-09-29 01:05:46.720915');
INSERT INTO `django_migrations` (`id`, `app`, `name`, `applied`) VALUES (2, 'contenttypes', '0002_remove_content_type_name', '2025-09-29 01:05:46.806251');
INSERT INTO `django_migrations` (`id`, `app`, `name`, `applied`) VALUES (3, 'auth', '0001_initial', '2025-09-29 01:05:47.063480');
INSERT INTO `django_migrations` (`id`, `app`, `name`, `applied`) VALUES (4, 'auth', '0002_alter_permission_name_max_length', '2025-09-29 01:05:47.127171');
INSERT INTO `django_migrations` (`id`, `app`, `name`, `applied`) VALUES (5, 'auth', '0003_alter_user_email_max_length', '2025-09-29 01:05:47.133748');
INSERT INTO `django_migrations` (`id`, `app`, `name`, `applied`) VALUES (6, 'auth', '0004_alter_user_username_opts', '2025-09-29 01:05:47.148630');
INSERT INTO `django_migrations` (`id`, `app`, `name`, `applied`) VALUES (7, 'auth', '0005_alter_user_last_login_null', '2025-09-29 01:05:47.157738');
INSERT INTO `django_migrations` (`id`, `app`, `name`, `applied`) VALUES (8, 'auth', '0006_require_contenttypes_0002', '2025-09-29 01:05:47.160897');
INSERT INTO `django_migrations` (`id`, `app`, `name`, `applied`) VALUES (9, 'auth', '0007_alter_validators_add_error_messages', '2025-09-29 01:05:47.170324');
INSERT INTO `django_migrations` (`id`, `app`, `name`, `applied`) VALUES (10, 'auth', '0008_alter_user_username_max_length', '2025-09-29 01:05:47.194204');
INSERT INTO `django_migrations` (`id`, `app`, `name`, `applied`) VALUES (11, 'auth', '0009_alter_user_last_name_max_length', '2025-09-29 01:05:47.203815');
INSERT INTO `django_migrations` (`id`, `app`, `name`, `applied`) VALUES (12, 'auth', '0010_alter_group_name_max_length', '2025-09-29 01:05:47.223201');
INSERT INTO `django_migrations` (`id`, `app`, `name`, `applied`) VALUES (13, 'auth', '0011_update_proxy_permissions', '2025-09-29 01:05:47.232207');
INSERT INTO `django_migrations` (`id`, `app`, `name`, `applied`) VALUES (14, 'auth', '0012_alter_user_first_name_max_length', '2025-09-29 01:05:47.239891');
INSERT INTO `django_migrations` (`id`, `app`, `name`, `applied`) VALUES (15, 'users', '0001_initial', '2025-09-29 01:05:47.511814');
INSERT INTO `django_migrations` (`id`, `app`, `name`, `applied`) VALUES (16, 'admin', '0001_initial', '2025-09-29 01:05:47.637110');
INSERT INTO `django_migrations` (`id`, `app`, `name`, `applied`) VALUES (17, 'admin', '0002_logentry_remove_auto_add', '2025-09-29 01:05:47.654746');
INSERT INTO `django_migrations` (`id`, `app`, `name`, `applied`) VALUES (18, 'admin', '0003_logentry_add_action_flag_choices', '2025-09-29 01:05:47.675073');
INSERT INTO `django_migrations` (`id`, `app`, `name`, `applied`) VALUES (19, 'audit', '0001_initial', '2025-09-29 01:05:47.748727');
INSERT INTO `django_migrations` (`id`, `app`, `name`, `applied`) VALUES (20, 'audit', '0002_alter_activitylog_user_agent', '2025-09-29 01:05:47.809719');
INSERT INTO `django_migrations` (`id`, `app`, `name`, `applied`) VALUES (21, 'establishments', '0001_initial', '2025-09-29 01:05:47.826624');
INSERT INTO `django_migrations` (`id`, `app`, `name`, `applied`) VALUES (22, 'establishments', '0002_alter_establishment_name', '2025-09-29 01:05:47.850647');
INSERT INTO `django_migrations` (`id`, `app`, `name`, `applied`) VALUES (23, 'establishments', '0003_auto_20250913_1901', '2025-09-29 01:05:47.856094');
INSERT INTO `django_migrations` (`id`, `app`, `name`, `applied`) VALUES (24, 'inspections', '0001_initial', '2025-09-29 01:05:48.129465');
INSERT INTO `django_migrations` (`id`, `app`, `name`, `applied`) VALUES (25, 'inspections', '0002_inspection_code', '2025-09-29 01:05:48.199657');
INSERT INTO `django_migrations` (`id`, `app`, `name`, `applied`) VALUES (26, 'inspections', '0003_inspection_applicable_laws_and_more', '2025-09-29 01:05:48.533764');
INSERT INTO `django_migrations` (`id`, `app`, `name`, `applied`) VALUES (27, 'notifications', '0001_initial', '2025-09-29 01:05:48.666785');
INSERT INTO `django_migrations` (`id`, `app`, `name`, `applied`) VALUES (28, 'sessions', '0001_initial', '2025-09-29 01:05:48.703564');
INSERT INTO `django_migrations` (`id`, `app`, `name`, `applied`) VALUES (29, 'system_config', '0001_initial', '2025-09-29 01:05:48.723502');
INSERT INTO `django_migrations` (`id`, `app`, `name`, `applied`) VALUES (30, 'token_blacklist', '0001_initial', '2025-09-29 01:05:48.912842');
INSERT INTO `django_migrations` (`id`, `app`, `name`, `applied`) VALUES (31, 'token_blacklist', '0002_outstandingtoken_jti_hex', '2025-09-29 01:05:48.936151');
INSERT INTO `django_migrations` (`id`, `app`, `name`, `applied`) VALUES (32, 'token_blacklist', '0003_auto_20171017_2007', '2025-09-29 01:05:48.967559');
INSERT INTO `django_migrations` (`id`, `app`, `name`, `applied`) VALUES (33, 'token_blacklist', '0004_auto_20171017_2013', '2025-09-29 01:05:49.060822');
INSERT INTO `django_migrations` (`id`, `app`, `name`, `applied`) VALUES (34, 'token_blacklist', '0005_remove_outstandingtoken_jti', '2025-09-29 01:05:49.087425');
INSERT INTO `django_migrations` (`id`, `app`, `name`, `applied`) VALUES (35, 'token_blacklist', '0006_auto_20171017_2113', '2025-09-29 01:05:49.112025');
INSERT INTO `django_migrations` (`id`, `app`, `name`, `applied`) VALUES (36, 'token_blacklist', '0007_auto_20171017_2214', '2025-09-29 01:05:49.627032');
INSERT INTO `django_migrations` (`id`, `app`, `name`, `applied`) VALUES (37, 'token_blacklist', '0008_migrate_to_bigautofield', '2025-09-29 01:05:49.984205');
INSERT INTO `django_migrations` (`id`, `app`, `name`, `applied`) VALUES (38, 'token_blacklist', '0010_fix_migrate_to_bigautofield', '2025-09-29 01:05:50.009395');
INSERT INTO `django_migrations` (`id`, `app`, `name`, `applied`) VALUES (39, 'token_blacklist', '0011_linearizes_history', '2025-09-29 01:05:50.020328');
INSERT INTO `django_migrations` (`id`, `app`, `name`, `applied`) VALUES (40, 'token_blacklist', '0012_alter_outstandingtoken_user', '2025-09-29 01:05:50.051895');
INSERT INTO `django_migrations` (`id`, `app`, `name`, `applied`) VALUES (41, 'token_blacklist', '0013_alter_blacklistedtoken_options_and_more', '2025-09-29 01:05:50.080827');
INSERT INTO `django_migrations` (`id`, `app`, `name`, `applied`) VALUES (42, 'users', '0002_user_middle_name_user_section_user_userlevel', '2025-09-29 01:05:50.173161');
INSERT INTO `django_migrations` (`id`, `app`, `name`, `applied`) VALUES (43, 'users', '0003_alter_user_userlevel', '2025-09-29 01:05:50.195436');
INSERT INTO `django_migrations` (`id`, `app`, `name`, `applied`) VALUES (44, 'users', '0004_alter_user_section', '2025-09-29 01:05:50.269154');
INSERT INTO `django_migrations` (`id`, `app`, `name`, `applied`) VALUES (45, 'users', '0005_user_is_first_login_user_must_change_password', '2025-09-29 01:05:50.330842');
INSERT INTO `django_migrations` (`id`, `app`, `name`, `applied`) VALUES (46, 'users', '0006_notification', '2025-09-29 01:05:50.491558');
INSERT INTO `django_migrations` (`id`, `app`, `name`, `applied`) VALUES (47, 'users', '0007_alter_notification_notification_type', '2025-09-29 01:05:50.508087');
INSERT INTO `django_migrations` (`id`, `app`, `name`, `applied`) VALUES (48, 'users', '0008_delete_notification', '2025-09-29 01:05:50.519136');
INSERT INTO `django_migrations` (`id`, `app`, `name`, `applied`) VALUES (49, 'users', '0009_user_updated_at_alter_user_section', '2025-09-29 01:05:50.567791');
INSERT INTO `django_migrations` (`id`, `app`, `name`, `applied`) VALUES (50, 'users', '0010_user_is_online_user_last_activity', '2025-09-29 01:05:50.608843');
INSERT INTO `django_migrations` (`id`, `app`, `name`, `applied`) VALUES (51, 'users', '0011_remove_user_is_online_remove_user_last_activity', '2025-09-29 01:05:50.665487');
INSERT INTO `django_migrations` (`id`, `app`, `name`, `applied`) VALUES (52, 'users', '0012_user_district', '2025-09-29 01:05:50.691687');
INSERT INTO `django_migrations` (`id`, `app`, `name`, `applied`) VALUES (53, 'users', '0013_alter_user_district', '2025-09-29 01:05:50.714138');
INSERT INTO `django_migrations` (`id`, `app`, `name`, `applied`) VALUES (54, 'system_config', '0002_remove_systemconfiguration_default_user_password', '2025-10-01 09:20:01.757846');
INSERT INTO `django_migrations` (`id`, `app`, `name`, `applied`) VALUES (55, 'system_config', '0003_change_default_from_email_field_type', '2025-10-01 15:10:23.460769');
INSERT INTO `django_migrations` (`id`, `app`, `name`, `applied`) VALUES (56, 'inspections', '0004_alter_inspection_status', '2025-10-02 03:54:21.344711');
INSERT INTO `django_migrations` (`id`, `app`, `name`, `applied`) VALUES (57, 'documents', '0001_initial', '2025-10-02 03:54:26.001230');
INSERT INTO `django_migrations` (`id`, `app`, `name`, `applied`) VALUES (58, 'users', '0014_alter_user_section_alter_user_userlevel', '2025-10-02 04:03:35.038365');
INSERT INTO `django_migrations` (`id`, `app`, `name`, `applied`) VALUES (59, 'inspections', '0004_inspection_section_chief_comments_and_more', '2025-10-03 00:09:07.624761');
INSERT INTO `django_migrations` (`id`, `app`, `name`, `applied`) VALUES (60, 'inspections', '0005_alter_inspection_section_chief_decision_and_more', '2025-10-03 00:09:07.703193');
INSERT INTO `django_migrations` (`id`, `app`, `name`, `applied`) VALUES (61, 'inspections', '0006_inspectionlawassignment', '2025-10-03 00:09:07.887377');
INSERT INTO `django_migrations` (`id`, `app`, `name`, `applied`) VALUES (62, 'inspections', '0007_enhance_inspectionlawassignment', '2025-10-03 00:09:08.123737');
INSERT INTO `django_migrations` (`id`, `app`, `name`, `applied`) VALUES (63, 'system_config', '0004_systemconfiguration_password_max_length_and_more', '2025-10-03 00:09:08.162090');
INSERT INTO `django_migrations` (`id`, `app`, `name`, `applied`) VALUES (64, 'system_config', '0005_remove_systemconfiguration_password_max_length_and_more', '2025-10-03 00:09:08.182855');
INSERT INTO `django_migrations` (`id`, `app`, `name`, `applied`) VALUES (65, 'users', '0014_alter_user_district', '2025-10-03 00:09:08.213998');
INSERT INTO `django_migrations` (`id`, `app`, `name`, `applied`) VALUES (66, 'users', '0015_alter_user_district_alter_user_section', '2025-10-03 00:09:08.265649');
INSERT INTO `django_migrations` (`id`, `app`, `name`, `applied`) VALUES (67, 'inspections', '0008_update_decision_field_lengths', '2025-10-03 02:57:51.202405');
INSERT INTO `django_migrations` (`id`, `app`, `name`, `applied`) VALUES (68, 'inspections', '0009_alter_inspection_section_chief_decision_and_more', '2025-10-03 05:39:16.532556');
INSERT INTO `django_migrations` (`id`, `app`, `name`, `applied`) VALUES (69, 'inspections', '0010_add_compliance_tracking', '2025-10-03 05:39:16.883940');
INSERT INTO `django_migrations` (`id`, `app`, `name`, `applied`) VALUES (70, 'inspections', '0011_alter_inspection_section_chief_decision_and_more', '2025-10-03 16:22:47.611191');
INSERT INTO `django_migrations` (`id`, `app`, `name`, `applied`) VALUES (71, 'inspections', '0012_alter_inspection_section_chief_decision_and_more', '2025-10-03 21:07:10.450132');

--
-- Table structure for table `django_session`
--
DROP TABLE IF EXISTS `django_session`;
CREATE TABLE `django_session` (
  `session_key` varchar(40) NOT NULL,
  `session_data` longtext NOT NULL,
  `expire_date` datetime(6) NOT NULL,
  PRIMARY KEY (`session_key`),
  KEY `django_session_expire_date_a5c62663` (`expire_date`)
) ENGINE=InnoDB DEFAULT CHARSET=utf8mb4 COLLATE=utf8mb4_general_ci;

--
-- Dumping data for table `django_session`
--
INSERT INTO `django_session` (`session_key`, `session_data`, `expire_date`) VALUES ('4h0d54qmjaqq7u6q3ak12fqw8zjpjmpi', '.eJxVjMsOwiAQRf-FtSFlykNcuvcbyAwDUjWQlHZl_HfbpAvdnnPufYuA61LC2tMcJhYXocTplxHGZ6q74AfWe5Ox1WWeSO6JPGyXt8bpdT3av4OCvWzrTBq1jiabzGCH7MAC59E7pclTNuBpULgBBedEyJZHhJEcgo9oiMTnC_LbOIU:1v3teU:S0tY_g8xmxcl811FVOpEIxzUyINBshU3U4KVKbZ4bMg', '2025-10-15 10:01:38.053000');
INSERT INTO `django_session` (`session_key`, `session_data`, `expire_date`) VALUES ('9dv4fvezfsu4xency567zbx2oo9zazsf', '.eJxVjMsOwiAQRf-FtSFlykNcuvcbyAwDUjWQlHZl_HfbpAvdnnPufYuA61LC2tMcJhYXocTplxHGZ6q74AfWe5Ox1WWeSO6JPGyXt8bpdT3av4OCvWzrTBq1jiabzGCH7MAC59E7pclTNuBpULgBBedEyJZHhJEcgo9oiMTnC_LbOIU:1v3t2W:5Qw8uYyivDqzUDYI_wO664HGFD5T5S5kLeu2u5EQdNI', '2025-10-15 09:22:24.687000');
INSERT INTO `django_session` (`session_key`, `session_data`, `expire_date`) VALUES ('d5mtshkbd09qyojvl9vn5eeybwdhwtjv', '.eJxVjMsOwiAQRf-FtSFlykNcuvcbyAwDUjWQlHZl_HfbpAvdnnPufYuA61LC2tMcJhYXocTplxHGZ6q74AfWe5Ox1WWeSO6JPGyXt8bpdT3av4OCvWzrTBq1jiabzGCH7MAC59E7pclTNuBpULgBBedEyJZHhJEcgo9oiMTnC_LbOIU:1v3z6q:_1Lq6giProZGu1-a5fPuW04vaF0H4h9ySGNvXd5gEso', '2025-10-15 15:51:16.293843');
INSERT INTO `django_session` (`session_key`, `session_data`, `expire_date`) VALUES ('lk5pdivptyhlawkh4o7tasrnslu2kn27', '.eJxVjMsOwiAQRf-FtSFlykNcuvcbyAwDUjWQlHZl_HfbpAvdnnPufYuA61LC2tMcJhYXocTplxHGZ6q74AfWe5Ox1WWeSO6JPGyXt8bpdT3av4OCvWzrTBq1jiabzGCH7MAC59E7pclTNuBpULgBBedEyJZHhJEcgo9oiMTnC_LbOIU:1v4TaT:u6oH5KIDtmOgV7AFnfXs91FeMDqQWSsyUmr-I2ftxj8', '2025-10-17 00:23:53.879931');
INSERT INTO `django_session` (`session_key`, `session_data`, `expire_date`) VALUES ('ym3a94c5tv63yfc3hsq643z96w7ze34o', '.eJxVjMsOwiAQRf-FtSFlykNcuvcbyAwDUjWQlHZl_HfbpAvdnnPufYuA61LC2tMcJhYXocTplxHGZ6q74AfWe5Ox1WWeSO6JPGyXt8bpdT3av4OCvWzrTBq1jiabzGCH7MAC59E7pclTNuBpULgBBedEyJZHhJEcgo9oiMTnC_LbOIU:1v4BY5:Yzs4RlzZaHgU5B92gqcuNrJgqSaOD9_pDMR39PnpEhw', '2025-10-16 05:08:13.949024');

--
-- Table structure for table `documents_document`
--
DROP TABLE IF EXISTS `documents_document`;
CREATE TABLE `documents_document` (
  `id` bigint(20) NOT NULL AUTO_INCREMENT,
  `title` varchar(255) NOT NULL,
  `description` longtext NOT NULL,
  `content` longtext CHARACTER SET utf8mb4 COLLATE utf8mb4_bin NOT NULL CHECK (json_valid(`content`)),
  `attachments` longtext CHARACTER SET utf8mb4 COLLATE utf8mb4_bin NOT NULL CHECK (json_valid(`attachments`)),
  `workflow_comments` longtext NOT NULL,
  `section` varchar(50) NOT NULL,
  `created_at` datetime(6) NOT NULL,
  `updated_at` datetime(6) NOT NULL,
  `status_changed_at` datetime(6) NOT NULL,
  `created_by_id` bigint(20) DEFAULT NULL,
  `current_assigned_to_id` bigint(20) DEFAULT NULL,
  `document_type_id` bigint(20) NOT NULL,
  `establishment_id` bigint(20) DEFAULT NULL,
  `inspection_id` bigint(20) DEFAULT NULL,
  `status_id` bigint(20) NOT NULL,
  PRIMARY KEY (`id`),
  KEY `documents_document_establishment_id_bd7de421_fk_establish` (`establishment_id`),
  KEY `documents_document_inspection_id_f3e1f3f5_fk_inspectio` (`inspection_id`),
  KEY `documents_d_status__796bbb_idx` (`status_id`,`current_assigned_to_id`),
  KEY `documents_d_documen_0413e3_idx` (`document_type_id`,`status_id`),
  KEY `documents_d_created_8e753a_idx` (`created_by_id`,`created_at`),
  KEY `documents_document_current_assigned_to__0613f3c2_fk_users_use` (`current_assigned_to_id`),
  CONSTRAINT `documents_document_created_by_id_7d00c649_fk_users_user_id` FOREIGN KEY (`created_by_id`) REFERENCES `users_user` (`id`),
  CONSTRAINT `documents_document_current_assigned_to__0613f3c2_fk_users_use` FOREIGN KEY (`current_assigned_to_id`) REFERENCES `users_user` (`id`),
  CONSTRAINT `documents_document_document_type_id_1f88b50c_fk_documents` FOREIGN KEY (`document_type_id`) REFERENCES `documents_documenttype` (`id`),
  CONSTRAINT `documents_document_establishment_id_bd7de421_fk_establish` FOREIGN KEY (`establishment_id`) REFERENCES `establishments_establishment` (`id`),
  CONSTRAINT `documents_document_inspection_id_f3e1f3f5_fk_inspectio` FOREIGN KEY (`inspection_id`) REFERENCES `inspections_inspection` (`id`),
  CONSTRAINT `documents_document_status_id_2c48e2fc_fk_documents` FOREIGN KEY (`status_id`) REFERENCES `documents_documentstatus` (`id`)
) ENGINE=InnoDB DEFAULT CHARSET=utf8mb4 COLLATE=utf8mb4_general_ci;

--
-- Dumping data for table `documents_document`
--

--
-- Table structure for table `documents_documentattachment`
--
DROP TABLE IF EXISTS `documents_documentattachment`;
CREATE TABLE `documents_documentattachment` (
  `id` bigint(20) NOT NULL AUTO_INCREMENT,
  `file_name` varchar(255) NOT NULL,
  `file_path` varchar(500) NOT NULL,
  `file_size` int(11) NOT NULL,
  `file_type` varchar(100) NOT NULL,
  `uploaded_at` datetime(6) NOT NULL,
  `is_active` tinyint(1) NOT NULL,
  `document_id` bigint(20) NOT NULL,
  `uploaded_by_id` bigint(20) DEFAULT NULL,
  PRIMARY KEY (`id`),
  KEY `documents_documentat_document_id_d235dfef_fk_documents` (`document_id`),
  KEY `documents_documentat_uploaded_by_id_26386a77_fk_users_use` (`uploaded_by_id`),
  CONSTRAINT `documents_documentat_document_id_d235dfef_fk_documents` FOREIGN KEY (`document_id`) REFERENCES `documents_document` (`id`),
  CONSTRAINT `documents_documentat_uploaded_by_id_26386a77_fk_users_use` FOREIGN KEY (`uploaded_by_id`) REFERENCES `users_user` (`id`)
) ENGINE=InnoDB DEFAULT CHARSET=utf8mb4 COLLATE=utf8mb4_general_ci;

--
-- Dumping data for table `documents_documentattachment`
--

--
-- Table structure for table `documents_documentstatus`
--
DROP TABLE IF EXISTS `documents_documentstatus`;
CREATE TABLE `documents_documentstatus` (
  `id` bigint(20) NOT NULL AUTO_INCREMENT,
  `name` varchar(30) NOT NULL,
  `description` longtext NOT NULL,
  `color` varchar(20) NOT NULL,
  `can_edit` tinyint(1) NOT NULL,
  `can_approve` tinyint(1) NOT NULL,
  `can_reject` tinyint(1) NOT NULL,
  `can_forward` tinyint(1) NOT NULL,
  `can_archive` tinyint(1) NOT NULL,
  `is_final` tinyint(1) NOT NULL,
  `is_active` tinyint(1) NOT NULL,
  PRIMARY KEY (`id`),
  UNIQUE KEY `name` (`name`)
) ENGINE=InnoDB AUTO_INCREMENT=8 DEFAULT CHARSET=utf8mb4 COLLATE=utf8mb4_general_ci;

--
-- Dumping data for table `documents_documentstatus`
--
INSERT INTO `documents_documentstatus` (`id`, `name`, `description`, `color`, `can_edit`, `can_approve`, `can_reject`, `can_forward`, `can_archive`, `is_final`, `is_active`) VALUES (1, 'DRAFT', 'Document is being drafted', 'gray', 1, 0, 0, 1, 0, 0, 1);
INSERT INTO `documents_documentstatus` (`id`, `name`, `description`, `color`, `can_edit`, `can_approve`, `can_reject`, `can_forward`, `can_archive`, `is_final`, `is_active`) VALUES (2, 'PENDING_REVIEW', 'Document is pending review', 'yellow', 0, 1, 1, 1, 0, 0, 1);
INSERT INTO `documents_documentstatus` (`id`, `name`, `description`, `color`, `can_edit`, `can_approve`, `can_reject`, `can_forward`, `can_archive`, `is_final`, `is_active`) VALUES (3, 'UNDER_REVIEW', 'Document is under review', 'blue', 0, 1, 1, 1, 0, 0, 1);
INSERT INTO `documents_documentstatus` (`id`, `name`, `description`, `color`, `can_edit`, `can_approve`, `can_reject`, `can_forward`, `can_archive`, `is_final`, `is_active`) VALUES (4, 'APPROVED', 'Document has been approved', 'green', 0, 0, 0, 0, 1, 1, 1);
INSERT INTO `documents_documentstatus` (`id`, `name`, `description`, `color`, `can_edit`, `can_approve`, `can_reject`, `can_forward`, `can_archive`, `is_final`, `is_active`) VALUES (5, 'REJECTED', 'Document has been rejected', 'red', 1, 0, 0, 0, 0, 0, 1);
INSERT INTO `documents_documentstatus` (`id`, `name`, `description`, `color`, `can_edit`, `can_approve`, `can_reject`, `can_forward`, `can_archive`, `is_final`, `is_active`) VALUES (6, 'FORWARDED', 'Document has been forwarded to next reviewer', 'purple', 0, 1, 1, 1, 0, 0, 1);
INSERT INTO `documents_documentstatus` (`id`, `name`, `description`, `color`, `can_edit`, `can_approve`, `can_reject`, `can_forward`, `can_archive`, `is_final`, `is_active`) VALUES (7, 'ARCHIVED', 'Document has been archived', 'indigo', 0, 0, 0, 0, 0, 1, 1);

--
-- Table structure for table `documents_documenttemplate`
--
DROP TABLE IF EXISTS `documents_documenttemplate`;
CREATE TABLE `documents_documenttemplate` (
  `id` bigint(20) NOT NULL AUTO_INCREMENT,
  `name` varchar(255) NOT NULL,
  `description` longtext NOT NULL,
  `template_content` longtext CHARACTER SET utf8mb4 COLLATE utf8mb4_bin NOT NULL CHECK (json_valid(`template_content`)),
  `is_active` tinyint(1) NOT NULL,
  `created_at` datetime(6) NOT NULL,
  `updated_at` datetime(6) NOT NULL,
  `created_by_id` bigint(20) DEFAULT NULL,
  `document_type_id` bigint(20) NOT NULL,
  PRIMARY KEY (`id`),
  KEY `documents_documentte_created_by_id_fce09d26_fk_users_use` (`created_by_id`),
  KEY `documents_documentte_document_type_id_f833fc8b_fk_documents` (`document_type_id`),
  CONSTRAINT `documents_documentte_created_by_id_fce09d26_fk_users_use` FOREIGN KEY (`created_by_id`) REFERENCES `users_user` (`id`),
  CONSTRAINT `documents_documentte_document_type_id_f833fc8b_fk_documents` FOREIGN KEY (`document_type_id`) REFERENCES `documents_documenttype` (`id`)
) ENGINE=InnoDB DEFAULT CHARSET=utf8mb4 COLLATE=utf8mb4_general_ci;

--
-- Dumping data for table `documents_documenttemplate`
--

--
-- Table structure for table `documents_documenttype`
--
DROP TABLE IF EXISTS `documents_documenttype`;
CREATE TABLE `documents_documenttype` (
  `id` bigint(20) NOT NULL AUTO_INCREMENT,
  `name` varchar(50) NOT NULL,
  `description` longtext NOT NULL,
  `workflow_steps` longtext CHARACTER SET utf8mb4 COLLATE utf8mb4_bin NOT NULL CHECK (json_valid(`workflow_steps`)),
  `is_active` tinyint(1) NOT NULL,
  `created_at` datetime(6) NOT NULL,
  PRIMARY KEY (`id`),
  UNIQUE KEY `name` (`name`)
) ENGINE=InnoDB AUTO_INCREMENT=7 DEFAULT CHARSET=utf8mb4 COLLATE=utf8mb4_general_ci;

--
-- Dumping data for table `documents_documenttype`
--
INSERT INTO `documents_documenttype` (`id`, `name`, `description`, `workflow_steps`, `is_active`, `created_at`) VALUES (1, 'INSPECTION_REPORT', 'Reports generated from inspections', '["draft", "review", "approve"]', 1, '2025-10-02 03:54:58.599919');
INSERT INTO `documents_documenttype` (`id`, `name`, `description`, `workflow_steps`, `is_active`, `created_at`) VALUES (2, 'COMPLIANCE_CERTIFICATE', 'Certificates issued for compliance', '["draft", "review", "approve"]', 1, '2025-10-02 03:54:58.609539');
INSERT INTO `documents_documenttype` (`id`, `name`, `description`, `workflow_steps`, `is_active`, `created_at`) VALUES (3, 'VIOLATION_NOTICE', 'Notices for violations requiring legal review', '["draft", "legal_review", "approve"]', 1, '2025-10-02 03:54:58.626378');
INSERT INTO `documents_documenttype` (`id`, `name`, `description`, `workflow_steps`, `is_active`, `created_at`) VALUES (4, 'ENFORCEMENT_ORDER', 'Orders for enforcement actions', '["draft", "legal_review", "approve"]', 1, '2025-10-02 03:54:58.635697');
INSERT INTO `documents_documenttype` (`id`, `name`, `description`, `workflow_steps`, `is_active`, `created_at`) VALUES (5, 'PERMIT_APPLICATION', 'Applications for permits', '["draft", "review", "approve"]', 1, '2025-10-02 03:54:58.645621');
INSERT INTO `documents_documenttype` (`id`, `name`, `description`, `workflow_steps`, `is_active`, `created_at`) VALUES (6, 'MONITORING_REPORT', 'Regular monitoring reports', '["draft", "review", "approve"]', 1, '2025-10-02 03:54:58.653643');

--
-- Table structure for table `documents_documentworkflowhistory`
--
DROP TABLE IF EXISTS `documents_documentworkflowhistory`;
CREATE TABLE `documents_documentworkflowhistory` (
  `id` bigint(20) NOT NULL AUTO_INCREMENT,
  `action` varchar(20) NOT NULL,
  `comments` longtext NOT NULL,
  `created_at` datetime(6) NOT NULL,
  `assigned_to_id` bigint(20) DEFAULT NULL,
  `document_id` bigint(20) NOT NULL,
  `performed_by_id` bigint(20) DEFAULT NULL,
  `status_before_id` bigint(20) DEFAULT NULL,
  PRIMARY KEY (`id`),
  KEY `documents_documentwo_assigned_to_id_3a710ec9_fk_users_use` (`assigned_to_id`),
  KEY `documents_documentwo_status_before_id_951e643e_fk_documents` (`status_before_id`),
  KEY `documents_d_documen_867095_idx` (`document_id`,`created_at`),
  KEY `documents_d_perform_3bd0a1_idx` (`performed_by_id`,`created_at`),
  CONSTRAINT `documents_documentwo_assigned_to_id_3a710ec9_fk_users_use` FOREIGN KEY (`assigned_to_id`) REFERENCES `users_user` (`id`),
  CONSTRAINT `documents_documentwo_document_id_04d6d0a0_fk_documents` FOREIGN KEY (`document_id`) REFERENCES `documents_document` (`id`),
  CONSTRAINT `documents_documentwo_performed_by_id_0806278d_fk_users_use` FOREIGN KEY (`performed_by_id`) REFERENCES `users_user` (`id`),
  CONSTRAINT `documents_documentwo_status_before_id_951e643e_fk_documents` FOREIGN KEY (`status_before_id`) REFERENCES `documents_documentstatus` (`id`)
) ENGINE=InnoDB DEFAULT CHARSET=utf8mb4 COLLATE=utf8mb4_general_ci;

--
-- Dumping data for table `documents_documentworkflowhistory`
--

--
-- Table structure for table `establishments_establishment`
--
DROP TABLE IF EXISTS `establishments_establishment`;
CREATE TABLE `establishments_establishment` (
  `id` bigint(20) NOT NULL AUTO_INCREMENT,
  `name` varchar(255) NOT NULL,
  `nature_of_business` varchar(255) NOT NULL,
  `year_established` varchar(4) NOT NULL,
  `province` varchar(100) NOT NULL,
  `city` varchar(100) NOT NULL,
  `barangay` varchar(100) NOT NULL,
  `street_building` varchar(255) NOT NULL,
  `postal_code` varchar(4) NOT NULL,
  `latitude` decimal(9,6) NOT NULL,
  `longitude` decimal(9,6) NOT NULL,
  `polygon` longtext CHARACTER SET utf8mb4 COLLATE utf8mb4_bin DEFAULT NULL CHECK (json_valid(`polygon`)),
  `is_active` tinyint(1) NOT NULL,
  `created_at` datetime(6) NOT NULL,
  `updated_at` datetime(6) NOT NULL,
  PRIMARY KEY (`id`),
  UNIQUE KEY `establishments_establishment_name_4ba5effe_uniq` (`name`)
) ENGINE=InnoDB AUTO_INCREMENT=5 DEFAULT CHARSET=utf8mb4 COLLATE=utf8mb4_general_ci;

--
-- Dumping data for table `establishments_establishment`
--
INSERT INTO `establishments_establishment` (`id`, `name`, `nature_of_business`, `year_established`, `province`, `city`, `barangay`, `street_building`, `postal_code`, `latitude`, `longitude`, `polygon`, `is_active`, `created_at`, `updated_at`) VALUES (1, 'SAINT LOUIS COLLEGE', 'EDUCATION', '1964', 'LA UNION', 'SAN FERNANDO', 'CARLATAN', 'MACARTHUR HIGHWAY', '2500', '16.636925', '120.313207', '[[16.638429373213555, 120.314137422738], [16.6382649981934, 120.31304333422544], [16.63739175353592, 120.3131505978051], [16.637222240876767, 120.31214768333531], [16.63558947970582, 120.31284267779758], [16.635661394797953, 120.31316715012606], [16.635741015047063, 120.31314301582063], [16.635794951326073, 120.3136900600769], [16.6364524590313, 120.31377587094063], [16.636442185490747, 120.31384022908844], [16.636370270691444, 120.31394212948912], [16.636401091323012, 120.31396626379453], [16.63637797584978, 120.3139957612789], [16.636709297366288, 120.31421565161722]]', 1, '2025-09-29 02:29:26.322000', '2025-09-29 02:54:09.108000');
INSERT INTO `establishments_establishment` (`id`, `name`, `nature_of_business`, `year_established`, `province`, `city`, `barangay`, `street_building`, `postal_code`, `latitude`, `longitude`, `polygon`, `is_active`, `created_at`, `updated_at`) VALUES (2, 'JOLLIBEE', 'SERVICE', '2020', 'LA UNION', 'SAN FERNANDO', 'CATALAN COMPOUND', 'DOCTOR A. MARTINEZ STREET', '2500', '16.636636', '120.311873', NULL, 1, '2025-10-01 05:03:04', '2025-10-01 05:03:04.035000');
INSERT INTO `establishments_establishment` (`id`, `name`, `nature_of_business`, `year_established`, `province`, `city`, `barangay`, `street_building`, `postal_code`, `latitude`, `longitude`, `polygon`, `is_active`, `created_at`, `updated_at`) VALUES (3, 'BALAI', 'RESTAURANT/FOOD SERVICE', '2018', 'LA UNION', 'SAN FERNANDO', 'CARLATAN', 'MACARTHUR HIGHWAY', '2500', '16.636118', '120.312145', '[[16.636124481837534, 120.31234790316287], [16.63606027209021, 120.31209047057166], [16.636195112534768, 120.31204220196084], [16.63625803804312, 120.31226209229915]]', 1, '2025-10-01 05:21:38.413000', '2025-10-01 17:48:48.013676');
INSERT INTO `establishments_establishment` (`id`, `name`, `nature_of_business`, `year_established`, `province`, `city`, `barangay`, `street_building`, `postal_code`, `latitude`, `longitude`, `polygon`, `is_active`, `created_at`, `updated_at`) VALUES (4, 'FDHFDD', 'CONSTRUCTION', '2025', 'ILOCOS SUR', 'CALAOAAN', 'CALAOAAN', 'BACNOTAN-LUNA-BALAOAN ROAD', '2713', '17.082165', '120.475679', NULL, 1, '2025-10-03 03:32:40.070373', '2025-10-03 03:32:40.128762');

--
-- Table structure for table `inspections_inspection`
--
DROP TABLE IF EXISTS `inspections_inspection`;
CREATE TABLE `inspections_inspection` (
  `id` bigint(20) NOT NULL AUTO_INCREMENT,
  `section` varchar(50) NOT NULL,
  `district` varchar(100) DEFAULT NULL,
  `status` varchar(30) NOT NULL,
  `created_at` datetime(6) NOT NULL,
  `updated_at` datetime(6) NOT NULL,
  `assigned_monitor_id` bigint(20) DEFAULT NULL,
  `assigned_section_chief_id` bigint(20) DEFAULT NULL,
  `assigned_unit_head_id` bigint(20) DEFAULT NULL,
  `created_by_id` bigint(20) DEFAULT NULL,
  `establishment_id` bigint(20) NOT NULL,
  `code` varchar(30) DEFAULT NULL,
  `applicable_laws` longtext DEFAULT NULL,
  `assigned_division_head_id` bigint(20) DEFAULT NULL,
  `assigned_legal_unit_id` bigint(20) DEFAULT NULL,
  `billing_record` longtext DEFAULT NULL,
  `compliance_call` longtext DEFAULT NULL,
  `current_assigned_to_id` bigint(20) DEFAULT NULL,
  `inspection_list` longtext DEFAULT NULL,
  `inspection_notes` longtext DEFAULT NULL,
  `workflow_comments` longtext DEFAULT NULL,
  `section_chief_comments` longtext DEFAULT NULL,
  `section_chief_decision` varchar(35) DEFAULT NULL,
  `section_chief_decision_date` datetime(6) DEFAULT NULL,
  `unit_head_comments` longtext DEFAULT NULL,
  `unit_head_decision` varchar(35) DEFAULT NULL,
  `unit_head_decision_date` datetime(6) DEFAULT NULL,
  `compliance_status` varchar(30) NOT NULL,
  `compliance_notes` longtext DEFAULT NULL,
  `violations_found` longtext DEFAULT NULL,
  `compliance_plan` longtext DEFAULT NULL,
  `compliance_deadline` date DEFAULT NULL,
  `notice_of_violation_sent` tinyint(1) NOT NULL,
  `notice_of_order_sent` tinyint(1) NOT NULL,
  `penalties_imposed` longtext DEFAULT NULL,
  `legal_unit_comments` longtext DEFAULT NULL,
  PRIMARY KEY (`id`),
  UNIQUE KEY `code` (`code`),
  KEY `inspections_inspecti_assigned_monitor_id_a28248a2_fk_users_use` (`assigned_monitor_id`),
  KEY `inspections_inspecti_assigned_section_chi_8921404a_fk_users_use` (`assigned_section_chief_id`),
  KEY `inspections_inspecti_assigned_unit_head_i_641e9831_fk_users_use` (`assigned_unit_head_id`),
  KEY `inspections_inspection_created_by_id_23948284_fk_users_user_id` (`created_by_id`),
  KEY `inspections_inspecti_establishment_id_eabdd328_fk_establish` (`establishment_id`),
  KEY `inspections_inspecti_assigned_division_he_663040cf_fk_users_use` (`assigned_division_head_id`),
  KEY `inspections_inspecti_assigned_legal_unit__1d8ddabd_fk_users_use` (`assigned_legal_unit_id`),
  KEY `inspections_inspecti_current_assigned_to__c7c8204d_fk_users_use` (`current_assigned_to_id`),
  CONSTRAINT `inspections_inspecti_assigned_division_he_663040cf_fk_users_use` FOREIGN KEY (`assigned_division_head_id`) REFERENCES `users_user` (`id`),
  CONSTRAINT `inspections_inspecti_assigned_legal_unit__1d8ddabd_fk_users_use` FOREIGN KEY (`assigned_legal_unit_id`) REFERENCES `users_user` (`id`),
  CONSTRAINT `inspections_inspecti_assigned_monitor_id_a28248a2_fk_users_use` FOREIGN KEY (`assigned_monitor_id`) REFERENCES `users_user` (`id`),
  CONSTRAINT `inspections_inspecti_assigned_section_chi_8921404a_fk_users_use` FOREIGN KEY (`assigned_section_chief_id`) REFERENCES `users_user` (`id`),
  CONSTRAINT `inspections_inspecti_assigned_unit_head_i_641e9831_fk_users_use` FOREIGN KEY (`assigned_unit_head_id`) REFERENCES `users_user` (`id`),
  CONSTRAINT `inspections_inspecti_current_assigned_to__c7c8204d_fk_users_use` FOREIGN KEY (`current_assigned_to_id`) REFERENCES `users_user` (`id`),
  CONSTRAINT `inspections_inspecti_establishment_id_eabdd328_fk_establish` FOREIGN KEY (`establishment_id`) REFERENCES `establishments_establishment` (`id`),
  CONSTRAINT `inspections_inspection_created_by_id_23948284_fk_users_user_id` FOREIGN KEY (`created_by_id`) REFERENCES `users_user` (`id`)
) ENGINE=InnoDB AUTO_INCREMENT=24 DEFAULT CHARSET=utf8mb4 COLLATE=utf8mb4_general_ci;

--
-- Dumping data for table `inspections_inspection`
--
INSERT INTO `inspections_inspection` (`id`, `section`, `district`, `status`, `created_at`, `updated_at`, `assigned_monitor_id`, `assigned_section_chief_id`, `assigned_unit_head_id`, `created_by_id`, `establishment_id`, `code`, `applicable_laws`, `assigned_division_head_id`, `assigned_legal_unit_id`, `billing_record`, `compliance_call`, `current_assigned_to_id`, `inspection_list`, `inspection_notes`, `workflow_comments`, `section_chief_comments`, `section_chief_decision`, `section_chief_decision_date`, `unit_head_comments`, `unit_head_decision`, `unit_head_decision_date`, `compliance_status`, `compliance_notes`, `violations_found`, `compliance_plan`, `compliance_deadline`, `notice_of_violation_sent`, `notice_of_order_sent`, `penalties_imposed`, `legal_unit_comments`) VALUES (20, 'PD-1586', 'LA UNION - 1st District', 'SECTION_INSPECTING', '2025-10-03 14:32:40.812611', '2025-10-03 16:05:04.889909', NULL, 21, NULL, 20, 2, 'EIA-2025-0001', 'PD-1586', 20, NULL, NULL, NULL, 21, 'Inspection for EIA Monitoring', NULL, 'Section Chief completed inspection', 'Section Chief completed inspection', 'COMPLETE', '2025-10-03 16:05:04.889725', NULL, NULL, NULL, 'PENDING', NULL, NULL, NULL, NULL, 0, 0, NULL, NULL);
INSERT INTO `inspections_inspection` (`id`, `section`, `district`, `status`, `created_at`, `updated_at`, `assigned_monitor_id`, `assigned_section_chief_id`, `assigned_unit_head_id`, `created_by_id`, `establishment_id`, `code`, `applicable_laws`, `assigned_division_head_id`, `assigned_legal_unit_id`, `billing_record`, `compliance_call`, `current_assigned_to_id`, `inspection_list`, `inspection_notes`, `workflow_comments`, `section_chief_comments`, `section_chief_decision`, `section_chief_decision_date`, `unit_head_comments`, `unit_head_decision`, `unit_head_decision_date`, `compliance_status`, `compliance_notes`, `violations_found`, `compliance_plan`, `compliance_deadline`, `notice_of_violation_sent`, `notice_of_order_sent`, `penalties_imposed`, `legal_unit_comments`) VALUES (21, 'RA-9275', 'LA UNION - 1st District', 'SECTION_INSPECTING', '2025-10-03 15:06:19.744502', '2025-10-03 16:05:16.365854', NULL, 21, NULL, 20, 3, 'WATER-2025-0001', 'RA-9275', 20, NULL, NULL, NULL, 21, 'Inspection for Water Quality Monitoring', NULL, 'Section Chief started inspection', 'Section Chief started inspection', 'INSPECT', '2025-10-03 16:05:16.365584', NULL, NULL, NULL, 'PENDING', NULL, NULL, NULL, NULL, 0, 0, NULL, NULL);
INSERT INTO `inspections_inspection` (`id`, `section`, `district`, `status`, `created_at`, `updated_at`, `assigned_monitor_id`, `assigned_section_chief_id`, `assigned_unit_head_id`, `created_by_id`, `establishment_id`, `code`, `applicable_laws`, `assigned_division_head_id`, `assigned_legal_unit_id`, `billing_record`, `compliance_call`, `current_assigned_to_id`, `inspection_list`, `inspection_notes`, `workflow_comments`, `section_chief_comments`, `section_chief_decision`, `section_chief_decision_date`, `unit_head_comments`, `unit_head_decision`, `unit_head_decision_date`, `compliance_status`, `compliance_notes`, `violations_found`, `compliance_plan`, `compliance_deadline`, `notice_of_violation_sent`, `notice_of_order_sent`, `penalties_imposed`, `legal_unit_comments`) VALUES (22, 'PD-1586', 'LA UNION - 1st District', 'DIVISION_CREATED', '2025-10-03 16:29:43.812077', '2025-10-03 16:29:56.038934', NULL, 21, NULL, 20, 2, 'EIA-2025-0002', 'PD-1586', 20, NULL, NULL, NULL, 21, 'Inspection for EIA Monitoring', NULL, NULL, NULL, NULL, NULL, NULL, NULL, NULL, 'PENDING', NULL, NULL, NULL, NULL, 0, 0, NULL, NULL);
INSERT INTO `inspections_inspection` (`id`, `section`, `district`, `status`, `created_at`, `updated_at`, `assigned_monitor_id`, `assigned_section_chief_id`, `assigned_unit_head_id`, `created_by_id`, `establishment_id`, `code`, `applicable_laws`, `assigned_division_head_id`, `assigned_legal_unit_id`, `billing_record`, `compliance_call`, `current_assigned_to_id`, `inspection_list`, `inspection_notes`, `workflow_comments`, `section_chief_comments`, `section_chief_decision`, `section_chief_decision_date`, `unit_head_comments`, `unit_head_decision`, `unit_head_decision_date`, `compliance_status`, `compliance_notes`, `violations_found`, `compliance_plan`, `compliance_deadline`, `notice_of_violation_sent`, `notice_of_order_sent`, `penalties_imposed`, `legal_unit_comments`) VALUES (23, 'RA-6969', 'LA UNION - 1st District', 'DIVISION_CREATED', '2025-10-04 05:33:03.518110', '2025-10-04 05:33:03.528953', NULL, NULL, NULL, 1, 3, 'TOX-2025-0001', 'RA-6969', NULL, NULL, NULL, NULL, NULL, 'Inspection for Toxic Chemicals Monitoring', NULL, NULL, NULL, NULL, NULL, NULL, NULL, NULL, 'PENDING', NULL, NULL, NULL, NULL, 0, 0, NULL, NULL);

--
-- Table structure for table `inspections_inspectionlawassignment`
--
DROP TABLE IF EXISTS `inspections_inspectionlawassignment`;
CREATE TABLE `inspections_inspectionlawassignment` (
  `id` bigint(20) NOT NULL AUTO_INCREMENT,
  `law_code` varchar(20) NOT NULL,
  `law_name` varchar(200) NOT NULL,
  `created_at` datetime(6) NOT NULL,
  `assigned_to_section_chief_id` bigint(20) DEFAULT NULL,
  `inspection_id` bigint(20) NOT NULL,
  `law_status` varchar(30) NOT NULL,
  `assigned_to_unit_head_id` bigint(20) DEFAULT NULL,
  `assigned_to_monitoring_personnel_id` bigint(20) DEFAULT NULL,
  `updated_at` datetime(6) NOT NULL,
  PRIMARY KEY (`id`),
  UNIQUE KEY `inspections_inspectionla_inspection_id_law_code_d42e24c0_uniq` (`inspection_id`,`law_code`),
  KEY `inspections_inspecti_assigned_to_section__028e21e4_fk_users_use` (`assigned_to_section_chief_id`),
  KEY `inspections_inspecti_assigned_to_unit_hea_7651e572_fk_users_use` (`assigned_to_unit_head_id`),
  KEY `inspections_inspecti_assigned_to_monitori_86fdbb6f_fk_users_use` (`assigned_to_monitoring_personnel_id`),
  CONSTRAINT `inspections_inspecti_assigned_to_monitori_86fdbb6f_fk_users_use` FOREIGN KEY (`assigned_to_monitoring_personnel_id`) REFERENCES `users_user` (`id`),
  CONSTRAINT `inspections_inspecti_assigned_to_section__028e21e4_fk_users_use` FOREIGN KEY (`assigned_to_section_chief_id`) REFERENCES `users_user` (`id`),
  CONSTRAINT `inspections_inspecti_assigned_to_unit_hea_7651e572_fk_users_use` FOREIGN KEY (`assigned_to_unit_head_id`) REFERENCES `users_user` (`id`),
  CONSTRAINT `inspections_inspecti_inspection_id_08ff1846_fk_inspectio` FOREIGN KEY (`inspection_id`) REFERENCES `inspections_inspection` (`id`)
) ENGINE=InnoDB AUTO_INCREMENT=41 DEFAULT CHARSET=utf8mb4 COLLATE=utf8mb4_general_ci;

--
-- Dumping data for table `inspections_inspectionlawassignment`
--
INSERT INTO `inspections_inspectionlawassignment` (`id`, `law_code`, `law_name`, `created_at`, `assigned_to_section_chief_id`, `inspection_id`, `law_status`, `assigned_to_unit_head_id`, `assigned_to_monitoring_personnel_id`, `updated_at`) VALUES (32, 'PD-1586', 'Presidential Decree No. 1586 - Environmental Impact Statement System', '2025-10-03 14:32:40.827720', 21, 20, 'PENDING', NULL, NULL, '2025-10-03 14:32:40.827754');
INSERT INTO `inspections_inspectionlawassignment` (`id`, `law_code`, `law_name`, `created_at`, `assigned_to_section_chief_id`, `inspection_id`, `law_status`, `assigned_to_unit_head_id`, `assigned_to_monitoring_personnel_id`, `updated_at`) VALUES (33, 'RA-8749', 'Republic Act No. 8749 - Philippine Clean Air Act', '2025-10-03 14:32:44.541552', 21, 20, 'PENDING', NULL, NULL, '2025-10-03 14:32:44.541578');
INSERT INTO `inspections_inspectionlawassignment` (`id`, `law_code`, `law_name`, `created_at`, `assigned_to_section_chief_id`, `inspection_id`, `law_status`, `assigned_to_unit_head_id`, `assigned_to_monitoring_personnel_id`, `updated_at`) VALUES (34, 'RA-9275', 'Republic Act No. 9275 - Philippine Clean Water Act', '2025-10-03 14:32:47.645523', 21, 20, 'PENDING', NULL, NULL, '2025-10-03 14:32:47.645557');
INSERT INTO `inspections_inspectionlawassignment` (`id`, `law_code`, `law_name`, `created_at`, `assigned_to_section_chief_id`, `inspection_id`, `law_status`, `assigned_to_unit_head_id`, `assigned_to_monitoring_personnel_id`, `updated_at`) VALUES (35, 'PD-1586', 'Presidential Decree No. 1586 - Environmental Impact Statement System', '2025-10-03 15:06:19.755991', 21, 21, 'PENDING', NULL, NULL, '2025-10-03 15:06:19.756014');
INSERT INTO `inspections_inspectionlawassignment` (`id`, `law_code`, `law_name`, `created_at`, `assigned_to_section_chief_id`, `inspection_id`, `law_status`, `assigned_to_unit_head_id`, `assigned_to_monitoring_personnel_id`, `updated_at`) VALUES (36, 'RA-8749', 'Republic Act No. 8749 - Philippine Clean Air Act', '2025-10-03 15:06:23.643971', 21, 21, 'PENDING', NULL, NULL, '2025-10-03 15:06:23.644011');
INSERT INTO `inspections_inspectionlawassignment` (`id`, `law_code`, `law_name`, `created_at`, `assigned_to_section_chief_id`, `inspection_id`, `law_status`, `assigned_to_unit_head_id`, `assigned_to_monitoring_personnel_id`, `updated_at`) VALUES (37, 'RA-9275', 'Republic Act No. 9275 - Philippine Clean Water Act', '2025-10-03 15:06:26.962471', 21, 21, 'PENDING', NULL, NULL, '2025-10-03 15:06:26.962496');
INSERT INTO `inspections_inspectionlawassignment` (`id`, `law_code`, `law_name`, `created_at`, `assigned_to_section_chief_id`, `inspection_id`, `law_status`, `assigned_to_unit_head_id`, `assigned_to_monitoring_personnel_id`, `updated_at`) VALUES (38, 'PD-1586', 'Presidential Decree No. 1586 - Environmental Impact Statement System', '2025-10-03 16:29:43.829063', 21, 22, 'PENDING', NULL, NULL, '2025-10-03 16:29:43.829083');
INSERT INTO `inspections_inspectionlawassignment` (`id`, `law_code`, `law_name`, `created_at`, `assigned_to_section_chief_id`, `inspection_id`, `law_status`, `assigned_to_unit_head_id`, `assigned_to_monitoring_personnel_id`, `updated_at`) VALUES (39, 'RA-8749', 'Republic Act No. 8749 - Philippine Clean Air Act', '2025-10-03 16:29:47.458583', 21, 22, 'PENDING', NULL, NULL, '2025-10-03 16:29:47.458621');
INSERT INTO `inspections_inspectionlawassignment` (`id`, `law_code`, `law_name`, `created_at`, `assigned_to_section_chief_id`, `inspection_id`, `law_status`, `assigned_to_unit_head_id`, `assigned_to_monitoring_personnel_id`, `updated_at`) VALUES (40, 'RA-9275', 'Republic Act No. 9275 - Philippine Clean Water Act', '2025-10-03 16:29:50.278851', 21, 22, 'PENDING', NULL, NULL, '2025-10-03 16:29:50.278878');

--
-- Table structure for table `inspections_inspectionworkflowhistory`
--
DROP TABLE IF EXISTS `inspections_inspectionworkflowhistory`;
CREATE TABLE `inspections_inspectionworkflowhistory` (
  `id` bigint(20) NOT NULL AUTO_INCREMENT,
  `action` varchar(35) NOT NULL,
  `comments` longtext DEFAULT NULL,
  `timestamp` datetime(6) NOT NULL,
  `inspection_id` bigint(20) NOT NULL,
  `performed_by_id` bigint(20) NOT NULL,
  PRIMARY KEY (`id`),
  KEY `inspections_inspecti_inspection_id_a0a83bcb_fk_inspectio` (`inspection_id`),
  KEY `inspections_inspecti_performed_by_id_c4fff53f_fk_users_use` (`performed_by_id`),
  CONSTRAINT `inspections_inspecti_inspection_id_a0a83bcb_fk_inspectio` FOREIGN KEY (`inspection_id`) REFERENCES `inspections_inspection` (`id`),
  CONSTRAINT `inspections_inspecti_performed_by_id_c4fff53f_fk_users_use` FOREIGN KEY (`performed_by_id`) REFERENCES `users_user` (`id`)
) ENGINE=InnoDB AUTO_INCREMENT=16 DEFAULT CHARSET=utf8mb4 COLLATE=utf8mb4_general_ci;

--
-- Dumping data for table `inspections_inspectionworkflowhistory`
--
INSERT INTO `inspections_inspectionworkflowhistory` (`id`, `action`, `comments`, `timestamp`, `inspection_id`, `performed_by_id`) VALUES (9, 'FORWARD', 'Inspection created by Division Chief', '2025-10-03 14:32:53.463095', 20, 20);
INSERT INTO `inspections_inspectionworkflowhistory` (`id`, `action`, `comments`, `timestamp`, `inspection_id`, `performed_by_id`) VALUES (10, 'INSPECT', 'Section Chief started inspection', '2025-10-03 14:53:02.000708', 20, 21);
INSERT INTO `inspections_inspectionworkflowhistory` (`id`, `action`, `comments`, `timestamp`, `inspection_id`, `performed_by_id`) VALUES (11, 'FORWARD', 'Inspection created by Division Chief', '2025-10-03 15:06:33.715598', 21, 20);
INSERT INTO `inspections_inspectionworkflowhistory` (`id`, `action`, `comments`, `timestamp`, `inspection_id`, `performed_by_id`) VALUES (12, 'COMPLETE', 'Section Chief completed inspection', '2025-10-03 16:05:04.894410', 20, 21);
INSERT INTO `inspections_inspectionworkflowhistory` (`id`, `action`, `comments`, `timestamp`, `inspection_id`, `performed_by_id`) VALUES (13, 'INSPECT', 'Section Chief started inspection', '2025-10-03 16:05:16.369272', 21, 21);
INSERT INTO `inspections_inspectionworkflowhistory` (`id`, `action`, `comments`, `timestamp`, `inspection_id`, `performed_by_id`) VALUES (14, 'FORWARD', 'Inspection created by Division Chief', '2025-10-03 16:29:56.042156', 22, 20);
INSERT INTO `inspections_inspectionworkflowhistory` (`id`, `action`, `comments`, `timestamp`, `inspection_id`, `performed_by_id`) VALUES (15, 'INSPECT', 'Inspection created by Admin', '2025-10-04 05:33:03.535337', 23, 1);

--
-- Table structure for table `notifications_notification`
--
DROP TABLE IF EXISTS `notifications_notification`;
CREATE TABLE `notifications_notification` (
  `id` bigint(20) NOT NULL AUTO_INCREMENT,
  `notification_type` varchar(20) NOT NULL,
  `title` varchar(255) NOT NULL,
  `message` longtext NOT NULL,
  `is_read` tinyint(1) NOT NULL,
  `created_at` datetime(6) NOT NULL,
  `recipient_id` bigint(20) NOT NULL,
  `sender_id` bigint(20) DEFAULT NULL,
  PRIMARY KEY (`id`),
  KEY `notifications_notifi_recipient_id_d055f3f0_fk_users_use` (`recipient_id`),
  KEY `notifications_notification_sender_id_feea9ca3_fk_users_user_id` (`sender_id`),
  CONSTRAINT `notifications_notifi_recipient_id_d055f3f0_fk_users_use` FOREIGN KEY (`recipient_id`) REFERENCES `users_user` (`id`),
  CONSTRAINT `notifications_notification_sender_id_feea9ca3_fk_users_user_id` FOREIGN KEY (`sender_id`) REFERENCES `users_user` (`id`)
) ENGINE=InnoDB AUTO_INCREMENT=35 DEFAULT CHARSET=utf8mb4 COLLATE=utf8mb4_general_ci;

--
-- Dumping data for table `notifications_notification`
--
INSERT INTO `notifications_notification` (`id`, `notification_type`, `title`, `message`, `is_read`, `created_at`, `recipient_id`, `sender_id`) VALUES (28, 'new_user', 'New Division Chief Created', 'A new Division Chief (22101222@slc-sflu.edu.ph) has been created.', 0, '2025-10-02 13:29:12.831522', 20, 20);
INSERT INTO `notifications_notification` (`id`, `notification_type`, `title`, `message`, `is_read`, `created_at`, `recipient_id`, `sender_id`) VALUES (29, 'new_user', 'New Section Chief Created', 'A new Section Chief (echo.010104@gmail.com) created for section: PD-1586,RA-8749,RA-9275.', 0, '2025-10-03 00:28:39.307146', 20, 21);
INSERT INTO `notifications_notification` (`id`, `notification_type`, `title`, `message`, `is_read`, `created_at`, `recipient_id`, `sender_id`) VALUES (30, 'new_user', 'New Unit Head Created', 'A new Unit Head (jerichourbano.01.01.04@gmail.com) created for section: PD-1586.', 0, '2025-10-03 00:29:15.575409', 20, 22);
INSERT INTO `notifications_notification` (`id`, `notification_type`, `title`, `message`, `is_read`, `created_at`, `recipient_id`, `sender_id`) VALUES (31, 'new_establishment', 'New Establishment Created', 'A new establishment "FDHFDD" has been created by 22101222@slc-sflu.edu.ph.', 1, '2025-10-03 03:32:40.159983', 1, 20);
INSERT INTO `notifications_notification` (`id`, `notification_type`, `title`, `message`, `is_read`, `created_at`, `recipient_id`, `sender_id`) VALUES (32, 'new_establishment', 'New Establishment Created', 'A new establishment "FDHFDD" has been created by 22101222@slc-sflu.edu.ph.', 0, '2025-10-03 03:32:40.168255', 20, 20);
INSERT INTO `notifications_notification` (`id`, `notification_type`, `title`, `message`, `is_read`, `created_at`, `recipient_id`, `sender_id`) VALUES (33, 'new_establishment', 'New Establishment Created', 'A new establishment "FDHFDD" has been created by 22101222@slc-sflu.edu.ph.', 1, '2025-10-03 03:32:40.184874', 21, 20);
INSERT INTO `notifications_notification` (`id`, `notification_type`, `title`, `message`, `is_read`, `created_at`, `recipient_id`, `sender_id`) VALUES (34, 'new_establishment', 'New Establishment Created', 'A new establishment "FDHFDD" has been created by 22101222@slc-sflu.edu.ph.', 0, '2025-10-03 03:32:40.194032', 22, 20);

--
-- Table structure for table `system_config_systemconfiguration`
--
DROP TABLE IF EXISTS `system_config_systemconfiguration`;
CREATE TABLE `system_config_systemconfiguration` (
  `id` bigint(20) NOT NULL AUTO_INCREMENT,
  `email_host` varchar(255) NOT NULL,
  `email_port` int(11) NOT NULL,
  `email_use_tls` tinyint(1) NOT NULL,
  `email_host_user` varchar(255) DEFAULT NULL,
  `email_host_password` varchar(255) DEFAULT NULL,
  `default_from_email` varchar(255) DEFAULT NULL,
  `access_token_lifetime_minutes` int(11) NOT NULL,
  `refresh_token_lifetime_days` int(11) NOT NULL,
  `rotate_refresh_tokens` tinyint(1) NOT NULL,
  `blacklist_after_rotation` tinyint(1) NOT NULL,
  `created_at` datetime(6) NOT NULL,
  `updated_at` datetime(6) NOT NULL,
  `is_active` tinyint(1) NOT NULL,
  PRIMARY KEY (`id`)
) ENGINE=InnoDB AUTO_INCREMENT=2 DEFAULT CHARSET=utf8mb4 COLLATE=utf8mb4_general_ci;

--
-- Dumping data for table `system_config_systemconfiguration`
--
INSERT INTO `system_config_systemconfiguration` (`id`, `email_host`, `email_port`, `email_use_tls`, `email_host_user`, `email_host_password`, `default_from_email`, `access_token_lifetime_minutes`, `refresh_token_lifetime_days`, `rotate_refresh_tokens`, `blacklist_after_rotation`, `created_at`, `updated_at`, `is_active`) VALUES (1, 'smtp.gmail.com', 587, 1, 'jerichourbano.0101.04@gmail.com', 'pkfn htuz duyo nben', 'noreply@', 60, 1, 1, 1, '2025-09-29 01:09:57.494000', '2025-10-01 15:25:52.617740', 1);

--
-- Table structure for table `token_blacklist_blacklistedtoken`
--
DROP TABLE IF EXISTS `token_blacklist_blacklistedtoken`;
CREATE TABLE `token_blacklist_blacklistedtoken` (
  `id` bigint(20) NOT NULL AUTO_INCREMENT,
  `blacklisted_at` datetime(6) NOT NULL,
  `token_id` bigint(20) NOT NULL,
  PRIMARY KEY (`id`),
  UNIQUE KEY `token_id` (`token_id`),
  CONSTRAINT `token_blacklist_blacklistedtoken_token_id_3cc7fe56_fk` FOREIGN KEY (`token_id`) REFERENCES `token_blacklist_outstandingtoken` (`id`)
) ENGINE=InnoDB AUTO_INCREMENT=227 DEFAULT CHARSET=utf8mb4 COLLATE=utf8mb4_general_ci;

--
-- Dumping data for table `token_blacklist_blacklistedtoken`
--
INSERT INTO `token_blacklist_blacklistedtoken` (`id`, `blacklisted_at`, `token_id`) VALUES (1, '2025-09-29 01:08:33.798000', 1);
INSERT INTO `token_blacklist_blacklistedtoken` (`id`, `blacklisted_at`, `token_id`) VALUES (2, '2025-09-29 01:09:40.450000', 2);
INSERT INTO `token_blacklist_blacklistedtoken` (`id`, `blacklisted_at`, `token_id`) VALUES (3, '2025-09-29 02:23:23.893000', 3);
INSERT INTO `token_blacklist_blacklistedtoken` (`id`, `blacklisted_at`, `token_id`) VALUES (4, '2025-09-29 02:27:30.130000', 6);
INSERT INTO `token_blacklist_blacklistedtoken` (`id`, `blacklisted_at`, `token_id`) VALUES (5, '2025-09-29 03:28:01.184000', 7);
INSERT INTO `token_blacklist_blacklistedtoken` (`id`, `blacklisted_at`, `token_id`) VALUES (7, '2025-09-29 04:13:20.436000', 9);
INSERT INTO `token_blacklist_blacklistedtoken` (`id`, `blacklisted_at`, `token_id`) VALUES (8, '2025-09-29 05:13:52.843000', 10);
INSERT INTO `token_blacklist_blacklistedtoken` (`id`, `blacklisted_at`, `token_id`) VALUES (9, '2025-09-29 06:14:10.224000', 12);
INSERT INTO `token_blacklist_blacklistedtoken` (`id`, `blacklisted_at`, `token_id`) VALUES (10, '2025-09-29 06:14:59.531000', 14);
INSERT INTO `token_blacklist_blacklistedtoken` (`id`, `blacklisted_at`, `token_id`) VALUES (11, '2025-09-29 06:15:18.362000', 15);
INSERT INTO `token_blacklist_blacklistedtoken` (`id`, `blacklisted_at`, `token_id`) VALUES (12, '2025-09-29 07:42:47.596000', 16);
INSERT INTO `token_blacklist_blacklistedtoken` (`id`, `blacklisted_at`, `token_id`) VALUES (14, '2025-09-29 08:59:19.460000', 18);
INSERT INTO `token_blacklist_blacklistedtoken` (`id`, `blacklisted_at`, `token_id`) VALUES (15, '2025-09-29 10:00:05.156000', 20);
INSERT INTO `token_blacklist_blacklistedtoken` (`id`, `blacklisted_at`, `token_id`) VALUES (17, '2025-09-29 11:22:25.434000', 22);
INSERT INTO `token_blacklist_blacklistedtoken` (`id`, `blacklisted_at`, `token_id`) VALUES (19, '2025-09-29 12:22:31.046000', 24);
INSERT INTO `token_blacklist_blacklistedtoken` (`id`, `blacklisted_at`, `token_id`) VALUES (20, '2025-09-29 15:10:41.183000', 26);
INSERT INTO `token_blacklist_blacklistedtoken` (`id`, `blacklisted_at`, `token_id`) VALUES (22, '2025-09-29 16:11:12.679000', 28);
INSERT INTO `token_blacklist_blacklistedtoken` (`id`, `blacklisted_at`, `token_id`) VALUES (23, '2025-09-29 17:15:43.173000', 30);
INSERT INTO `token_blacklist_blacklistedtoken` (`id`, `blacklisted_at`, `token_id`) VALUES (26, '2025-09-29 18:16:05.204000', 32);
INSERT INTO `token_blacklist_blacklistedtoken` (`id`, `blacklisted_at`, `token_id`) VALUES (27, '2025-09-29 23:35:35.991000', 34);
INSERT INTO `token_blacklist_blacklistedtoken` (`id`, `blacklisted_at`, `token_id`) VALUES (28, '2025-09-30 00:39:06.202000', 36);
INSERT INTO `token_blacklist_blacklistedtoken` (`id`, `blacklisted_at`, `token_id`) VALUES (30, '2025-09-30 03:01:55.431000', 39);
INSERT INTO `token_blacklist_blacklistedtoken` (`id`, `blacklisted_at`, `token_id`) VALUES (32, '2025-09-30 04:02:13.303000', 41);
INSERT INTO `token_blacklist_blacklistedtoken` (`id`, `blacklisted_at`, `token_id`) VALUES (34, '2025-09-30 04:16:08.181000', 43);
INSERT INTO `token_blacklist_blacklistedtoken` (`id`, `blacklisted_at`, `token_id`) VALUES (35, '2025-09-30 04:24:28.706000', 44);
INSERT INTO `token_blacklist_blacklistedtoken` (`id`, `blacklisted_at`, `token_id`) VALUES (36, '2025-09-30 05:25:02.132000', 45);
INSERT INTO `token_blacklist_blacklistedtoken` (`id`, `blacklisted_at`, `token_id`) VALUES (38, '2025-09-30 06:25:05.136000', 47);
INSERT INTO `token_blacklist_blacklistedtoken` (`id`, `blacklisted_at`, `token_id`) VALUES (39, '2025-09-30 09:02:20.140000', 49);
INSERT INTO `token_blacklist_blacklistedtoken` (`id`, `blacklisted_at`, `token_id`) VALUES (41, '2025-09-30 10:05:29.707000', 51);
INSERT INTO `token_blacklist_blacklistedtoken` (`id`, `blacklisted_at`, `token_id`) VALUES (42, '2025-09-30 10:05:29.789000', 53);
INSERT INTO `token_blacklist_blacklistedtoken` (`id`, `blacklisted_at`, `token_id`) VALUES (43, '2025-09-30 12:09:05.066000', 54);
INSERT INTO `token_blacklist_blacklistedtoken` (`id`, `blacklisted_at`, `token_id`) VALUES (45, '2025-09-30 12:13:57.217000', 56);
INSERT INTO `token_blacklist_blacklistedtoken` (`id`, `blacklisted_at`, `token_id`) VALUES (46, '2025-09-30 13:14:27.952000', 57);
INSERT INTO `token_blacklist_blacklistedtoken` (`id`, `blacklisted_at`, `token_id`) VALUES (47, '2025-09-30 13:17:27.276000', 59);
INSERT INTO `token_blacklist_blacklistedtoken` (`id`, `blacklisted_at`, `token_id`) VALUES (49, '2025-09-30 14:18:51.063000', 60);
INSERT INTO `token_blacklist_blacklistedtoken` (`id`, `blacklisted_at`, `token_id`) VALUES (51, '2025-09-30 15:18:53.333000', 62);
INSERT INTO `token_blacklist_blacklistedtoken` (`id`, `blacklisted_at`, `token_id`) VALUES (52, '2025-09-30 16:19:50.766000', 64);
INSERT INTO `token_blacklist_blacklistedtoken` (`id`, `blacklisted_at`, `token_id`) VALUES (53, '2025-09-30 16:19:51.122000', 65);
INSERT INTO `token_blacklist_blacklistedtoken` (`id`, `blacklisted_at`, `token_id`) VALUES (54, '2025-09-30 16:22:06.459000', 66);
INSERT INTO `token_blacklist_blacklistedtoken` (`id`, `blacklisted_at`, `token_id`) VALUES (55, '2025-09-30 17:22:13.370000', 67);
INSERT INTO `token_blacklist_blacklistedtoken` (`id`, `blacklisted_at`, `token_id`) VALUES (57, '2025-09-30 18:22:23.510000', 69);
INSERT INTO `token_blacklist_blacklistedtoken` (`id`, `blacklisted_at`, `token_id`) VALUES (59, '2025-09-30 23:26:20.639000', 71);
INSERT INTO `token_blacklist_blacklistedtoken` (`id`, `blacklisted_at`, `token_id`) VALUES (61, '2025-09-30 23:26:35.222000', 72);
INSERT INTO `token_blacklist_blacklistedtoken` (`id`, `blacklisted_at`, `token_id`) VALUES (62, '2025-10-01 00:27:04.253000', 74);
INSERT INTO `token_blacklist_blacklistedtoken` (`id`, `blacklisted_at`, `token_id`) VALUES (64, '2025-10-01 01:45:45.161000', 76);
INSERT INTO `token_blacklist_blacklistedtoken` (`id`, `blacklisted_at`, `token_id`) VALUES (66, '2025-10-01 02:11:44.538000', 78);
INSERT INTO `token_blacklist_blacklistedtoken` (`id`, `blacklisted_at`, `token_id`) VALUES (67, '2025-10-01 03:48:55.173000', 79);
INSERT INTO `token_blacklist_blacklistedtoken` (`id`, `blacklisted_at`, `token_id`) VALUES (68, '2025-10-01 04:38:08.113000', 83);
INSERT INTO `token_blacklist_blacklistedtoken` (`id`, `blacklisted_at`, `token_id`) VALUES (69, '2025-10-01 04:59:46.478000', 84);
INSERT INTO `token_blacklist_blacklistedtoken` (`id`, `blacklisted_at`, `token_id`) VALUES (70, '2025-10-01 05:16:15.702000', 85);
INSERT INTO `token_blacklist_blacklistedtoken` (`id`, `blacklisted_at`, `token_id`) VALUES (71, '2025-10-01 06:01:32.059000', 87);
INSERT INTO `token_blacklist_blacklistedtoken` (`id`, `blacklisted_at`, `token_id`) VALUES (73, '2025-10-01 06:35:30.175000', 88);
INSERT INTO `token_blacklist_blacklistedtoken` (`id`, `blacklisted_at`, `token_id`) VALUES (74, '2025-10-01 08:21:43.517000', 93);
INSERT INTO `token_blacklist_blacklistedtoken` (`id`, `blacklisted_at`, `token_id`) VALUES (75, '2025-10-01 08:21:43.519000', 91);
INSERT INTO `token_blacklist_blacklistedtoken` (`id`, `blacklisted_at`, `token_id`) VALUES (76, '2025-10-01 09:23:12.749000', 96);
INSERT INTO `token_blacklist_blacklistedtoken` (`id`, `blacklisted_at`, `token_id`) VALUES (77, '2025-10-01 10:05:03.406000', 101);
INSERT INTO `token_blacklist_blacklistedtoken` (`id`, `blacklisted_at`, `token_id`) VALUES (78, '2025-10-01 10:30:23.545000', 98);
INSERT INTO `token_blacklist_blacklistedtoken` (`id`, `blacklisted_at`, `token_id`) VALUES (80, '2025-10-01 10:33:36.471000', 103);
INSERT INTO `token_blacklist_blacklistedtoken` (`id`, `blacklisted_at`, `token_id`) VALUES (81, '2025-10-01 11:34:50.281000', 104);
INSERT INTO `token_blacklist_blacklistedtoken` (`id`, `blacklisted_at`, `token_id`) VALUES (83, '2025-10-01 14:56:21.484392', 106);
INSERT INTO `token_blacklist_blacklistedtoken` (`id`, `blacklisted_at`, `token_id`) VALUES (84, '2025-10-01 14:56:21.528700', 107);
INSERT INTO `token_blacklist_blacklistedtoken` (`id`, `blacklisted_at`, `token_id`) VALUES (85, '2025-10-01 15:48:21.453097', 111);
INSERT INTO `token_blacklist_blacklistedtoken` (`id`, `blacklisted_at`, `token_id`) VALUES (86, '2025-10-01 15:56:35.485444', 109);
INSERT INTO `token_blacklist_blacklistedtoken` (`id`, `blacklisted_at`, `token_id`) VALUES (87, '2025-10-01 16:23:15.278091', 113);
INSERT INTO `token_blacklist_blacklistedtoken` (`id`, `blacklisted_at`, `token_id`) VALUES (88, '2025-10-01 16:54:38.971668', 116);
INSERT INTO `token_blacklist_blacklistedtoken` (`id`, `blacklisted_at`, `token_id`) VALUES (89, '2025-10-01 16:55:06.917709', 117);
INSERT INTO `token_blacklist_blacklistedtoken` (`id`, `blacklisted_at`, `token_id`) VALUES (90, '2025-10-01 17:24:40.902599', 118);
INSERT INTO `token_blacklist_blacklistedtoken` (`id`, `blacklisted_at`, `token_id`) VALUES (91, '2025-10-01 17:27:29.173585', 114);
INSERT INTO `token_blacklist_blacklistedtoken` (`id`, `blacklisted_at`, `token_id`) VALUES (92, '2025-10-01 18:27:35.191530', 120);
INSERT INTO `token_blacklist_blacklistedtoken` (`id`, `blacklisted_at`, `token_id`) VALUES (94, '2025-10-01 18:28:35.203951', 121);
INSERT INTO `token_blacklist_blacklistedtoken` (`id`, `blacklisted_at`, `token_id`) VALUES (95, '2025-10-01 19:27:35.203634', 123);
INSERT INTO `token_blacklist_blacklistedtoken` (`id`, `blacklisted_at`, `token_id`) VALUES (96, '2025-10-01 19:27:35.266931', 126);
INSERT INTO `token_blacklist_blacklistedtoken` (`id`, `blacklisted_at`, `token_id`) VALUES (97, '2025-10-01 19:28:35.174970', 125);
INSERT INTO `token_blacklist_blacklistedtoken` (`id`, `blacklisted_at`, `token_id`) VALUES (98, '2025-10-01 20:27:35.184645', 127);
INSERT INTO `token_blacklist_blacklistedtoken` (`id`, `blacklisted_at`, `token_id`) VALUES (100, '2025-10-01 20:28:35.198052', 128);
INSERT INTO `token_blacklist_blacklistedtoken` (`id`, `blacklisted_at`, `token_id`) VALUES (101, '2025-10-01 21:27:35.178409', 130);
INSERT INTO `token_blacklist_blacklistedtoken` (`id`, `blacklisted_at`, `token_id`) VALUES (103, '2025-10-01 21:28:35.196469', 132);
INSERT INTO `token_blacklist_blacklistedtoken` (`id`, `blacklisted_at`, `token_id`) VALUES (104, '2025-10-01 22:27:35.194771', 134);
INSERT INTO `token_blacklist_blacklistedtoken` (`id`, `blacklisted_at`, `token_id`) VALUES (106, '2025-10-01 22:28:35.197303', 135);
INSERT INTO `token_blacklist_blacklistedtoken` (`id`, `blacklisted_at`, `token_id`) VALUES (108, '2025-10-01 23:27:35.182952', 138);
INSERT INTO `token_blacklist_blacklistedtoken` (`id`, `blacklisted_at`, `token_id`) VALUES (109, '2025-10-01 23:28:35.186764', 140);
INSERT INTO `token_blacklist_blacklistedtoken` (`id`, `blacklisted_at`, `token_id`) VALUES (110, '2025-10-02 00:46:44.255512', 144);
INSERT INTO `token_blacklist_blacklistedtoken` (`id`, `blacklisted_at`, `token_id`) VALUES (111, '2025-10-02 01:47:04.067596', 146);
INSERT INTO `token_blacklist_blacklistedtoken` (`id`, `blacklisted_at`, `token_id`) VALUES (112, '2025-10-02 02:49:05.440574', 148);
INSERT INTO `token_blacklist_blacklistedtoken` (`id`, `blacklisted_at`, `token_id`) VALUES (113, '2025-10-02 03:49:23.222422', 150);
INSERT INTO `token_blacklist_blacklistedtoken` (`id`, `blacklisted_at`, `token_id`) VALUES (115, '2025-10-02 05:06:33.595877', 153);
INSERT INTO `token_blacklist_blacklistedtoken` (`id`, `blacklisted_at`, `token_id`) VALUES (116, '2025-10-02 05:08:48.323434', 154);
INSERT INTO `token_blacklist_blacklistedtoken` (`id`, `blacklisted_at`, `token_id`) VALUES (117, '2025-10-02 06:01:40.577963', 155);
INSERT INTO `token_blacklist_blacklistedtoken` (`id`, `blacklisted_at`, `token_id`) VALUES (118, '2025-10-02 07:02:54.180927', 157);
INSERT INTO `token_blacklist_blacklistedtoken` (`id`, `blacklisted_at`, `token_id`) VALUES (119, '2025-10-02 07:06:35.192833', 158);
INSERT INTO `token_blacklist_blacklistedtoken` (`id`, `blacklisted_at`, `token_id`) VALUES (121, '2025-10-02 08:07:24.837809', 160);
INSERT INTO `token_blacklist_blacklistedtoken` (`id`, `blacklisted_at`, `token_id`) VALUES (122, '2025-10-02 08:07:25.694704', 163);
INSERT INTO `token_blacklist_blacklistedtoken` (`id`, `blacklisted_at`, `token_id`) VALUES (123, '2025-10-02 08:09:52.595235', 159);
INSERT INTO `token_blacklist_blacklistedtoken` (`id`, `blacklisted_at`, `token_id`) VALUES (124, '2025-10-02 09:07:40.819333', 164);
INSERT INTO `token_blacklist_blacklistedtoken` (`id`, `blacklisted_at`, `token_id`) VALUES (125, '2025-10-02 10:13:33.889137', 167);
INSERT INTO `token_blacklist_blacklistedtoken` (`id`, `blacklisted_at`, `token_id`) VALUES (126, '2025-10-02 10:31:35.171714', 169);
INSERT INTO `token_blacklist_blacklistedtoken` (`id`, `blacklisted_at`, `token_id`) VALUES (127, '2025-10-02 11:13:35.183611', 172);
INSERT INTO `token_blacklist_blacklistedtoken` (`id`, `blacklisted_at`, `token_id`) VALUES (128, '2025-10-02 12:13:35.403172', 175);
INSERT INTO `token_blacklist_blacklistedtoken` (`id`, `blacklisted_at`, `token_id`) VALUES (130, '2025-10-02 12:29:18.245803', 177);
INSERT INTO `token_blacklist_blacklistedtoken` (`id`, `blacklisted_at`, `token_id`) VALUES (131, '2025-10-02 12:42:00.896180', 180);
INSERT INTO `token_blacklist_blacklistedtoken` (`id`, `blacklisted_at`, `token_id`) VALUES (132, '2025-10-02 13:26:36.044502', 178);
INSERT INTO `token_blacklist_blacklistedtoken` (`id`, `blacklisted_at`, `token_id`) VALUES (134, '2025-10-03 00:30:54.394684', 190);
INSERT INTO `token_blacklist_blacklistedtoken` (`id`, `blacklisted_at`, `token_id`) VALUES (135, '2025-10-03 00:32:46.483189', 192);
INSERT INTO `token_blacklist_blacklistedtoken` (`id`, `blacklisted_at`, `token_id`) VALUES (136, '2025-10-03 00:52:55.195808', 194);
INSERT INTO `token_blacklist_blacklistedtoken` (`id`, `blacklisted_at`, `token_id`) VALUES (137, '2025-10-03 01:26:31.176116', 187);
INSERT INTO `token_blacklist_blacklistedtoken` (`id`, `blacklisted_at`, `token_id`) VALUES (138, '2025-10-03 01:31:57.247921', 191);
INSERT INTO `token_blacklist_blacklistedtoken` (`id`, `blacklisted_at`, `token_id`) VALUES (139, '2025-10-03 01:33:57.609215', 193);
INSERT INTO `token_blacklist_blacklistedtoken` (`id`, `blacklisted_at`, `token_id`) VALUES (140, '2025-10-03 01:52:57.571503', 196);
INSERT INTO `token_blacklist_blacklistedtoken` (`id`, `blacklisted_at`, `token_id`) VALUES (141, '2025-10-03 03:21:57.274178', 201);
INSERT INTO `token_blacklist_blacklistedtoken` (`id`, `blacklisted_at`, `token_id`) VALUES (142, '2025-10-03 03:23:03.400763', 202);
INSERT INTO `token_blacklist_blacklistedtoken` (`id`, `blacklisted_at`, `token_id`) VALUES (144, '2025-10-03 03:46:43.295824', 203);
INSERT INTO `token_blacklist_blacklistedtoken` (`id`, `blacklisted_at`, `token_id`) VALUES (145, '2025-10-03 04:21:57.254260', 205);
INSERT INTO `token_blacklist_blacklistedtoken` (`id`, `blacklisted_at`, `token_id`) VALUES (146, '2025-10-03 04:32:36.579653', 207);
INSERT INTO `token_blacklist_blacklistedtoken` (`id`, `blacklisted_at`, `token_id`) VALUES (147, '2025-10-03 04:46:57.236155', 209);
INSERT INTO `token_blacklist_blacklistedtoken` (`id`, `blacklisted_at`, `token_id`) VALUES (149, '2025-10-03 05:21:57.298503', 210);
INSERT INTO `token_blacklist_blacklistedtoken` (`id`, `blacklisted_at`, `token_id`) VALUES (150, '2025-10-03 05:32:58.133453', 211);
INSERT INTO `token_blacklist_blacklistedtoken` (`id`, `blacklisted_at`, `token_id`) VALUES (151, '2025-10-03 05:47:03.809032', 213);
INSERT INTO `token_blacklist_blacklistedtoken` (`id`, `blacklisted_at`, `token_id`) VALUES (152, '2025-10-03 05:47:03.960380', 218);
INSERT INTO `token_blacklist_blacklistedtoken` (`id`, `blacklisted_at`, `token_id`) VALUES (153, '2025-10-03 06:26:04.807225', 215);
INSERT INTO `token_blacklist_blacklistedtoken` (`id`, `blacklisted_at`, `token_id`) VALUES (155, '2025-10-03 06:26:05.297402', 220);
INSERT INTO `token_blacklist_blacklistedtoken` (`id`, `blacklisted_at`, `token_id`) VALUES (156, '2025-10-03 06:26:05.422244', 221);
INSERT INTO `token_blacklist_blacklistedtoken` (`id`, `blacklisted_at`, `token_id`) VALUES (157, '2025-10-03 06:34:27.184823', 217);
INSERT INTO `token_blacklist_blacklistedtoken` (`id`, `blacklisted_at`, `token_id`) VALUES (159, '2025-10-03 06:47:37.209840', 219);
INSERT INTO `token_blacklist_blacklistedtoken` (`id`, `blacklisted_at`, `token_id`) VALUES (160, '2025-10-03 07:26:58.975222', 224);
INSERT INTO `token_blacklist_blacklistedtoken` (`id`, `blacklisted_at`, `token_id`) VALUES (161, '2025-10-03 07:34:57.197114', 226);
INSERT INTO `token_blacklist_blacklistedtoken` (`id`, `blacklisted_at`, `token_id`) VALUES (162, '2025-10-03 08:15:03.914605', 228);
INSERT INTO `token_blacklist_blacklistedtoken` (`id`, `blacklisted_at`, `token_id`) VALUES (163, '2025-10-03 08:34:57.450885', 231);
INSERT INTO `token_blacklist_blacklistedtoken` (`id`, `blacklisted_at`, `token_id`) VALUES (164, '2025-10-03 09:35:17.384565', 234);
INSERT INTO `token_blacklist_blacklistedtoken` (`id`, `blacklisted_at`, `token_id`) VALUES (165, '2025-10-03 10:26:57.757890', 235);
INSERT INTO `token_blacklist_blacklistedtoken` (`id`, `blacklisted_at`, `token_id`) VALUES (166, '2025-10-03 10:37:57.194825', 237);
INSERT INTO `token_blacklist_blacklistedtoken` (`id`, `blacklisted_at`, `token_id`) VALUES (167, '2025-10-03 10:38:57.200185', 238);
INSERT INTO `token_blacklist_blacklistedtoken` (`id`, `blacklisted_at`, `token_id`) VALUES (168, '2025-10-03 10:40:14.002778', 239);
INSERT INTO `token_blacklist_blacklistedtoken` (`id`, `blacklisted_at`, `token_id`) VALUES (170, '2025-10-03 11:27:05.175482', 240);
INSERT INTO `token_blacklist_blacklistedtoken` (`id`, `blacklisted_at`, `token_id`) VALUES (172, '2025-10-03 11:38:02.685733', 242);
INSERT INTO `token_blacklist_blacklistedtoken` (`id`, `blacklisted_at`, `token_id`) VALUES (173, '2025-10-03 11:38:57.320354', 244);
INSERT INTO `token_blacklist_blacklistedtoken` (`id`, `blacklisted_at`, `token_id`) VALUES (175, '2025-10-03 11:40:57.509312', 246);
INSERT INTO `token_blacklist_blacklistedtoken` (`id`, `blacklisted_at`, `token_id`) VALUES (177, '2025-10-03 12:28:01.001233', 248);
INSERT INTO `token_blacklist_blacklistedtoken` (`id`, `blacklisted_at`, `token_id`) VALUES (178, '2025-10-03 12:36:19.936713', 256);
INSERT INTO `token_blacklist_blacklistedtoken` (`id`, `blacklisted_at`, `token_id`) VALUES (179, '2025-10-03 12:38:03.198795', 250);
INSERT INTO `token_blacklist_blacklistedtoken` (`id`, `blacklisted_at`, `token_id`) VALUES (180, '2025-10-03 12:38:57.186644', 252);
INSERT INTO `token_blacklist_blacklistedtoken` (`id`, `blacklisted_at`, `token_id`) VALUES (181, '2025-10-03 12:41:57.210151', 254);
INSERT INTO `token_blacklist_blacklistedtoken` (`id`, `blacklisted_at`, `token_id`) VALUES (182, '2025-10-03 13:25:21.850639', 261);
INSERT INTO `token_blacklist_blacklistedtoken` (`id`, `blacklisted_at`, `token_id`) VALUES (183, '2025-10-03 13:36:53.324260', 257);
INSERT INTO `token_blacklist_blacklistedtoken` (`id`, `blacklisted_at`, `token_id`) VALUES (184, '2025-10-03 13:38:11.798891', 259);
INSERT INTO `token_blacklist_blacklistedtoken` (`id`, `blacklisted_at`, `token_id`) VALUES (185, '2025-10-03 13:38:11.960482', 266);
INSERT INTO `token_blacklist_blacklistedtoken` (`id`, `blacklisted_at`, `token_id`) VALUES (186, '2025-10-03 13:42:06.183938', 263);
INSERT INTO `token_blacklist_blacklistedtoken` (`id`, `blacklisted_at`, `token_id`) VALUES (187, '2025-10-03 14:26:05.798528', 264);
INSERT INTO `token_blacklist_blacklistedtoken` (`id`, `blacklisted_at`, `token_id`) VALUES (188, '2025-10-03 14:37:18.250205', 265);
INSERT INTO `token_blacklist_blacklistedtoken` (`id`, `blacklisted_at`, `token_id`) VALUES (189, '2025-10-03 14:38:42.836302', 267);
INSERT INTO `token_blacklist_blacklistedtoken` (`id`, `blacklisted_at`, `token_id`) VALUES (190, '2025-10-03 14:38:59.498023', 272);
INSERT INTO `token_blacklist_blacklistedtoken` (`id`, `blacklisted_at`, `token_id`) VALUES (191, '2025-10-03 14:49:45.381000', 269);
INSERT INTO `token_blacklist_blacklistedtoken` (`id`, `blacklisted_at`, `token_id`) VALUES (192, '2025-10-03 15:43:01.489151', 274);
INSERT INTO `token_blacklist_blacklistedtoken` (`id`, `blacklisted_at`, `token_id`) VALUES (194, '2025-10-03 15:44:01.471388', 275);
INSERT INTO `token_blacklist_blacklistedtoken` (`id`, `blacklisted_at`, `token_id`) VALUES (195, '2025-10-03 15:50:01.454619', 276);
INSERT INTO `token_blacklist_blacklistedtoken` (`id`, `blacklisted_at`, `token_id`) VALUES (197, '2025-10-03 16:43:40.418757', 278);
INSERT INTO `token_blacklist_blacklistedtoken` (`id`, `blacklisted_at`, `token_id`) VALUES (199, '2025-10-03 16:44:01.413145', 280);
INSERT INTO `token_blacklist_blacklistedtoken` (`id`, `blacklisted_at`, `token_id`) VALUES (200, '2025-10-03 16:50:01.486044', 282);
INSERT INTO `token_blacklist_blacklistedtoken` (`id`, `blacklisted_at`, `token_id`) VALUES (201, '2025-10-03 17:44:01.488671', 284);
INSERT INTO `token_blacklist_blacklistedtoken` (`id`, `blacklisted_at`, `token_id`) VALUES (203, '2025-10-03 17:44:13.673266', 285);
INSERT INTO `token_blacklist_blacklistedtoken` (`id`, `blacklisted_at`, `token_id`) VALUES (205, '2025-10-03 17:50:01.438529', 287);
INSERT INTO `token_blacklist_blacklistedtoken` (`id`, `blacklisted_at`, `token_id`) VALUES (207, '2025-10-03 18:44:01.417257', 289);
INSERT INTO `token_blacklist_blacklistedtoken` (`id`, `blacklisted_at`, `token_id`) VALUES (208, '2025-10-03 18:44:13.667586', 290);
INSERT INTO `token_blacklist_blacklistedtoken` (`id`, `blacklisted_at`, `token_id`) VALUES (209, '2025-10-03 18:50:01.437371', 293);
INSERT INTO `token_blacklist_blacklistedtoken` (`id`, `blacklisted_at`, `token_id`) VALUES (210, '2025-10-03 19:44:01.434610', 295);
INSERT INTO `token_blacklist_blacklistedtoken` (`id`, `blacklisted_at`, `token_id`) VALUES (212, '2025-10-03 19:44:13.671602', 297);
INSERT INTO `token_blacklist_blacklistedtoken` (`id`, `blacklisted_at`, `token_id`) VALUES (213, '2025-10-03 19:50:01.468163', 299);
INSERT INTO `token_blacklist_blacklistedtoken` (`id`, `blacklisted_at`, `token_id`) VALUES (215, '2025-10-03 20:44:01.530270', 301);
INSERT INTO `token_blacklist_blacklistedtoken` (`id`, `blacklisted_at`, `token_id`) VALUES (217, '2025-10-03 20:44:13.684534', 303);
INSERT INTO `token_blacklist_blacklistedtoken` (`id`, `blacklisted_at`, `token_id`) VALUES (218, '2025-10-03 20:50:01.438018', 305);
INSERT INTO `token_blacklist_blacklistedtoken` (`id`, `blacklisted_at`, `token_id`) VALUES (220, '2025-10-03 21:44:01.449023', 307);
INSERT INTO `token_blacklist_blacklistedtoken` (`id`, `blacklisted_at`, `token_id`) VALUES (222, '2025-10-03 21:44:26.760008', 309);
INSERT INTO `token_blacklist_blacklistedtoken` (`id`, `blacklisted_at`, `token_id`) VALUES (223, '2025-10-03 21:50:01.438545', 311);
INSERT INTO `token_blacklist_blacklistedtoken` (`id`, `blacklisted_at`, `token_id`) VALUES (224, '2025-10-04 05:33:41.412105', 312);
INSERT INTO `token_blacklist_blacklistedtoken` (`id`, `blacklisted_at`, `token_id`) VALUES (226, '2025-10-04 05:33:41.652547', 319);

--
-- Table structure for table `token_blacklist_outstandingtoken`
--
DROP TABLE IF EXISTS `token_blacklist_outstandingtoken`;
CREATE TABLE `token_blacklist_outstandingtoken` (
  `id` bigint(20) NOT NULL AUTO_INCREMENT,
  `token` longtext NOT NULL,
  `created_at` datetime(6) DEFAULT NULL,
  `expires_at` datetime(6) NOT NULL,
  `user_id` bigint(20) DEFAULT NULL,
  `jti` varchar(255) NOT NULL,
  PRIMARY KEY (`id`),
  UNIQUE KEY `token_blacklist_outstandingtoken_jti_hex_d9bdf6f7_uniq` (`jti`),
  KEY `token_blacklist_outs_user_id_83bc629a_fk_users_use` (`user_id`),
  CONSTRAINT `token_blacklist_outs_user_id_83bc629a_fk_users_use` FOREIGN KEY (`user_id`) REFERENCES `users_user` (`id`)
) ENGINE=InnoDB AUTO_INCREMENT=323 DEFAULT CHARSET=utf8mb4 COLLATE=utf8mb4_general_ci;

--
-- Dumping data for table `token_blacklist_outstandingtoken`
--
INSERT INTO `token_blacklist_outstandingtoken` (`id`, `token`, `created_at`, `expires_at`, `user_id`, `jti`) VALUES (1, 'eyJhbGciOiJIUzI1NiIsInR5cCI6IkpXVCJ9.eyJ0b2tlbl90eXBlIjoicmVmcmVzaCIsImV4cCI6MTc1OTE5MjQ1NiwiaWF0IjoxNzU5MTA2MDU2LCJqdGkiOiI3M2FmMzcwZWNjYTA0MzM1OTYzZmIyYTIxN2RlYmYxMCIsInVzZXJfaWQiOiIxIiwibXVzdF9jaGFuZ2VfcGFzc3dvcmQiOmZhbHNlfQ.KWXX6bhjro3KU6zc1ngDH3CiVhZkQNk57OA8d4Iv43w', '2025-09-29 01:08:33.788000', '2025-09-30 00:34:16', 1, '73af370ecca04335963fb2a217debf10');
INSERT INTO `token_blacklist_outstandingtoken` (`id`, `token`, `created_at`, `expires_at`, `user_id`, `jti`) VALUES (2, 'eyJhbGciOiJIUzI1NiIsInR5cCI6IkpXVCJ9.eyJ0b2tlbl90eXBlIjoicmVmcmVzaCIsImV4cCI6MTc1OTE5NDUyMSwiaWF0IjoxNzU5MTA4MTIxLCJqdGkiOiIwNjIzMTBiYWViYmU0NTYyOTc4YWYxMzkyNjE3ZmZlOCIsInVzZXJfaWQiOiIxIn0.QHz9yu_BZ0edskPmG5opG-fUN6kdgIU5AHkidCKx2cw', '2025-09-29 01:08:41.620000', '2025-09-30 01:08:41', 1, '062310baebbe4562978af1392617ffe8');
INSERT INTO `token_blacklist_outstandingtoken` (`id`, `token`, `created_at`, `expires_at`, `user_id`, `jti`) VALUES (3, 'eyJhbGciOiJIUzI1NiIsInR5cCI6IkpXVCJ9.eyJ0b2tlbl90eXBlIjoicmVmcmVzaCIsImV4cCI6MTc1OTE5NDU5MywiaWF0IjoxNzU5MTA4MTkzLCJqdGkiOiI5MGQ1YjhiOGFkODM0ZjA0YWEyNDc4OTc4ZmQxM2RkYyIsInVzZXJfaWQiOiIxIn0.swoIPQ7pMY2OugONgi3s1xBtQsGbi8hwU8p5RFMfuw4', '2025-09-29 01:09:53.353000', '2025-09-30 01:09:53', 1, '90d5b8b8ad834f04aa2478978fd13ddc');
INSERT INTO `token_blacklist_outstandingtoken` (`id`, `token`, `created_at`, `expires_at`, `user_id`, `jti`) VALUES (4, 'eyJhbGciOiJIUzI1NiIsInR5cCI6IkpXVCJ9.eyJ0b2tlbl90eXBlIjoicmVmcmVzaCIsImV4cCI6MTc1OTE5NTMzNiwiaWF0IjoxNzU5MTA4OTM2LCJqdGkiOiI1NTdiMGU2NjI0MGI0NzA5OGRhM2UyZjg3NmU1ZTgwOSIsInVzZXJfaWQiOiIyIn0.azGe9xo_ATKya52CKFYSph01sYsGZELYA3HUjuL2qZo', '2025-09-29 01:22:16.348000', '2025-09-30 01:22:16', NULL, '557b0e66240b47098da3e2f876e5e809');
INSERT INTO `token_blacklist_outstandingtoken` (`id`, `token`, `created_at`, `expires_at`, `user_id`, `jti`) VALUES (5, 'eyJhbGciOiJIUzI1NiIsInR5cCI6IkpXVCJ9.eyJ0b2tlbl90eXBlIjoicmVmcmVzaCIsImV4cCI6MTc1OTE5OTAwMywiaWF0IjoxNzU5MTEyNjAzLCJqdGkiOiIyMTdjODMxZjk4OTc0YTYzYjZhNjMzNjc0ZGZiMDAwZSIsInVzZXJfaWQiOiIxIiwibXVzdF9jaGFuZ2VfcGFzc3dvcmQiOmZhbHNlfQ.seGNV1G6QjmWvBBUMTWjVIJiKAYdemIUn5KgpV0f-ZQ', '2025-09-29 02:23:23.879000', '2025-09-30 02:23:23', 1, '217c831f98974a63b6a633674dfb000e');
INSERT INTO `token_blacklist_outstandingtoken` (`id`, `token`, `created_at`, `expires_at`, `user_id`, `jti`) VALUES (6, 'eyJhbGciOiJIUzI1NiIsInR5cCI6IkpXVCJ9.eyJ0b2tlbl90eXBlIjoicmVmcmVzaCIsImV4cCI6MTc1OTE5OTAwMywiaWF0IjoxNzU5MTEyNjAzLCJqdGkiOiIyYWYwZjA1NDhiYjE0YTk1YWFhNTg3N2IxYTNmYzQwNCIsInVzZXJfaWQiOiIxIiwibXVzdF9jaGFuZ2VfcGFzc3dvcmQiOmZhbHNlfQ.kTb-T-xrx0PYSonOSDlBhVvf3_mbexNRidXDyETnKjg', '2025-09-29 02:23:23.883000', '2025-09-30 02:23:23', 1, '2af0f0548bb14a95aaa5877b1a3fc404');
INSERT INTO `token_blacklist_outstandingtoken` (`id`, `token`, `created_at`, `expires_at`, `user_id`, `jti`) VALUES (7, 'eyJhbGciOiJIUzI1NiIsInR5cCI6IkpXVCJ9.eyJ0b2tlbl90eXBlIjoicmVmcmVzaCIsImV4cCI6MTc1OTE5OTI1OSwiaWF0IjoxNzU5MTEyODU5LCJqdGkiOiJhMmQxMDY3NDQ0ZDU0ZTk1OTc2YTQ1ZWViNWI3YzVhYyIsInVzZXJfaWQiOiIyIn0.zG0LBIH3eiO3YiQnHA4-VjF6HA_c5P2QZIAXVNLjOUI', '2025-09-29 02:27:39.445000', '2025-09-30 02:27:39', NULL, 'a2d1067444d54e95976a45eeb5b7c5ac');
INSERT INTO `token_blacklist_outstandingtoken` (`id`, `token`, `created_at`, `expires_at`, `user_id`, `jti`) VALUES (8, 'eyJhbGciOiJIUzI1NiIsInR5cCI6IkpXVCJ9.eyJ0b2tlbl90eXBlIjoicmVmcmVzaCIsImV4cCI6MTc1OTIwMjg4MSwiaWF0IjoxNzU5MTE2NDgxLCJqdGkiOiJjNTY5Mzk3YjUwNmI0YjQ1YjhmMDRiY2MyYzRmNzA5ZiIsInVzZXJfaWQiOiIyIiwibXVzdF9jaGFuZ2VfcGFzc3dvcmQiOmZhbHNlfQ.sROX9BZG6BagE9Pb3OcUAhvD0c0RxkMvM9-ffIOSzdQ', '2025-09-29 03:28:01.164000', '2025-09-30 03:28:01', NULL, 'c569397b506b4b45b8f04bcc2c4f709f');
INSERT INTO `token_blacklist_outstandingtoken` (`id`, `token`, `created_at`, `expires_at`, `user_id`, `jti`) VALUES (9, 'eyJhbGciOiJIUzI1NiIsInR5cCI6IkpXVCJ9.eyJ0b2tlbl90eXBlIjoicmVmcmVzaCIsImV4cCI6MTc1OTIwMjg4MSwiaWF0IjoxNzU5MTE2NDgxLCJqdGkiOiIzOGViYWM5MWUwMzg0YTllYTA1ZDQzYWY4NmEzZDJmZSIsInVzZXJfaWQiOiIyIiwibXVzdF9jaGFuZ2VfcGFzc3dvcmQiOmZhbHNlfQ.VvuG-c-cTPBKqdEFet_kwkl0RyJtcKpWS7hTAzaH9Ew', '2025-09-29 03:28:01.167000', '2025-09-30 03:28:01', NULL, '38ebac91e0384a9ea05d43af86a3d2fe');
INSERT INTO `token_blacklist_outstandingtoken` (`id`, `token`, `created_at`, `expires_at`, `user_id`, `jti`) VALUES (10, 'eyJhbGciOiJIUzI1NiIsInR5cCI6IkpXVCJ9.eyJ0b2tlbl90eXBlIjoicmVmcmVzaCIsImV4cCI6MTc1OTIwNTYwOCwiaWF0IjoxNzU5MTE5MjA4LCJqdGkiOiIzZWJlZTI3MmMwODM0MzFjODVhNWIwNjE1NGY3ODJhZSIsInVzZXJfaWQiOiIxIn0.fyE4FUM9p0271JhR2Q1TiUxCrIlcYdLS-On_b08nEZQ', '2025-09-29 04:13:28.444000', '2025-09-30 04:13:28', 1, '3ebee272c083431c85a5b06154f782ae');
INSERT INTO `token_blacklist_outstandingtoken` (`id`, `token`, `created_at`, `expires_at`, `user_id`, `jti`) VALUES (11, 'eyJhbGciOiJIUzI1NiIsInR5cCI6IkpXVCJ9.eyJ0b2tlbl90eXBlIjoicmVmcmVzaCIsImV4cCI6MTc1OTIwOTIzMiwiaWF0IjoxNzU5MTIyODMyLCJqdGkiOiI1MTU1YjUwMzQ1MTY0ZGRlODk1ZTAxZTA3ZmFlZWU1YyIsInVzZXJfaWQiOiIxIiwibXVzdF9jaGFuZ2VfcGFzc3dvcmQiOmZhbHNlfQ.OAw_kEBmjHii-0zlmV-TbGZiNSNmsJIHGraVm0BB058', '2025-09-29 05:13:52.831000', '2025-09-30 05:13:52', 1, '5155b50345164dde895e01e07faeee5c');
INSERT INTO `token_blacklist_outstandingtoken` (`id`, `token`, `created_at`, `expires_at`, `user_id`, `jti`) VALUES (12, 'eyJhbGciOiJIUzI1NiIsInR5cCI6IkpXVCJ9.eyJ0b2tlbl90eXBlIjoicmVmcmVzaCIsImV4cCI6MTc1OTIwOTIzMiwiaWF0IjoxNzU5MTIyODMyLCJqdGkiOiIxNjViMzI2YThmNzA0NDU3YmExNjE2MDQ4ZWE0MWM3MiIsInVzZXJfaWQiOiIxIiwibXVzdF9jaGFuZ2VfcGFzc3dvcmQiOmZhbHNlfQ.o-pT5Xx1GOeK5r9I3dwiUaohfylcRFTsK7GrX1O1BLA', '2025-09-29 05:13:52.834000', '2025-09-30 05:13:52', 1, '165b326a8f704457ba1616048ea41c72');
INSERT INTO `token_blacklist_outstandingtoken` (`id`, `token`, `created_at`, `expires_at`, `user_id`, `jti`) VALUES (13, 'eyJhbGciOiJIUzI1NiIsInR5cCI6IkpXVCJ9.eyJ0b2tlbl90eXBlIjoicmVmcmVzaCIsImV4cCI6MTc1OTIxMjg1MCwiaWF0IjoxNzU5MTI2NDUwLCJqdGkiOiJjZTg2MTUyYzlmNjc0ODQwYjk1NWY0NjQ3ZWY4YWYxNSIsInVzZXJfaWQiOiIxIiwibXVzdF9jaGFuZ2VfcGFzc3dvcmQiOmZhbHNlfQ.o_XnIsptyrmDWeB-fuCCq56qrKJQDAbyeqbBZuqZTeY', '2025-09-29 06:14:10.217000', '2025-09-30 06:14:10', 1, 'ce86152c9f674840b955f4647ef8af15');
INSERT INTO `token_blacklist_outstandingtoken` (`id`, `token`, `created_at`, `expires_at`, `user_id`, `jti`) VALUES (14, 'eyJhbGciOiJIUzI1NiIsInR5cCI6IkpXVCJ9.eyJ0b2tlbl90eXBlIjoicmVmcmVzaCIsImV4cCI6MTc1OTIxMjg1MCwiaWF0IjoxNzU5MTI2NDUwLCJqdGkiOiI5NDE3YWZiNWY3NTc0ZWI0OWEwOTk3M2M1N2NhOTE5YyIsInVzZXJfaWQiOiIxIiwibXVzdF9jaGFuZ2VfcGFzc3dvcmQiOmZhbHNlfQ.656QA5cbDOaDBLbHqQI2znceTeoq5IMrY3ieQBnA620', '2025-09-29 06:14:10.210000', '2025-09-30 06:14:10', 1, '9417afb5f7574eb49a09973c57ca919c');
INSERT INTO `token_blacklist_outstandingtoken` (`id`, `token`, `created_at`, `expires_at`, `user_id`, `jti`) VALUES (15, 'eyJhbGciOiJIUzI1NiIsInR5cCI6IkpXVCJ9.eyJ0b2tlbl90eXBlIjoicmVmcmVzaCIsImV4cCI6MTc1OTIxMjkxMywiaWF0IjoxNzU5MTI2NTEzLCJqdGkiOiI0OTc1ZDYwOTA3YTQ0ZmQyYjZiZGM0N2I5MjZjZmE2YyIsInVzZXJfaWQiOiIxIn0.SiavGSgmwpkUPldqdx0FDy4MASG6paHavNzjVgDkfZI', '2025-09-29 06:15:13.536000', '2025-09-30 06:15:13', 1, '4975d60907a44fd2b6bdc47b926cfa6c');
INSERT INTO `token_blacklist_outstandingtoken` (`id`, `token`, `created_at`, `expires_at`, `user_id`, `jti`) VALUES (16, 'eyJhbGciOiJIUzI1NiIsInR5cCI6IkpXVCJ9.eyJ0b2tlbl90eXBlIjoicmVmcmVzaCIsImV4cCI6MTc1OTIxMjk5OCwiaWF0IjoxNzU5MTI2NTk4LCJqdGkiOiI5MDQ4MzkxNWYwZjc0NDVkOTE3OTBhYjFmNGYzZWJiNCIsInVzZXJfaWQiOiIxIn0.qHPpSaGH3l3JV30XdINr7d0V8tn09cYWrAa-_fhIQxU', '2025-09-29 06:16:38.136000', '2025-09-30 06:16:38', 1, '90483915f0f7445d91790ab1f4f3ebb4');
INSERT INTO `token_blacklist_outstandingtoken` (`id`, `token`, `created_at`, `expires_at`, `user_id`, `jti`) VALUES (17, 'eyJhbGciOiJIUzI1NiIsInR5cCI6IkpXVCJ9.eyJ0b2tlbl90eXBlIjoicmVmcmVzaCIsImV4cCI6MTc1OTIxODE2NywiaWF0IjoxNzU5MTMxNzY3LCJqdGkiOiJhOTMxYmIxYzNhZTY0OWRjOWU0MmExNzczYTU2Y2JlMCIsInVzZXJfaWQiOiIxIiwibXVzdF9jaGFuZ2VfcGFzc3dvcmQiOmZhbHNlfQ.nMqEGUEgEjejysBX4P-XKyHwQVosrM8DT2EJ1d0VCtg', '2025-09-29 07:42:47.580000', '2025-09-30 07:42:47', 1, 'a931bb1c3ae649dc9e42a1773a56cbe0');
INSERT INTO `token_blacklist_outstandingtoken` (`id`, `token`, `created_at`, `expires_at`, `user_id`, `jti`) VALUES (18, 'eyJhbGciOiJIUzI1NiIsInR5cCI6IkpXVCJ9.eyJ0b2tlbl90eXBlIjoicmVmcmVzaCIsImV4cCI6MTc1OTIxODE2NywiaWF0IjoxNzU5MTMxNzY3LCJqdGkiOiJjMzRmNzc5ZWQ0ZDM0MjI2ODZlOWEyMTE0NDlmNzNhMSIsInVzZXJfaWQiOiIxIiwibXVzdF9jaGFuZ2VfcGFzc3dvcmQiOmZhbHNlfQ.zNWvNs0xnIh488PwGbErXTMrw2kAIMgEz0NCmkTC5Wo', '2025-09-29 07:42:47.590000', '2025-09-30 07:42:47', 1, 'c34f779ed4d3422686e9a211449f73a1');
INSERT INTO `token_blacklist_outstandingtoken` (`id`, `token`, `created_at`, `expires_at`, `user_id`, `jti`) VALUES (19, 'eyJhbGciOiJIUzI1NiIsInR5cCI6IkpXVCJ9.eyJ0b2tlbl90eXBlIjoicmVmcmVzaCIsImV4cCI6MTc1OTIyMjc1OSwiaWF0IjoxNzU5MTM2MzU5LCJqdGkiOiIwMmJjMWRhMzYwNDg0YTIxODFiMWU4ZGFmZjQ1MDZkOCIsInVzZXJfaWQiOiIxIiwibXVzdF9jaGFuZ2VfcGFzc3dvcmQiOmZhbHNlfQ.wgMzv-erARn0hxIZ6ZnacNaQPI3CAHGPe1WVvh6n3gw', '2025-09-29 08:59:19.436000', '2025-09-30 08:59:19', 1, '02bc1da360484a2181b1e8daff4506d8');
INSERT INTO `token_blacklist_outstandingtoken` (`id`, `token`, `created_at`, `expires_at`, `user_id`, `jti`) VALUES (20, 'eyJhbGciOiJIUzI1NiIsInR5cCI6IkpXVCJ9.eyJ0b2tlbl90eXBlIjoicmVmcmVzaCIsImV4cCI6MTc1OTIyMjc1OSwiaWF0IjoxNzU5MTM2MzU5LCJqdGkiOiJkYmNkM2I0MDgyZmU0Nzc1OWMyMzg3MWYwOWRlZWYwZCIsInVzZXJfaWQiOiIxIiwibXVzdF9jaGFuZ2VfcGFzc3dvcmQiOmZhbHNlfQ.ZyyRToCaGc_DqJjncgFCEhforARY1un8hZQHlv8OM7I', '2025-09-29 08:59:19.431000', '2025-09-30 08:59:19', 1, 'dbcd3b4082fe47759c23871f09deef0d');
INSERT INTO `token_blacklist_outstandingtoken` (`id`, `token`, `created_at`, `expires_at`, `user_id`, `jti`) VALUES (21, 'eyJhbGciOiJIUzI1NiIsInR5cCI6IkpXVCJ9.eyJ0b2tlbl90eXBlIjoicmVmcmVzaCIsImV4cCI6MTc1OTIyNjQwNSwiaWF0IjoxNzU5MTQwMDA1LCJqdGkiOiI0ZTEwNjA4MzIwMjg0YmYzOTI1MzhiZGM0YjI3OTU1YSIsInVzZXJfaWQiOiIxIiwibXVzdF9jaGFuZ2VfcGFzc3dvcmQiOmZhbHNlfQ.cN1RHMr3IBrY8XyUQ67d6OopmryL78RJ0Lq8D8alBjY', '2025-09-29 10:00:05.142000', '2025-09-30 10:00:05', 1, '4e10608320284bf392538bdc4b27955a');
INSERT INTO `token_blacklist_outstandingtoken` (`id`, `token`, `created_at`, `expires_at`, `user_id`, `jti`) VALUES (22, 'eyJhbGciOiJIUzI1NiIsInR5cCI6IkpXVCJ9.eyJ0b2tlbl90eXBlIjoicmVmcmVzaCIsImV4cCI6MTc1OTIyNjQwNSwiaWF0IjoxNzU5MTQwMDA1LCJqdGkiOiI0ZTk3OWFmNzRmYWM0ZWFlYWMzN2E2MWMxZTY5ZjQ1ZiIsInVzZXJfaWQiOiIxIiwibXVzdF9jaGFuZ2VfcGFzc3dvcmQiOmZhbHNlfQ.aTwmY0azBvhFIyM0fo_0NbbUTJS_5ir3CR0IbU78KYg', '2025-09-29 10:00:05.138000', '2025-09-30 10:00:05', 1, '4e979af74fac4eaeac37a61c1e69f45f');
INSERT INTO `token_blacklist_outstandingtoken` (`id`, `token`, `created_at`, `expires_at`, `user_id`, `jti`) VALUES (23, 'eyJhbGciOiJIUzI1NiIsInR5cCI6IkpXVCJ9.eyJ0b2tlbl90eXBlIjoicmVmcmVzaCIsImV4cCI6MTc1OTIzMTM0NSwiaWF0IjoxNzU5MTQ0OTQ1LCJqdGkiOiJhYzc1M2M3MDg0MGE0ZmE2YjQxNjIxZjVjNDkyMGIyZCIsInVzZXJfaWQiOiIxIiwibXVzdF9jaGFuZ2VfcGFzc3dvcmQiOmZhbHNlfQ.JASrxFsYFuuPqpSNp_BP2bWyrMz2SxoqDZ8oex9wX7s', '2025-09-29 11:22:25.418000', '2025-09-30 11:22:25', 1, 'ac753c70840a4fa6b41621f5c4920b2d');
INSERT INTO `token_blacklist_outstandingtoken` (`id`, `token`, `created_at`, `expires_at`, `user_id`, `jti`) VALUES (24, 'eyJhbGciOiJIUzI1NiIsInR5cCI6IkpXVCJ9.eyJ0b2tlbl90eXBlIjoicmVmcmVzaCIsImV4cCI6MTc1OTIzMTM0NSwiaWF0IjoxNzU5MTQ0OTQ1LCJqdGkiOiIwYTI0NThkNDAwMDE0MzM3YTVkODVhMWUwZDUxNzJlNiIsInVzZXJfaWQiOiIxIiwibXVzdF9jaGFuZ2VfcGFzc3dvcmQiOmZhbHNlfQ.wGy4WUgylUVJ9KW5duQ5Ybcfin7WOAsvkCmP7urFn-g', '2025-09-29 11:22:25.421000', '2025-09-30 11:22:25', 1, '0a2458d400014337a5d85a1e0d5172e6');
INSERT INTO `token_blacklist_outstandingtoken` (`id`, `token`, `created_at`, `expires_at`, `user_id`, `jti`) VALUES (25, 'eyJhbGciOiJIUzI1NiIsInR5cCI6IkpXVCJ9.eyJ0b2tlbl90eXBlIjoicmVmcmVzaCIsImV4cCI6MTc1OTIzNDk1MSwiaWF0IjoxNzU5MTQ4NTUxLCJqdGkiOiIyMTczZTZmNzc0OGY0MGUzYjIwNTI0YTZmYjZhNWQxMiIsInVzZXJfaWQiOiIxIiwibXVzdF9jaGFuZ2VfcGFzc3dvcmQiOmZhbHNlfQ.CWUyX3JNSx8IqqYg8RYPbaZTf7Es5WfzAmjf-Ltqo7g', '2025-09-29 12:22:31.032000', '2025-09-30 12:22:31', 1, '2173e6f7748f40e3b20524a6fb6a5d12');
INSERT INTO `token_blacklist_outstandingtoken` (`id`, `token`, `created_at`, `expires_at`, `user_id`, `jti`) VALUES (26, 'eyJhbGciOiJIUzI1NiIsInR5cCI6IkpXVCJ9.eyJ0b2tlbl90eXBlIjoicmVmcmVzaCIsImV4cCI6MTc1OTIzNDk1MSwiaWF0IjoxNzU5MTQ4NTUxLCJqdGkiOiJlODZiODAzNjc1YjA0ZDY3YThmMTlkOWNjMzFiMzllOCIsInVzZXJfaWQiOiIxIiwibXVzdF9jaGFuZ2VfcGFzc3dvcmQiOmZhbHNlfQ.rtJRpMAVuhv3WcmWofOCw9uMGiRc4FHsvbCc2Kukx0w', '2025-09-29 12:22:31.035000', '2025-09-30 12:22:31', 1, 'e86b803675b04d67a8f19d9cc31b39e8');
INSERT INTO `token_blacklist_outstandingtoken` (`id`, `token`, `created_at`, `expires_at`, `user_id`, `jti`) VALUES (27, 'eyJhbGciOiJIUzI1NiIsInR5cCI6IkpXVCJ9.eyJ0b2tlbl90eXBlIjoicmVmcmVzaCIsImV4cCI6MTc1OTI0NTA0MSwiaWF0IjoxNzU5MTU4NjQxLCJqdGkiOiIwNjdhN2JkZjZiMDQ0OTU0YmFkZjg4OGFkYTA1Y2RmMSIsInVzZXJfaWQiOiIxIiwibXVzdF9jaGFuZ2VfcGFzc3dvcmQiOmZhbHNlfQ.f2MLvYSlmyO8MTdebUPZZBwpqJty_v2esfRY3y_NjKA', '2025-09-29 15:10:41.169000', '2025-09-30 15:10:41', 1, '067a7bdf6b044954badf888ada05cdf1');
INSERT INTO `token_blacklist_outstandingtoken` (`id`, `token`, `created_at`, `expires_at`, `user_id`, `jti`) VALUES (28, 'eyJhbGciOiJIUzI1NiIsInR5cCI6IkpXVCJ9.eyJ0b2tlbl90eXBlIjoicmVmcmVzaCIsImV4cCI6MTc1OTI0NTA0MSwiaWF0IjoxNzU5MTU4NjQxLCJqdGkiOiI3Yzk5MDEzZjgyMDU0ODFjYTkyOGU4OTVkZjAzNjc2OSIsInVzZXJfaWQiOiIxIiwibXVzdF9jaGFuZ2VfcGFzc3dvcmQiOmZhbHNlfQ.sNmfDROukdCGrvfQjou4OeVh1DWinNvXCQzIAldkcu4', '2025-09-29 15:10:41.171000', '2025-09-30 15:10:41', 1, '7c99013f8205481ca928e895df036769');
INSERT INTO `token_blacklist_outstandingtoken` (`id`, `token`, `created_at`, `expires_at`, `user_id`, `jti`) VALUES (29, 'eyJhbGciOiJIUzI1NiIsInR5cCI6IkpXVCJ9.eyJ0b2tlbl90eXBlIjoicmVmcmVzaCIsImV4cCI6MTc1OTI0ODY3MSwiaWF0IjoxNzU5MTYyMjcxLCJqdGkiOiJkMTY1MGNjZGRmNGM0YjkxODlmZmFmODhiNjQwMGNmZiIsInVzZXJfaWQiOiIxIiwibXVzdF9jaGFuZ2VfcGFzc3dvcmQiOmZhbHNlfQ.W2h2QXioNifWPCsl-o0-dkHWE1rOAf6PXRuSjTD-gd4', '2025-09-29 16:11:11.593000', '2025-09-30 16:11:11', 1, 'd1650ccddf4c4b9189ffaf88b6400cff');
INSERT INTO `token_blacklist_outstandingtoken` (`id`, `token`, `created_at`, `expires_at`, `user_id`, `jti`) VALUES (30, 'eyJhbGciOiJIUzI1NiIsInR5cCI6IkpXVCJ9.eyJ0b2tlbl90eXBlIjoicmVmcmVzaCIsImV4cCI6MTc1OTI0ODkxNSwiaWF0IjoxNzU5MTYyNTE1LCJqdGkiOiIwYmJiNjNlYzEzNjY0MmRiYWU5NDBiYzQ1YmNmN2E2YyIsInVzZXJfaWQiOiIxIn0.-YWZmm_lKyPY_eDsDR6jMit96_QeLIRSawNX-jVMRNs', '2025-09-29 16:15:15.785000', '2025-09-30 16:15:15', 1, '0bbb63ec136642dbae940bc45bcf7a6c');
INSERT INTO `token_blacklist_outstandingtoken` (`id`, `token`, `created_at`, `expires_at`, `user_id`, `jti`) VALUES (31, 'eyJhbGciOiJIUzI1NiIsInR5cCI6IkpXVCJ9.eyJ0b2tlbl90eXBlIjoicmVmcmVzaCIsImV4cCI6MTc1OTI1MjU0MywiaWF0IjoxNzU5MTY2MTQzLCJqdGkiOiJlYmFiYWZlZDZlYmM0OGMxYmFhYmRlODY5ZGRhNTg0ZCIsInVzZXJfaWQiOiIxIiwibXVzdF9jaGFuZ2VfcGFzc3dvcmQiOmZhbHNlfQ.YGc2UDl5qQfS97I0IqmDhYFhD6zra1Qkn9dH4xY3AaQ', '2025-09-29 17:15:43.147000', '2025-09-30 17:15:43', 1, 'ebabafed6ebc48c1baabde869dda584d');
INSERT INTO `token_blacklist_outstandingtoken` (`id`, `token`, `created_at`, `expires_at`, `user_id`, `jti`) VALUES (32, 'eyJhbGciOiJIUzI1NiIsInR5cCI6IkpXVCJ9.eyJ0b2tlbl90eXBlIjoicmVmcmVzaCIsImV4cCI6MTc1OTI1MjU0MywiaWF0IjoxNzU5MTY2MTQzLCJqdGkiOiJkYTJhN2Q1NWVlNzY0Y2I3YWFjMDljOGU5MjQ1MTlkZiIsInVzZXJfaWQiOiIxIiwibXVzdF9jaGFuZ2VfcGFzc3dvcmQiOmZhbHNlfQ.fNm6Sqo-XIbK1yp3E3XDYl0sjVbpfwPtK7MriEBk2AE', '2025-09-29 17:15:43.152000', '2025-09-30 17:15:43', 1, 'da2a7d55ee764cb7aac09c8e924519df');
INSERT INTO `token_blacklist_outstandingtoken` (`id`, `token`, `created_at`, `expires_at`, `user_id`, `jti`) VALUES (33, 'eyJhbGciOiJIUzI1NiIsInR5cCI6IkpXVCJ9.eyJ0b2tlbl90eXBlIjoicmVmcmVzaCIsImV4cCI6MTc1OTI1NjE2NSwiaWF0IjoxNzU5MTY5NzY1LCJqdGkiOiI2YmMwNzZjOTllMDU0ZGE5OTU0ODVhMjRmNjM4NTMyMiIsInVzZXJfaWQiOiIxIiwibXVzdF9jaGFuZ2VfcGFzc3dvcmQiOmZhbHNlfQ.Mv7nohpBZ7JY41oIMYjMknhGuuxykk8x2_kqCaE7IwM', '2025-09-29 18:16:05.168000', '2025-09-30 18:16:05', 1, '6bc076c99e054da995485a24f6385322');
INSERT INTO `token_blacklist_outstandingtoken` (`id`, `token`, `created_at`, `expires_at`, `user_id`, `jti`) VALUES (34, 'eyJhbGciOiJIUzI1NiIsInR5cCI6IkpXVCJ9.eyJ0b2tlbl90eXBlIjoicmVmcmVzaCIsImV4cCI6MTc1OTI1NjE2NSwiaWF0IjoxNzU5MTY5NzY1LCJqdGkiOiI0Zjg0NjY0NTBhM2Q0ZGZkOWM4YjI4MjYzNmQxZjRhZiIsInVzZXJfaWQiOiIxIiwibXVzdF9jaGFuZ2VfcGFzc3dvcmQiOmZhbHNlfQ.B7Csi6aKUPtsNLEAlsyWymaRzvSiU4aHD9Ye58zb2aM', '2025-09-29 18:16:05.175000', '2025-09-30 18:16:05', 1, '4f8466450a3d4dfd9c8b282636d1f4af');
INSERT INTO `token_blacklist_outstandingtoken` (`id`, `token`, `created_at`, `expires_at`, `user_id`, `jti`) VALUES (35, 'eyJhbGciOiJIUzI1NiIsInR5cCI6IkpXVCJ9.eyJ0b2tlbl90eXBlIjoicmVmcmVzaCIsImV4cCI6MTc1OTI3NTMzNSwiaWF0IjoxNzU5MTg4OTM1LCJqdGkiOiIwNWRiMjg4ZDI0MTM0YzQ3OGY5MzlhMGUzZDE3NjdiYiIsInVzZXJfaWQiOiIxIiwibXVzdF9jaGFuZ2VfcGFzc3dvcmQiOmZhbHNlfQ.8nDcB3alHdEwpiWHVmzaJYz3rHqhH1V-avBaLD7KcBc', '2025-09-29 23:35:35.977000', '2025-09-30 23:35:35', 1, '05db288d24134c478f939a0e3d1767bb');
INSERT INTO `token_blacklist_outstandingtoken` (`id`, `token`, `created_at`, `expires_at`, `user_id`, `jti`) VALUES (36, 'eyJhbGciOiJIUzI1NiIsInR5cCI6IkpXVCJ9.eyJ0b2tlbl90eXBlIjoicmVmcmVzaCIsImV4cCI6MTc1OTI3NTM3MiwiaWF0IjoxNzU5MTg4OTcyLCJqdGkiOiIzODViYjc3ZmE0OTM0MGEzOTQ4ZDIxOWQxYzhmMTA2MSIsInVzZXJfaWQiOiIxIn0.pJVnJ_0e9ZbCEXslRmmJSZ0tchBKCaLZjokQs1uQMmg', '2025-09-29 23:36:12.248000', '2025-09-30 23:36:12', 1, '385bb77fa49340a3948d219d1c8f1061');
INSERT INTO `token_blacklist_outstandingtoken` (`id`, `token`, `created_at`, `expires_at`, `user_id`, `jti`) VALUES (37, 'eyJhbGciOiJIUzI1NiIsInR5cCI6IkpXVCJ9.eyJ0b2tlbl90eXBlIjoicmVmcmVzaCIsImV4cCI6MTc1OTI3OTE0NiwiaWF0IjoxNzU5MTkyNzQ2LCJqdGkiOiI2MWQ2MTUwMmM3MGQ0ZTQyYTNjNjJjNDNmOTYwNTM3NCIsInVzZXJfaWQiOiIxIiwibXVzdF9jaGFuZ2VfcGFzc3dvcmQiOmZhbHNlfQ.ti2HjGUox4OZUtoUWLhQlC1vgmmdz6KRaGFVDdpAL20', '2025-09-30 00:39:06.181000', '2025-10-01 00:39:06', 1, '61d61502c70d4e42a3c62c43f9605374');
INSERT INTO `token_blacklist_outstandingtoken` (`id`, `token`, `created_at`, `expires_at`, `user_id`, `jti`) VALUES (38, 'eyJhbGciOiJIUzI1NiIsInR5cCI6IkpXVCJ9.eyJ0b2tlbl90eXBlIjoicmVmcmVzaCIsImV4cCI6MTc1OTI3OTE0NiwiaWF0IjoxNzU5MTkyNzQ2LCJqdGkiOiI0ZmE2Yjc5NGRlN2U0YTRlYmY4ZjZmNmVmMzQ3NTQ3ZiIsInVzZXJfaWQiOiIxIiwibXVzdF9jaGFuZ2VfcGFzc3dvcmQiOmZhbHNlfQ.fG0EDJPXt4nGAqxVgSe5iq-povynf28xcLy9zkOvHRo', '2025-09-30 00:39:06.186000', '2025-10-01 00:39:06', 1, '4fa6b794de7e4a4ebf8f6f6ef347547f');
INSERT INTO `token_blacklist_outstandingtoken` (`id`, `token`, `created_at`, `expires_at`, `user_id`, `jti`) VALUES (39, 'eyJhbGciOiJIUzI1NiIsInR5cCI6IkpXVCJ9.eyJ0b2tlbl90eXBlIjoicmVmcmVzaCIsImV4cCI6MTc1OTI4MjcwMSwiaWF0IjoxNzU5MTk2MzAxLCJqdGkiOiI2YjI5Y2NiZTg2YWQ0MGUyODUxMzU0MTBkOTNjMTQyNyIsInVzZXJfaWQiOiIxIn0.ofyCF9GlBiURwHdl8n9y_BDQ1WQ_TOkWH3aq-BbTG3s', '2025-09-30 01:38:21.577000', '2025-10-01 01:38:21', 1, '6b29ccbe86ad40e285135410d93c1427');
INSERT INTO `token_blacklist_outstandingtoken` (`id`, `token`, `created_at`, `expires_at`, `user_id`, `jti`) VALUES (40, 'eyJhbGciOiJIUzI1NiIsInR5cCI6IkpXVCJ9.eyJ0b2tlbl90eXBlIjoicmVmcmVzaCIsImV4cCI6MTc1OTI4NzcxNSwiaWF0IjoxNzU5MjAxMzE1LCJqdGkiOiI5MDEyYWZhZDgxYTQ0ZWZiYjg5MjYzOTgwMDI0NmI1NCIsInVzZXJfaWQiOiIxIiwibXVzdF9jaGFuZ2VfcGFzc3dvcmQiOmZhbHNlfQ.srFT3DlzKg7qTmgqKboedllZ6H_GuCWNZQJv05gNXv8', '2025-09-30 03:01:55.414000', '2025-10-01 03:01:55', 1, '9012afad81a44efbb892639800246b54');
INSERT INTO `token_blacklist_outstandingtoken` (`id`, `token`, `created_at`, `expires_at`, `user_id`, `jti`) VALUES (41, 'eyJhbGciOiJIUzI1NiIsInR5cCI6IkpXVCJ9.eyJ0b2tlbl90eXBlIjoicmVmcmVzaCIsImV4cCI6MTc1OTI4NzcxNSwiaWF0IjoxNzU5MjAxMzE1LCJqdGkiOiJkNmUwN2Q5NDA2YmQ0YTk2OTNlODAyNzczZjA1YWU5MCIsInVzZXJfaWQiOiIxIiwibXVzdF9jaGFuZ2VfcGFzc3dvcmQiOmZhbHNlfQ.vhG9WJEafPNwNu-moX20_Vo7ryw1QDZfskZiMHheAqk', '2025-09-30 03:01:55.417000', '2025-10-01 03:01:55', 1, 'd6e07d9406bd4a9693e802773f05ae90');
INSERT INTO `token_blacklist_outstandingtoken` (`id`, `token`, `created_at`, `expires_at`, `user_id`, `jti`) VALUES (42, 'eyJhbGciOiJIUzI1NiIsInR5cCI6IkpXVCJ9.eyJ0b2tlbl90eXBlIjoicmVmcmVzaCIsImV4cCI6MTc1OTI5MTMzMywiaWF0IjoxNzU5MjA0OTMzLCJqdGkiOiI4MTM0MjM1YWU0NmU0NTlhYTQ5OWVjZTFhNTk2YmM4ZiIsInVzZXJfaWQiOiIxIiwibXVzdF9jaGFuZ2VfcGFzc3dvcmQiOmZhbHNlfQ.EhPpLJLWqS8P73r-te7E1W09sucCHMkZ4NrB1PXiaNE', '2025-09-30 04:02:13.283000', '2025-10-01 04:02:13', 1, '8134235ae46e459aa499ece1a596bc8f');
INSERT INTO `token_blacklist_outstandingtoken` (`id`, `token`, `created_at`, `expires_at`, `user_id`, `jti`) VALUES (43, 'eyJhbGciOiJIUzI1NiIsInR5cCI6IkpXVCJ9.eyJ0b2tlbl90eXBlIjoicmVmcmVzaCIsImV4cCI6MTc1OTI5MTMzMywiaWF0IjoxNzU5MjA0OTMzLCJqdGkiOiJmMzliY2IwYWE2YmY0ZTE0ODNmNWU3NzVlYmZjOWNhZCIsInVzZXJfaWQiOiIxIiwibXVzdF9jaGFuZ2VfcGFzc3dvcmQiOmZhbHNlfQ.KrUONGmMjUUu_QXC8VNw8Hw-UByvSiK97lZi66hmLBU', '2025-09-30 04:02:13.286000', '2025-10-01 04:02:13', 1, 'f39bcb0aa6bf4e1483f5e775ebfc9cad');
INSERT INTO `token_blacklist_outstandingtoken` (`id`, `token`, `created_at`, `expires_at`, `user_id`, `jti`) VALUES (44, 'eyJhbGciOiJIUzI1NiIsInR5cCI6IkpXVCJ9.eyJ0b2tlbl90eXBlIjoicmVmcmVzaCIsImV4cCI6MTc1OTI5MjE3NiwiaWF0IjoxNzU5MjA1Nzc2LCJqdGkiOiJjNjk1YmU1YjMzYTY0NDNiYTZkMjY0ZjFmOTZlZWQxOCIsInVzZXJfaWQiOiIyIn0.lQup3IrlxBXlF45HUeWtfDpjRU68zpm6OKOnAsy2xdQ', '2025-09-30 04:16:16.638000', '2025-10-01 04:16:16', NULL, 'c695be5b33a6443ba6d264f1f96eed18');
INSERT INTO `token_blacklist_outstandingtoken` (`id`, `token`, `created_at`, `expires_at`, `user_id`, `jti`) VALUES (45, 'eyJhbGciOiJIUzI1NiIsInR5cCI6IkpXVCJ9.eyJ0b2tlbl90eXBlIjoicmVmcmVzaCIsImV4cCI6MTc1OTI5MjY3NywiaWF0IjoxNzU5MjA2Mjc3LCJqdGkiOiJlOTQyYTFlZjQ4N2Y0MGFiYjllOGVhZWUxNjNlNGMwYSIsInVzZXJfaWQiOiIxIn0.4XH9c1hGbmDsdFu7LXeDBB0BzbkMeH9PPLKycVRCsr0', '2025-09-30 04:24:37.162000', '2025-10-01 04:24:37', 1, 'e942a1ef487f40abb9e8eaee163e4c0a');
INSERT INTO `token_blacklist_outstandingtoken` (`id`, `token`, `created_at`, `expires_at`, `user_id`, `jti`) VALUES (46, 'eyJhbGciOiJIUzI1NiIsInR5cCI6IkpXVCJ9.eyJ0b2tlbl90eXBlIjoicmVmcmVzaCIsImV4cCI6MTc1OTI5NjMwMiwiaWF0IjoxNzU5MjA5OTAyLCJqdGkiOiIxYTc2OWM1NjVmZmI0ODYzODJkYzFjNDU4OGQxYmFiZSIsInVzZXJfaWQiOiIxIiwibXVzdF9jaGFuZ2VfcGFzc3dvcmQiOmZhbHNlfQ.GiTd6MhPk2qJ2R1B098RGXeIQ4V5h0fgJ2d-4GR_rlc', '2025-09-30 05:25:02.115000', '2025-10-01 05:25:02', 1, '1a769c565ffb486382dc1c4588d1babe');
INSERT INTO `token_blacklist_outstandingtoken` (`id`, `token`, `created_at`, `expires_at`, `user_id`, `jti`) VALUES (47, 'eyJhbGciOiJIUzI1NiIsInR5cCI6IkpXVCJ9.eyJ0b2tlbl90eXBlIjoicmVmcmVzaCIsImV4cCI6MTc1OTI5NjMwMiwiaWF0IjoxNzU5MjA5OTAyLCJqdGkiOiIwNWZkOTNkMDk1N2U0YThkYTI1OGY1Zjk0MTEzNGRiNiIsInVzZXJfaWQiOiIxIiwibXVzdF9jaGFuZ2VfcGFzc3dvcmQiOmZhbHNlfQ.7i-7BNXGPbOXbVKQgSKxo-uzL_pfUOZjODkaZ031xxw', '2025-09-30 05:25:02.118000', '2025-10-01 05:25:02', 1, '05fd93d0957e4a8da258f5f941134db6');
INSERT INTO `token_blacklist_outstandingtoken` (`id`, `token`, `created_at`, `expires_at`, `user_id`, `jti`) VALUES (48, 'eyJhbGciOiJIUzI1NiIsInR5cCI6IkpXVCJ9.eyJ0b2tlbl90eXBlIjoicmVmcmVzaCIsImV4cCI6MTc1OTI5OTkwNSwiaWF0IjoxNzU5MjEzNTA1LCJqdGkiOiI0MTRmNDRhMzI5OTQ0YmJkYThmYWZhMDUyZjBjNGNjZCIsInVzZXJfaWQiOiIxIiwibXVzdF9jaGFuZ2VfcGFzc3dvcmQiOmZhbHNlfQ.Mdl0ri6XCEf6lzLBSXihw326GnI-Xt9KEp9o--c7pEM', '2025-09-30 06:25:05.122000', '2025-10-01 06:25:05', 1, '414f44a329944bbda8fafa052f0c4ccd');
INSERT INTO `token_blacklist_outstandingtoken` (`id`, `token`, `created_at`, `expires_at`, `user_id`, `jti`) VALUES (49, 'eyJhbGciOiJIUzI1NiIsInR5cCI6IkpXVCJ9.eyJ0b2tlbl90eXBlIjoicmVmcmVzaCIsImV4cCI6MTc1OTMwNTcyNiwiaWF0IjoxNzU5MjE5MzI2LCJqdGkiOiIyMGFlZTMwMmE5YWE0ZWIyYmVmYThjYmNmNDRiZGE4OCIsInVzZXJfaWQiOiIxIn0.Q9DzSUWyVr-k6EH5R3WCSGFqIQAlkh1zsZmOnYHKFso', '2025-09-30 08:02:06.014000', '2025-10-01 08:02:06', 1, '20aee302a9aa4eb2befa8cbcf44bda88');
INSERT INTO `token_blacklist_outstandingtoken` (`id`, `token`, `created_at`, `expires_at`, `user_id`, `jti`) VALUES (50, 'eyJhbGciOiJIUzI1NiIsInR5cCI6IkpXVCJ9.eyJ0b2tlbl90eXBlIjoicmVmcmVzaCIsImV4cCI6MTc1OTMwOTM0MCwiaWF0IjoxNzU5MjIyOTQwLCJqdGkiOiI1Yzg0YzBlYzRkNTc0ZTdiOTg2OTI2ZjY1YWM3NTljNCIsInVzZXJfaWQiOiIxIiwibXVzdF9jaGFuZ2VfcGFzc3dvcmQiOmZhbHNlfQ.bkdcQcf3tLX8FefnHFSTx_cWFQ42xoLhuHrlPAPsBgM', '2025-09-30 09:02:20.117000', '2025-10-01 09:02:20', 1, '5c84c0ec4d574e7b986926f65ac759c4');
INSERT INTO `token_blacklist_outstandingtoken` (`id`, `token`, `created_at`, `expires_at`, `user_id`, `jti`) VALUES (51, 'eyJhbGciOiJIUzI1NiIsInR5cCI6IkpXVCJ9.eyJ0b2tlbl90eXBlIjoicmVmcmVzaCIsImV4cCI6MTc1OTMwOTM0MCwiaWF0IjoxNzU5MjIyOTQwLCJqdGkiOiJlZWFlZDkwZDhhNWM0NmY4ODg1OWUwZDRmNWY0ZTE4NiIsInVzZXJfaWQiOiIxIiwibXVzdF9jaGFuZ2VfcGFzc3dvcmQiOmZhbHNlfQ.8f9-r4FMbR6pqzPCemkLrnFXbMP9ia6wGF_IDzGY7Nc', '2025-09-30 09:02:20.127000', '2025-10-01 09:02:20', 1, 'eeaed90d8a5c46f88859e0d4f5f4e186');
INSERT INTO `token_blacklist_outstandingtoken` (`id`, `token`, `created_at`, `expires_at`, `user_id`, `jti`) VALUES (52, 'eyJhbGciOiJIUzI1NiIsInR5cCI6IkpXVCJ9.eyJ0b2tlbl90eXBlIjoicmVmcmVzaCIsImV4cCI6MTc1OTMxMjAxMywiaWF0IjoxNzU5MjI1NjEzLCJqdGkiOiIxZjdkYzg0MGNhMjU0NWU0OGFmN2Q2ZGMyMDAxODllYiIsInVzZXJfaWQiOiIzIn0.ocMAnGv3rKnDrtg7EaRUBPGZ_3VIPMLqKKNjLmYlFFE', '2025-09-30 09:46:53.164000', '2025-10-01 09:46:53', NULL, '1f7dc840ca2545e48af7d6dc200189eb');
INSERT INTO `token_blacklist_outstandingtoken` (`id`, `token`, `created_at`, `expires_at`, `user_id`, `jti`) VALUES (53, 'eyJhbGciOiJIUzI1NiIsInR5cCI6IkpXVCJ9.eyJ0b2tlbl90eXBlIjoicmVmcmVzaCIsImV4cCI6MTc1OTMxMzEyOSwiaWF0IjoxNzU5MjI2NzI5LCJqdGkiOiJlM2VmNzFlM2RlZDM0MWVjOGFmMmY4Y2M4NDRhNjg4ZSIsInVzZXJfaWQiOiIxIiwibXVzdF9jaGFuZ2VfcGFzc3dvcmQiOmZhbHNlfQ.3GcQHJe8I0awyCczse_Y37ybzdClqGPTltkd9tA7P_Q', '2025-09-30 10:05:29.691000', '2025-10-01 10:05:29', 1, 'e3ef71e3ded341ec8af2f8cc844a688e');
INSERT INTO `token_blacklist_outstandingtoken` (`id`, `token`, `created_at`, `expires_at`, `user_id`, `jti`) VALUES (54, 'eyJhbGciOiJIUzI1NiIsInR5cCI6IkpXVCJ9.eyJ0b2tlbl90eXBlIjoicmVmcmVzaCIsImV4cCI6MTc1OTMxMzEyOSwiaWF0IjoxNzU5MjI2NzI5LCJqdGkiOiI3NDAyYjdmZmVmZjY0Y2RjOWNmNGEzYmZmMTZjNjUxOSIsInVzZXJfaWQiOiIxIiwibXVzdF9jaGFuZ2VfcGFzc3dvcmQiOmZhbHNlfQ.Dv0kezittPvwMaxdQ2FBIHs5JCF8QIheh7PSaKED1Q4', '2025-09-30 10:05:29.779000', '2025-10-01 10:05:29', 1, '7402b7ffeff64cdc9cf4a3bff16c6519');
INSERT INTO `token_blacklist_outstandingtoken` (`id`, `token`, `created_at`, `expires_at`, `user_id`, `jti`) VALUES (55, 'eyJhbGciOiJIUzI1NiIsInR5cCI6IkpXVCJ9.eyJ0b2tlbl90eXBlIjoicmVmcmVzaCIsImV4cCI6MTc1OTMyMDU0NSwiaWF0IjoxNzU5MjM0MTQ1LCJqdGkiOiJkNmNkZDZhN2E3NDc0OTkxOWEyMTM2MmNjZGM4ZWFiNSIsInVzZXJfaWQiOiIxIiwibXVzdF9jaGFuZ2VfcGFzc3dvcmQiOmZhbHNlfQ.X88Ll7dNrtK3QVGytkD-tSKmMM0On9oa0swe2MOPhAc', '2025-09-30 12:09:05.045000', '2025-10-01 12:09:05', 1, 'd6cdd6a7a74749919a21362ccdc8eab5');
INSERT INTO `token_blacklist_outstandingtoken` (`id`, `token`, `created_at`, `expires_at`, `user_id`, `jti`) VALUES (56, 'eyJhbGciOiJIUzI1NiIsInR5cCI6IkpXVCJ9.eyJ0b2tlbl90eXBlIjoicmVmcmVzaCIsImV4cCI6MTc1OTMyMDU0NSwiaWF0IjoxNzU5MjM0MTQ1LCJqdGkiOiJlZjgwMTg1OTUyOTY0MzE1OTA1M2YyZTQ2ZTRlZjhhOCIsInVzZXJfaWQiOiIxIiwibXVzdF9jaGFuZ2VfcGFzc3dvcmQiOmZhbHNlfQ.86hS-xOYfg51q5VhQbaWYEszX4FTWOgisaFdUyG_WI4', '2025-09-30 12:09:05.048000', '2025-10-01 12:09:05', 1, 'ef801859529643159053f2e46e4ef8a8');
INSERT INTO `token_blacklist_outstandingtoken` (`id`, `token`, `created_at`, `expires_at`, `user_id`, `jti`) VALUES (57, 'eyJhbGciOiJIUzI1NiIsInR5cCI6IkpXVCJ9.eyJ0b2tlbl90eXBlIjoicmVmcmVzaCIsImV4cCI6MTc1OTMyMDg0NiwiaWF0IjoxNzU5MjM0NDQ2LCJqdGkiOiI0YjhhY2Y4NjJlNDU0OGIyYjBiZDgyZDg3MjRkZGEyYyIsInVzZXJfaWQiOiIyIn0.xtMVKKjQrSRWypRKcsVDmVJUzk4dcH7Y-3GS3y5zRsc', '2025-09-30 12:14:06.118000', '2025-10-01 12:14:06', NULL, '4b8acf862e4548b2b0bd82d8724dda2c');
INSERT INTO `token_blacklist_outstandingtoken` (`id`, `token`, `created_at`, `expires_at`, `user_id`, `jti`) VALUES (58, 'eyJhbGciOiJIUzI1NiIsInR5cCI6IkpXVCJ9.eyJ0b2tlbl90eXBlIjoicmVmcmVzaCIsImV4cCI6MTc1OTMyNDQ2NywiaWF0IjoxNzU5MjM4MDY3LCJqdGkiOiI2NjAyYjViYzc1NDY0ZDE4OTU0MWQwNDc1NTZjODJmYiIsInVzZXJfaWQiOiIyIiwibXVzdF9jaGFuZ2VfcGFzc3dvcmQiOmZhbHNlfQ.ylGSZR3u2XtVHR2xHLWDmWCDZN7Y59-wE1TT_8Lglzc', '2025-09-30 13:14:27.925000', '2025-10-01 13:14:27', NULL, '6602b5bc75464d189541d047556c82fb');
INSERT INTO `token_blacklist_outstandingtoken` (`id`, `token`, `created_at`, `expires_at`, `user_id`, `jti`) VALUES (59, 'eyJhbGciOiJIUzI1NiIsInR5cCI6IkpXVCJ9.eyJ0b2tlbl90eXBlIjoicmVmcmVzaCIsImV4cCI6MTc1OTMyNDQ2NywiaWF0IjoxNzU5MjM4MDY3LCJqdGkiOiJmYTcwMTcwODExYTU0NmU5YmE4MjU1OTcyZGQ1MTkzNyIsInVzZXJfaWQiOiIyIiwibXVzdF9jaGFuZ2VfcGFzc3dvcmQiOmZhbHNlfQ.Rwyo-tkNPiRep1ud1RucRhkGFZWhzSuzhcI1vh_87nQ', '2025-09-30 13:14:27.941000', '2025-10-01 13:14:27', NULL, 'fa70170811a546e9ba8255972dd51937');
INSERT INTO `token_blacklist_outstandingtoken` (`id`, `token`, `created_at`, `expires_at`, `user_id`, `jti`) VALUES (60, 'eyJhbGciOiJIUzI1NiIsInR5cCI6IkpXVCJ9.eyJ0b2tlbl90eXBlIjoicmVmcmVzaCIsImV4cCI6MTc1OTMyNDY3MiwiaWF0IjoxNzU5MjM4MjcyLCJqdGkiOiI4MWI5NGE0OTAxYzE0ZGEwYWRiMGQ1MjFkNmU2NTY0MCIsInVzZXJfaWQiOiIxIn0.7kvv1uTnZGpZH0pbTeKiUGh1azgLO433do9vmkS5X0k', '2025-09-30 13:17:52.609000', '2025-10-01 13:17:52', 1, '81b94a4901c14da0adb0d521d6e65640');
INSERT INTO `token_blacklist_outstandingtoken` (`id`, `token`, `created_at`, `expires_at`, `user_id`, `jti`) VALUES (61, 'eyJhbGciOiJIUzI1NiIsInR5cCI6IkpXVCJ9.eyJ0b2tlbl90eXBlIjoicmVmcmVzaCIsImV4cCI6MTc1OTMyODMzMSwiaWF0IjoxNzU5MjQxOTMxLCJqdGkiOiIwYzczOTZmZmRmZTg0YjQzOTZjNmM3MzAyN2YxMTdmMiIsInVzZXJfaWQiOiIxIiwibXVzdF9jaGFuZ2VfcGFzc3dvcmQiOmZhbHNlfQ.3dgjqFIRzSi4bZ9vQclyROGx3BsZ4FEL2h7snZGxXPw', '2025-09-30 14:18:51.044000', '2025-10-01 14:18:51', 1, '0c7396ffdfe84b4396c6c73027f117f2');
INSERT INTO `token_blacklist_outstandingtoken` (`id`, `token`, `created_at`, `expires_at`, `user_id`, `jti`) VALUES (62, 'eyJhbGciOiJIUzI1NiIsInR5cCI6IkpXVCJ9.eyJ0b2tlbl90eXBlIjoicmVmcmVzaCIsImV4cCI6MTc1OTMyODMzMSwiaWF0IjoxNzU5MjQxOTMxLCJqdGkiOiIwN2Y1OWNiMTg0MDM0Mzg4YmU1ODY2OTM5OWM5NmZiNSIsInVzZXJfaWQiOiIxIiwibXVzdF9jaGFuZ2VfcGFzc3dvcmQiOmZhbHNlfQ.yIWO90ncJduCk7U5ncJ_dQ9pCgWw5gSi_SHWsU8e3A4', '2025-09-30 14:18:51.040000', '2025-10-01 14:18:51', 1, '07f59cb184034388be58669399c96fb5');
INSERT INTO `token_blacklist_outstandingtoken` (`id`, `token`, `created_at`, `expires_at`, `user_id`, `jti`) VALUES (63, 'eyJhbGciOiJIUzI1NiIsInR5cCI6IkpXVCJ9.eyJ0b2tlbl90eXBlIjoicmVmcmVzaCIsImV4cCI6MTc1OTMzMTkzMywiaWF0IjoxNzU5MjQ1NTMzLCJqdGkiOiJhMzA0OTY0MGE1ZTI0M2Y3OTk1NjUwNDkzM2YyM2NhZSIsInVzZXJfaWQiOiIxIiwibXVzdF9jaGFuZ2VfcGFzc3dvcmQiOmZhbHNlfQ.uG58dr8HS_Xmh7qHWw-cw80pJyLggUleky5BO4YEkgY', '2025-09-30 15:18:53.309000', '2025-10-01 15:18:53', 1, 'a3049640a5e243f79956504933f23cae');
INSERT INTO `token_blacklist_outstandingtoken` (`id`, `token`, `created_at`, `expires_at`, `user_id`, `jti`) VALUES (64, 'eyJhbGciOiJIUzI1NiIsInR5cCI6IkpXVCJ9.eyJ0b2tlbl90eXBlIjoicmVmcmVzaCIsImV4cCI6MTc1OTMzMTkzMywiaWF0IjoxNzU5MjQ1NTMzLCJqdGkiOiIyOWM2NzkwYWQ0ODQ0NzQzYjVlOTc5N2E3YWVjMWQ4YiIsInVzZXJfaWQiOiIxIiwibXVzdF9jaGFuZ2VfcGFzc3dvcmQiOmZhbHNlfQ.yFBxTNOTgP8fvZFiFBpBoHx4f8bzV351M1Gc1Aak9hg', '2025-09-30 15:18:53.305000', '2025-10-01 15:18:53', 1, '29c6790ad4844743b5e9797a7aec1d8b');
INSERT INTO `token_blacklist_outstandingtoken` (`id`, `token`, `created_at`, `expires_at`, `user_id`, `jti`) VALUES (65, 'eyJhbGciOiJIUzI1NiIsInR5cCI6IkpXVCJ9.eyJ0b2tlbl90eXBlIjoicmVmcmVzaCIsImV4cCI6MTc1OTMzNTU5MCwiaWF0IjoxNzU5MjQ5MTkwLCJqdGkiOiJjM2ZkMmZlMDI0NGQ0YzUyODFkZjljOGQzNjUxYWRiNiIsInVzZXJfaWQiOiIxIiwibXVzdF9jaGFuZ2VfcGFzc3dvcmQiOmZhbHNlfQ.ZWBwzc9mI437HgIRiii5YJFLBYSyW_DFecuCrmo7Ukc', '2025-09-30 16:19:50.736000', '2025-10-01 16:19:50', 1, 'c3fd2fe0244d4c5281df9c8d3651adb6');
INSERT INTO `token_blacklist_outstandingtoken` (`id`, `token`, `created_at`, `expires_at`, `user_id`, `jti`) VALUES (66, 'eyJhbGciOiJIUzI1NiIsInR5cCI6IkpXVCJ9.eyJ0b2tlbl90eXBlIjoicmVmcmVzaCIsImV4cCI6MTc1OTMzNTU5MSwiaWF0IjoxNzU5MjQ5MTkxLCJqdGkiOiJkN2I1Y2VkMTg3OTU0ZmZhYjE1ZDA3YjlhYTU3NTY0NSIsInVzZXJfaWQiOiIxIiwibXVzdF9jaGFuZ2VfcGFzc3dvcmQiOmZhbHNlfQ.BKGWxPXw42vABcY0uxXRjGF-SBd9TJVS5U5aXjVdyZE', '2025-09-30 16:19:51.107000', '2025-10-01 16:19:51', 1, 'd7b5ced187954ffab15d07b9aa575645');
INSERT INTO `token_blacklist_outstandingtoken` (`id`, `token`, `created_at`, `expires_at`, `user_id`, `jti`) VALUES (67, 'eyJhbGciOiJIUzI1NiIsInR5cCI6IkpXVCJ9.eyJ0b2tlbl90eXBlIjoicmVmcmVzaCIsImV4cCI6MTc1OTMzNTczMywiaWF0IjoxNzU5MjQ5MzMzLCJqdGkiOiJkNzllNmNiZmJkMmE0ZGZhODU4MjlkYThjMmZiMzg5MSIsInVzZXJfaWQiOiIxIn0.iz2M98e2VlBLi1JuLq1UrM5dP2pOxlLsAmpY_y4XP9Y', '2025-09-30 16:22:13.947000', '2025-10-01 16:22:13', 1, 'd79e6cbfbd2a4dfa85829da8c2fb3891');
INSERT INTO `token_blacklist_outstandingtoken` (`id`, `token`, `created_at`, `expires_at`, `user_id`, `jti`) VALUES (68, 'eyJhbGciOiJIUzI1NiIsInR5cCI6IkpXVCJ9.eyJ0b2tlbl90eXBlIjoicmVmcmVzaCIsImV4cCI6MTc1OTMzOTMzMywiaWF0IjoxNzU5MjUyOTMzLCJqdGkiOiI3Y2MzNzVkMTRlMjU0N2Q2YTUxMzg1ZGM4N2VhNTIzOSIsInVzZXJfaWQiOiIxIiwibXVzdF9jaGFuZ2VfcGFzc3dvcmQiOmZhbHNlfQ.IpGvSk3xof8O4LvhRCeowH_tSEfT9zde1Euhbme17mg', '2025-09-30 17:22:13.329000', '2025-10-01 17:22:13', 1, '7cc375d14e2547d6a51385dc87ea5239');
INSERT INTO `token_blacklist_outstandingtoken` (`id`, `token`, `created_at`, `expires_at`, `user_id`, `jti`) VALUES (69, 'eyJhbGciOiJIUzI1NiIsInR5cCI6IkpXVCJ9.eyJ0b2tlbl90eXBlIjoicmVmcmVzaCIsImV4cCI6MTc1OTMzOTMzMywiaWF0IjoxNzU5MjUyOTMzLCJqdGkiOiJhOTNiNjIzOWQyMTk0NTg2OGIwMWU5NjE2OTk4ODA2NyIsInVzZXJfaWQiOiIxIiwibXVzdF9jaGFuZ2VfcGFzc3dvcmQiOmZhbHNlfQ.QLc3dFqwKYRKMbQ46afA1-vas91pG2wD05vLM5jk9TM', '2025-09-30 17:22:13.341000', '2025-10-01 17:22:13', 1, 'a93b6239d21945868b01e96169988067');
INSERT INTO `token_blacklist_outstandingtoken` (`id`, `token`, `created_at`, `expires_at`, `user_id`, `jti`) VALUES (70, 'eyJhbGciOiJIUzI1NiIsInR5cCI6IkpXVCJ9.eyJ0b2tlbl90eXBlIjoicmVmcmVzaCIsImV4cCI6MTc1OTM0Mjk0MywiaWF0IjoxNzU5MjU2NTQzLCJqdGkiOiJjNWYwMWE0MGZhNmQ0MTFmYmUwNzU1MWM0MTRhZGQwYyIsInVzZXJfaWQiOiIxIiwibXVzdF9jaGFuZ2VfcGFzc3dvcmQiOmZhbHNlfQ.7xP8ItRJJX9ywDfFfIcFxHktE6isFplF8nMyU0Y6sEM', '2025-09-30 18:22:23.462000', '2025-10-01 18:22:23', 1, 'c5f01a40fa6d411fbe07551c414add0c');
INSERT INTO `token_blacklist_outstandingtoken` (`id`, `token`, `created_at`, `expires_at`, `user_id`, `jti`) VALUES (71, 'eyJhbGciOiJIUzI1NiIsInR5cCI6IkpXVCJ9.eyJ0b2tlbl90eXBlIjoicmVmcmVzaCIsImV4cCI6MTc1OTM0Mjk0MywiaWF0IjoxNzU5MjU2NTQzLCJqdGkiOiJmODRlMjFjNzJhMjk0N2FkYWFiZTVlYmNhZWJmZmJmMCIsInVzZXJfaWQiOiIxIiwibXVzdF9jaGFuZ2VfcGFzc3dvcmQiOmZhbHNlfQ.Wcuqez-6PnTP3SR7pQKm0HGdguiBqOuEhfUugCLqYhw', '2025-09-30 18:22:23.476000', '2025-10-01 18:22:23', 1, 'f84e21c72a2947adaabe5ebcaebffbf0');
INSERT INTO `token_blacklist_outstandingtoken` (`id`, `token`, `created_at`, `expires_at`, `user_id`, `jti`) VALUES (72, 'eyJhbGciOiJIUzI1NiIsInR5cCI6IkpXVCJ9.eyJ0b2tlbl90eXBlIjoicmVmcmVzaCIsImV4cCI6MTc1OTM2MTE4MCwiaWF0IjoxNzU5Mjc0NzgwLCJqdGkiOiJjNGJkMDY1MWU5ODI0YmQ2YWY2MzVhMTY2ZGFmYTc0ZSIsInVzZXJfaWQiOiIxIiwibXVzdF9jaGFuZ2VfcGFzc3dvcmQiOmZhbHNlfQ.lKk-WgaB2Ehv0lU35gHpDww3WVOSuXC94Ps4PLEj5jQ', '2025-09-30 23:26:20.578000', '2025-10-01 23:26:20', 1, 'c4bd0651e9824bd6af635a166dafa74e');
INSERT INTO `token_blacklist_outstandingtoken` (`id`, `token`, `created_at`, `expires_at`, `user_id`, `jti`) VALUES (73, 'eyJhbGciOiJIUzI1NiIsInR5cCI6IkpXVCJ9.eyJ0b2tlbl90eXBlIjoicmVmcmVzaCIsImV4cCI6MTc1OTM2MTE4MCwiaWF0IjoxNzU5Mjc0NzgwLCJqdGkiOiJmNmY2NjcxNjA3YTU0ZjBiOGZhOGQzYmY2YmM2MTE0NiIsInVzZXJfaWQiOiIxIiwibXVzdF9jaGFuZ2VfcGFzc3dvcmQiOmZhbHNlfQ.XPEoCkaKjX5A839sjS2BXOki-JADTO1L2BLF0_O1Cpk', '2025-09-30 23:26:20.604000', '2025-10-01 23:26:20', 1, 'f6f6671607a54f0b8fa8d3bf6bc61146');
INSERT INTO `token_blacklist_outstandingtoken` (`id`, `token`, `created_at`, `expires_at`, `user_id`, `jti`) VALUES (74, 'eyJhbGciOiJIUzI1NiIsInR5cCI6IkpXVCJ9.eyJ0b2tlbl90eXBlIjoicmVmcmVzaCIsImV4cCI6MTc1OTM2MTE5NSwiaWF0IjoxNzU5Mjc0Nzk1LCJqdGkiOiI1ZjlkOTg1ZDdkNjE0MzgyOTc1YzkwMWMyMzIxMzBkNiIsInVzZXJfaWQiOiIxIiwibXVzdF9jaGFuZ2VfcGFzc3dvcmQiOmZhbHNlfQ.z7_cP-MdbE9jbfevW0hqXeeits1zI3jouaVoX7ckQhM', '2025-09-30 23:26:35.210000', '2025-10-01 23:26:35', 1, '5f9d985d7d614382975c901c232130d6');
INSERT INTO `token_blacklist_outstandingtoken` (`id`, `token`, `created_at`, `expires_at`, `user_id`, `jti`) VALUES (75, 'eyJhbGciOiJIUzI1NiIsInR5cCI6IkpXVCJ9.eyJ0b2tlbl90eXBlIjoicmVmcmVzaCIsImV4cCI6MTc1OTM2NDgyNCwiaWF0IjoxNzU5Mjc4NDI0LCJqdGkiOiI3MjE3Yjc5NDM3MjM0N2UwYmE5MjdjMDUyYmI5YTljYyIsInVzZXJfaWQiOiIxIiwibXVzdF9jaGFuZ2VfcGFzc3dvcmQiOmZhbHNlfQ.4wIg3DyIDl5uvUnsFGDMBBgNmAFDHaHR9PjeoUJmXTA', '2025-10-01 00:27:04.234000', '2025-10-02 00:27:04', 1, '7217b794372347e0ba927c052bb9a9cc');
INSERT INTO `token_blacklist_outstandingtoken` (`id`, `token`, `created_at`, `expires_at`, `user_id`, `jti`) VALUES (76, 'eyJhbGciOiJIUzI1NiIsInR5cCI6IkpXVCJ9.eyJ0b2tlbl90eXBlIjoicmVmcmVzaCIsImV4cCI6MTc1OTM2NDgyNCwiaWF0IjoxNzU5Mjc4NDI0LCJqdGkiOiI4MGY5ZWUzM2YyNDU0ZTBmOTE5YzI5N2ZlODg3ZWUzZiIsInVzZXJfaWQiOiIxIiwibXVzdF9jaGFuZ2VfcGFzc3dvcmQiOmZhbHNlfQ.7_3kt4_i2MucvOsfTxiEXcHLmffqAyWj4NOAGUfYp90', '2025-10-01 00:27:04.238000', '2025-10-02 00:27:04', 1, '80f9ee33f2454e0f919c297fe887ee3f');
INSERT INTO `token_blacklist_outstandingtoken` (`id`, `token`, `created_at`, `expires_at`, `user_id`, `jti`) VALUES (77, 'eyJhbGciOiJIUzI1NiIsInR5cCI6IkpXVCJ9.eyJ0b2tlbl90eXBlIjoicmVmcmVzaCIsImV4cCI6MTc1OTM2OTU0NSwiaWF0IjoxNzU5MjgzMTQ1LCJqdGkiOiI5Zjc5ZjNjOTM5ZDY0MDQ1OTI3OTY2YzBjZDRiMGMxMCIsInVzZXJfaWQiOiIxIiwibXVzdF9jaGFuZ2VfcGFzc3dvcmQiOmZhbHNlfQ.WqPGRRk4znEZNS6BQWdqd4KOHGOj7ntN0LBzEnSVO6E', '2025-10-01 01:45:45.143000', '2025-10-02 01:45:45', 1, '9f79f3c939d64045927966c0cd4b0c10');
INSERT INTO `token_blacklist_outstandingtoken` (`id`, `token`, `created_at`, `expires_at`, `user_id`, `jti`) VALUES (78, 'eyJhbGciOiJIUzI1NiIsInR5cCI6IkpXVCJ9.eyJ0b2tlbl90eXBlIjoicmVmcmVzaCIsImV4cCI6MTc1OTM2OTU0NSwiaWF0IjoxNzU5MjgzMTQ1LCJqdGkiOiJmOGFiNTUzNTA0ODM0ZTNiOTk3NzMzZDA4NWEzYWVlYyIsInVzZXJfaWQiOiIxIiwibXVzdF9jaGFuZ2VfcGFzc3dvcmQiOmZhbHNlfQ.gjUfa321kbfbTjwFmk34L0ENNyOh7jf_-kUJ72vgBVM', '2025-10-01 01:45:45.140000', '2025-10-02 01:45:45', 1, 'f8ab553504834e3b997733d085a3aeec');
INSERT INTO `token_blacklist_outstandingtoken` (`id`, `token`, `created_at`, `expires_at`, `user_id`, `jti`) VALUES (79, 'eyJhbGciOiJIUzI1NiIsInR5cCI6IkpXVCJ9.eyJ0b2tlbl90eXBlIjoicmVmcmVzaCIsImV4cCI6MTc1OTM3Mjg5NiwiaWF0IjoxNzU5Mjg2NDk2LCJqdGkiOiI4MWVhOTFkOTQ3YTk0NGU1OWE1YmFmYTBiMmUwMjJiYiIsInVzZXJfaWQiOiIxIn0.naviXA6JPkCsnDkBhqEV62ClOyh4x_i46XJV_FxwHQU', '2025-10-01 02:41:36.967000', '2025-10-02 02:41:36', 1, '81ea91d947a944e59a5bafa0b2e022bb');
INSERT INTO `token_blacklist_outstandingtoken` (`id`, `token`, `created_at`, `expires_at`, `user_id`, `jti`) VALUES (80, 'eyJhbGciOiJIUzI1NiIsInR5cCI6IkpXVCJ9.eyJ0b2tlbl90eXBlIjoicmVmcmVzaCIsImV4cCI6MTc1OTM3MzUyMiwiaWF0IjoxNzU5Mjg3MTIyLCJqdGkiOiJiZjFmNWVjMmY0Mzg0NDRlYTEwM2M1MWVjYzRiZDAyOCIsInVzZXJfaWQiOiI0In0.yrrETbaTVqRmRsWbKejyanlRuOf7pFs43F4rikTVPdo', '2025-10-01 02:52:02.345000', '2025-10-02 02:52:02', NULL, 'bf1f5ec2f438444ea103c51ecc4bd028');
INSERT INTO `token_blacklist_outstandingtoken` (`id`, `token`, `created_at`, `expires_at`, `user_id`, `jti`) VALUES (81, 'eyJhbGciOiJIUzI1NiIsInR5cCI6IkpXVCJ9.eyJ0b2tlbl90eXBlIjoicmVmcmVzaCIsImV4cCI6MTc1OTM3NjkzNSwiaWF0IjoxNzU5MjkwNTM1LCJqdGkiOiI5YTljYzZiNGE3Mjg0OWQxOTNjZWI2NjJkNTc0NWMyNSIsInVzZXJfaWQiOiIxIiwibXVzdF9jaGFuZ2VfcGFzc3dvcmQiOmZhbHNlfQ.985gu9PEJc0HkGmQDyb8KhRaZlAZZwNRFCTmmiGVtPs', '2025-10-01 03:48:55.114000', '2025-10-02 03:48:55', 1, '9a9cc6b4a72849d193ceb662d5745c25');
INSERT INTO `token_blacklist_outstandingtoken` (`id`, `token`, `created_at`, `expires_at`, `user_id`, `jti`) VALUES (82, 'eyJhbGciOiJIUzI1NiIsInR5cCI6IkpXVCJ9.eyJ0b2tlbl90eXBlIjoicmVmcmVzaCIsImV4cCI6MTc1OTM3NjkzNSwiaWF0IjoxNzU5MjkwNTM1LCJqdGkiOiJlNzg1NjFjMmE0ZjA0MDk4OGYzNjc5YTcwZjU4NzhmMiIsInVzZXJfaWQiOiIxIiwibXVzdF9jaGFuZ2VfcGFzc3dvcmQiOmZhbHNlfQ.0mv0ZKfrG5XQeVfmEnFmQA1zTWS4NBaGAokboPLyw7o', '2025-10-01 03:48:55.107000', '2025-10-02 03:48:55', 1, 'e78561c2a4f040988f3679a70f5878f2');
INSERT INTO `token_blacklist_outstandingtoken` (`id`, `token`, `created_at`, `expires_at`, `user_id`, `jti`) VALUES (83, 'eyJhbGciOiJIUzI1NiIsInR5cCI6IkpXVCJ9.eyJ0b2tlbl90eXBlIjoicmVmcmVzaCIsImV4cCI6MTc1OTM3NzE3NiwiaWF0IjoxNzU5MjkwNzc2LCJqdGkiOiJkNWY5MjJjNDFjYjc0MDMwODJjMWJkZDQ5MzBjODFjNSIsInVzZXJfaWQiOiIxIn0.W5Y3_9hObh3oJMmD-ZB9zbnJnzgdL55gQNnh3KF0UWw', '2025-10-01 03:52:56.604000', '2025-10-02 03:52:56', 1, 'd5f922c41cb7403082c1bdd4930c81c5');
INSERT INTO `token_blacklist_outstandingtoken` (`id`, `token`, `created_at`, `expires_at`, `user_id`, `jti`) VALUES (84, 'eyJhbGciOiJIUzI1NiIsInR5cCI6IkpXVCJ9.eyJ0b2tlbl90eXBlIjoicmVmcmVzaCIsImV4cCI6MTc1OTM4MDEwNSwiaWF0IjoxNzU5MjkzNzA1LCJqdGkiOiJiN2FkMWVlMzY1NTA0OTc3YTA4MjBjMGI0NTNmY2EwNyIsInVzZXJfaWQiOiIzIn0.ajTGnEaIxSXzhB92ZiZQQ0_k6OlqALXuOkhUIrAy2_Q', '2025-10-01 04:41:45.958000', '2025-10-02 04:41:45', NULL, 'b7ad1ee365504977a0820c0b453fca07');
INSERT INTO `token_blacklist_outstandingtoken` (`id`, `token`, `created_at`, `expires_at`, `user_id`, `jti`) VALUES (85, 'eyJhbGciOiJIUzI1NiIsInR5cCI6IkpXVCJ9.eyJ0b2tlbl90eXBlIjoicmVmcmVzaCIsImV4cCI6MTc1OTM4MDE4NCwiaWF0IjoxNzU5MjkzNzg0LCJqdGkiOiIxOTJhMTM0MDhiOTI0NjExYjQ0M2JlMDJjYjZlNTQzOCIsInVzZXJfaWQiOiIxIn0.n4wG83-J4ejDVuSJuq2mJdfwx86A5sNvdQKd4UPsVIY', '2025-10-01 04:43:04.363000', '2025-10-02 04:43:04', 1, '192a13408b924611b443be02cb6e5438');
INSERT INTO `token_blacklist_outstandingtoken` (`id`, `token`, `created_at`, `expires_at`, `user_id`, `jti`) VALUES (86, 'eyJhbGciOiJIUzI1NiIsInR5cCI6IkpXVCJ9.eyJ0b2tlbl90eXBlIjoicmVmcmVzaCIsImV4cCI6MTc1OTM4MDI4MywiaWF0IjoxNzU5MjkzODgzLCJqdGkiOiJlZGViMzc5MjNiZjE0OWI3OGM0YWY4M2ZhN2JhOGFkZCIsInVzZXJfaWQiOiI1In0.VM5MXbE1abyGuAR6L4EEAzs1edJWrdjGV4vm43r1ek8', '2025-10-01 04:44:43.938000', '2025-10-02 04:44:43', NULL, 'edeb37923bf149b78c4af83fa7ba8add');
INSERT INTO `token_blacklist_outstandingtoken` (`id`, `token`, `created_at`, `expires_at`, `user_id`, `jti`) VALUES (87, 'eyJhbGciOiJIUzI1NiIsInR5cCI6IkpXVCJ9.eyJ0b2tlbl90eXBlIjoicmVmcmVzaCIsImV4cCI6MTc1OTM4MTI4OSwiaWF0IjoxNzU5Mjk0ODg5LCJqdGkiOiI3NWM0YzhiNGRiMDE0YzBmYTU2NTk0YmUyZjg0NzRiZSIsInVzZXJfaWQiOiI1In0.pdtarrWG_T2NSVyUq9jWQRwn5EmZ0a9UfGaY1o0xlUQ', '2025-10-01 05:01:29.196000', '2025-10-02 05:01:29', NULL, '75c4c8b4db014c0fa56594be2f8474be');
INSERT INTO `token_blacklist_outstandingtoken` (`id`, `token`, `created_at`, `expires_at`, `user_id`, `jti`) VALUES (88, 'eyJhbGciOiJIUzI1NiIsInR5cCI6IkpXVCJ9.eyJ0b2tlbl90eXBlIjoicmVmcmVzaCIsImV4cCI6MTc1OTM4MzMwMSwiaWF0IjoxNzU5Mjk2OTAxLCJqdGkiOiIwYjYzYmE5ZWNiNzg0MGVjYTU5MWZiNjA2MDg5MDMwYSIsInVzZXJfaWQiOiIxIn0.oibFSuikdmUnjv0qfIAVxtY14WW05kuTSf7d-OEAJd4', '2025-10-01 05:35:01.360000', '2025-10-02 05:35:01', 1, '0b63ba9ecb7840eca591fb606089030a');
INSERT INTO `token_blacklist_outstandingtoken` (`id`, `token`, `created_at`, `expires_at`, `user_id`, `jti`) VALUES (89, 'eyJhbGciOiJIUzI1NiIsInR5cCI6IkpXVCJ9.eyJ0b2tlbl90eXBlIjoicmVmcmVzaCIsImV4cCI6MTc1OTM4Mzk2NCwiaWF0IjoxNzU5Mjk3NTY0LCJqdGkiOiI2MDI3MmUxZWM5Njg0MzQxYWEzZmQ3OGVhMDE5MWQ4MiIsInVzZXJfaWQiOiI2In0.buOHdRmMDNMrG32lnebgxqnbGbADss5qi4OJzV9rxxY', '2025-10-01 05:46:04.972000', '2025-10-02 05:46:04', NULL, '60272e1ec9684341aa3fd78ea0191d82');
INSERT INTO `token_blacklist_outstandingtoken` (`id`, `token`, `created_at`, `expires_at`, `user_id`, `jti`) VALUES (90, 'eyJhbGciOiJIUzI1NiIsInR5cCI6IkpXVCJ9.eyJ0b2tlbl90eXBlIjoicmVmcmVzaCIsImV4cCI6MTc1OTM4NDg5MiwiaWF0IjoxNzU5Mjk4NDkyLCJqdGkiOiI2OTBlYTg2NTA5ZTM0MWM2YmJiZWUyYTNhNDMzMzUxYSIsInVzZXJfaWQiOiI1IiwibXVzdF9jaGFuZ2VfcGFzc3dvcmQiOmZhbHNlfQ.-Hhu_SHOuxRTPm7JczLUdiYL0v_DwFVQxy5qyhF7mGU', '2025-10-01 06:01:32.047000', '2025-10-02 06:01:32', NULL, '690ea86509e341c6bbbee2a3a433351a');
INSERT INTO `token_blacklist_outstandingtoken` (`id`, `token`, `created_at`, `expires_at`, `user_id`, `jti`) VALUES (91, 'eyJhbGciOiJIUzI1NiIsInR5cCI6IkpXVCJ9.eyJ0b2tlbl90eXBlIjoicmVmcmVzaCIsImV4cCI6MTc1OTM4NDg5MiwiaWF0IjoxNzU5Mjk4NDkyLCJqdGkiOiJhNzk3NjliZjVhMDk0NzViODM5YzMzNDhiMTE3NzI4NSIsInVzZXJfaWQiOiI1IiwibXVzdF9jaGFuZ2VfcGFzc3dvcmQiOmZhbHNlfQ.dxvSryVlS-r_d-IBKWHdInJKbgSTgwiPHZ9KyUxbpPo', '2025-10-01 06:01:32.049000', '2025-10-02 06:01:32', NULL, 'a79769bf5a09475b839c3348b1177285');
INSERT INTO `token_blacklist_outstandingtoken` (`id`, `token`, `created_at`, `expires_at`, `user_id`, `jti`) VALUES (92, 'eyJhbGciOiJIUzI1NiIsInR5cCI6IkpXVCJ9.eyJ0b2tlbl90eXBlIjoicmVmcmVzaCIsImV4cCI6MTc1OTM4NjkzMCwiaWF0IjoxNzU5MzAwNTMwLCJqdGkiOiIyZjdkN2ZjM2NmNzY0YzBjOTk3M2Y2MmQ5MzU2NGQ5NCIsInVzZXJfaWQiOiIxIiwibXVzdF9jaGFuZ2VfcGFzc3dvcmQiOmZhbHNlfQ.Iz3qmO8UH9nvbRP-VxtOlRyCzO8sDr4sBGGm85sCbf8', '2025-10-01 06:35:30.161000', '2025-10-02 06:35:30', 1, '2f7d7fc3cf764c0c9973f62d93564d94');
INSERT INTO `token_blacklist_outstandingtoken` (`id`, `token`, `created_at`, `expires_at`, `user_id`, `jti`) VALUES (93, 'eyJhbGciOiJIUzI1NiIsInR5cCI6IkpXVCJ9.eyJ0b2tlbl90eXBlIjoicmVmcmVzaCIsImV4cCI6MTc1OTM4NjkzMCwiaWF0IjoxNzU5MzAwNTMwLCJqdGkiOiJlNzA0ODc2MjYwYWU0NjU3ODhmNjRjMzk1NjgxMWEzNyIsInVzZXJfaWQiOiIxIiwibXVzdF9jaGFuZ2VfcGFzc3dvcmQiOmZhbHNlfQ._XtvPQFsLlgAoT2Qy3yW18ejhHPcaZ2MK3gDHv4081U', '2025-10-01 06:35:30.165000', '2025-10-02 06:35:30', 1, 'e704876260ae465788f64c3956811a37');
INSERT INTO `token_blacklist_outstandingtoken` (`id`, `token`, `created_at`, `expires_at`, `user_id`, `jti`) VALUES (94, 'eyJhbGciOiJIUzI1NiIsInR5cCI6IkpXVCJ9.eyJ0b2tlbl90eXBlIjoicmVmcmVzaCIsImV4cCI6MTc1OTM5MzMwMywiaWF0IjoxNzU5MzA2OTAzLCJqdGkiOiI0MzllYTcxMDE1NDU0MjdlYWUzNDc3YjMyYzEzMmZkNyIsInVzZXJfaWQiOiIxIiwibXVzdF9jaGFuZ2VfcGFzc3dvcmQiOmZhbHNlfQ.wwG5-9iLAT0DhD1MZ2S4b85UVHz3I_ZAnFHjTvJvNTI', '2025-10-01 08:21:43.500000', '2025-10-02 08:21:43', 1, '439ea7101545427eae3477b32c132fd7');
INSERT INTO `token_blacklist_outstandingtoken` (`id`, `token`, `created_at`, `expires_at`, `user_id`, `jti`) VALUES (95, 'eyJhbGciOiJIUzI1NiIsInR5cCI6IkpXVCJ9.eyJ0b2tlbl90eXBlIjoicmVmcmVzaCIsImV4cCI6MTc1OTM5MzMwMywiaWF0IjoxNzU5MzA2OTAzLCJqdGkiOiIwY2UyMGNiMGRlMTk0NWNkYjAwN2NmOTBkYzFhMjg5ZiIsInVzZXJfaWQiOiI1IiwibXVzdF9jaGFuZ2VfcGFzc3dvcmQiOmZhbHNlfQ.1GhXCLATB1m8TKfjgXIhRzK_cTre1EUiOxu4_V6oBpk', '2025-10-01 08:21:43.504000', '2025-10-02 08:21:43', NULL, '0ce20cb0de1945cdb007cf90dc1a289f');
INSERT INTO `token_blacklist_outstandingtoken` (`id`, `token`, `created_at`, `expires_at`, `user_id`, `jti`) VALUES (96, 'eyJhbGciOiJIUzI1NiIsInR5cCI6IkpXVCJ9.eyJ0b2tlbl90eXBlIjoicmVmcmVzaCIsImV4cCI6MTc1OTM5NjkwMywiaWF0IjoxNzU5MzEwNTAzLCJqdGkiOiJjNTA3MTYxYTI0ZjU0NDA3YTExOTRiNGU1MThiYzkyNSIsInVzZXJfaWQiOiIxIn0.WdVJrrxn90CVBCT5Gad3ZOC8TGFzK9F3StxgKnvjV8s', '2025-10-01 09:21:43.258000', '2025-10-02 09:21:43', 1, 'c507161a24f54407a1194b4e518bc925');
INSERT INTO `token_blacklist_outstandingtoken` (`id`, `token`, `created_at`, `expires_at`, `user_id`, `jti`) VALUES (97, 'eyJhbGciOiJIUzI1NiIsInR5cCI6IkpXVCJ9.eyJ0b2tlbl90eXBlIjoicmVmcmVzaCIsImV4cCI6MTc1OTM5Njk5MiwiaWF0IjoxNzU5MzEwNTkyLCJqdGkiOiIxMDMxZDY3NDFhODI0N2YxYmQ4OTY5ZDkyNTcwNDA2MyIsInVzZXJfaWQiOiIxIiwibXVzdF9jaGFuZ2VfcGFzc3dvcmQiOmZhbHNlfQ.upV7Tlwob3B6RCLoVZlf2oEaTjsE2CwRO3GEae0aeA8', '2025-10-01 09:23:12.739000', '2025-10-02 09:23:12', 1, '1031d6741a8247f1bd8969d925704063');
INSERT INTO `token_blacklist_outstandingtoken` (`id`, `token`, `created_at`, `expires_at`, `user_id`, `jti`) VALUES (98, 'eyJhbGciOiJIUzI1NiIsInR5cCI6IkpXVCJ9.eyJ0b2tlbl90eXBlIjoicmVmcmVzaCIsImV4cCI6MTc1OTM5NzAwNCwiaWF0IjoxNzU5MzEwNjA0LCJqdGkiOiIzNWE3ZTE0ZTQ4MzA0MzdhODNjNWIxNzQxYzdhYmE5MyIsInVzZXJfaWQiOiIxIn0.GFU_AOJZGqrfZVfCwpjsUXJ17r8xav3HJV7rrgSi4Uw', '2025-10-01 09:23:24.829000', '2025-10-02 09:23:24', 1, '35a7e14e4830437a83c5b1741c7aba93');
INSERT INTO `token_blacklist_outstandingtoken` (`id`, `token`, `created_at`, `expires_at`, `user_id`, `jti`) VALUES (99, 'eyJhbGciOiJIUzI1NiIsInR5cCI6IkpXVCJ9.eyJ0b2tlbl90eXBlIjoicmVmcmVzaCIsImV4cCI6MTc1OTM5NzA3NywiaWF0IjoxNzU5MzEwNjc3LCJqdGkiOiJkZTFmMzIxZjY1NmE0OGExYjI3MjRhNGRkNGRhNWYyOCIsInVzZXJfaWQiOiI3In0.wxjwfsTXfN-UMOJF8pfa8eVb5KJ655Y7PHKVbnl0waY', '2025-10-01 09:24:37.008000', '2025-10-02 09:24:37', NULL, 'de1f321f656a48a1b2724a4dd4da5f28');
INSERT INTO `token_blacklist_outstandingtoken` (`id`, `token`, `created_at`, `expires_at`, `user_id`, `jti`) VALUES (100, 'eyJhbGciOiJIUzI1NiIsInR5cCI6IkpXVCJ9.eyJ0b2tlbl90eXBlIjoicmVmcmVzaCIsImV4cCI6MTc1OTM5Nzk1NywiaWF0IjoxNzU5MzExNTU3LCJqdGkiOiI0ZjNjMDU3NDMyYWM0ZmU5OGQyNTgzNGE0NjYxMjRmNCIsInVzZXJfaWQiOiI4In0.fB-BRI5jEGSGgLZQ1U9Kt4loIsKK7BoQLLE45pN25-Y', '2025-10-01 09:39:17.841000', '2025-10-02 09:39:17', NULL, '4f3c057432ac4fe98d25834a466124f4');
INSERT INTO `token_blacklist_outstandingtoken` (`id`, `token`, `created_at`, `expires_at`, `user_id`, `jti`) VALUES (101, 'eyJhbGciOiJIUzI1NiIsInR5cCI6IkpXVCJ9.eyJ0b2tlbl90eXBlIjoicmVmcmVzaCIsImV4cCI6MTc1OTM5OTM0NCwiaWF0IjoxNzU5MzEyOTQ0LCJqdGkiOiIwM2EwYjFhNmZiMTA0NzZhYjZiODBmY2ZjOGFiZjNjNCIsInVzZXJfaWQiOiIxIn0.QO3klmv4g6axMSryyi8fRtLBtvpAwM5t7kUrJs4qFHE', '2025-10-01 10:02:24.866000', '2025-10-02 10:02:24', 1, '03a0b1a6fb10476ab6b80fcfc8abf3c4');
INSERT INTO `token_blacklist_outstandingtoken` (`id`, `token`, `created_at`, `expires_at`, `user_id`, `jti`) VALUES (102, 'eyJhbGciOiJIUzI1NiIsInR5cCI6IkpXVCJ9.eyJ0b2tlbl90eXBlIjoicmVmcmVzaCIsImV4cCI6MTc1OTQwMTAyMywiaWF0IjoxNzU5MzE0NjIzLCJqdGkiOiIxM2FlMzRkOTUzMmE0YWVjODcyOTNkOTM1OTA1N2EyYiIsInVzZXJfaWQiOiIxIiwibXVzdF9jaGFuZ2VfcGFzc3dvcmQiOmZhbHNlfQ.x7enI_5c1XnJxmf6Ufs_lP3v_Jm_DVCijRsq35lOryA', '2025-10-01 10:30:23.528000', '2025-10-02 10:30:23', 1, '13ae34d9532a4aec87293d9359057a2b');
INSERT INTO `token_blacklist_outstandingtoken` (`id`, `token`, `created_at`, `expires_at`, `user_id`, `jti`) VALUES (103, 'eyJhbGciOiJIUzI1NiIsInR5cCI6IkpXVCJ9.eyJ0b2tlbl90eXBlIjoicmVmcmVzaCIsImV4cCI6MTc1OTQwMTAyMywiaWF0IjoxNzU5MzE0NjIzLCJqdGkiOiI1NGVkMGUyMzM0Mzk0ZDYyOWM5OWRjNWM4ZWIyMzYxNyIsInVzZXJfaWQiOiIxIiwibXVzdF9jaGFuZ2VfcGFzc3dvcmQiOmZhbHNlfQ.LW-iNXTJyvr-u-r_afKVeJRGStF_Sltggt5xh3hKIcU', '2025-10-01 10:30:23.523000', '2025-10-02 10:30:23', 1, '54ed0e2334394d629c99dc5c8eb23617');
INSERT INTO `token_blacklist_outstandingtoken` (`id`, `token`, `created_at`, `expires_at`, `user_id`, `jti`) VALUES (104, 'eyJhbGciOiJIUzI1NiIsInR5cCI6IkpXVCJ9.eyJ0b2tlbl90eXBlIjoicmVmcmVzaCIsImV4cCI6MTc1OTQwMTI2OSwiaWF0IjoxNzU5MzE0ODY5LCJqdGkiOiIzNDYzMDk1ZDI2ZjU0ZDBmYWEzNjc4OGU1Zjk4YzkzNiIsInVzZXJfaWQiOiIxIn0.07mramcNZc0dWS5rhCtW6PtacUfpGmjaZAA9b7RgCbI', '2025-10-01 10:34:29.353000', '2025-10-02 10:34:29', 1, '3463095d26f54d0faa36788e5f98c936');
INSERT INTO `token_blacklist_outstandingtoken` (`id`, `token`, `created_at`, `expires_at`, `user_id`, `jti`) VALUES (105, 'eyJhbGciOiJIUzI1NiIsInR5cCI6IkpXVCJ9.eyJ0b2tlbl90eXBlIjoicmVmcmVzaCIsImV4cCI6MTc1OTQwNDg5MCwiaWF0IjoxNzU5MzE4NDkwLCJqdGkiOiIxYWUxNzNkNjU2YjA0OGY5ODNhZGMyY2U3ZmUxM2IzZCIsInVzZXJfaWQiOiIxIiwibXVzdF9jaGFuZ2VfcGFzc3dvcmQiOmZhbHNlfQ.mVGkBNR9kx44URtlfp_-bUNIOjmS5j6zbLUPZQmN1rA', '2025-10-01 11:34:50.270000', '2025-10-02 11:34:50', 1, '1ae173d656b048f983adc2ce7fe13b3d');
INSERT INTO `token_blacklist_outstandingtoken` (`id`, `token`, `created_at`, `expires_at`, `user_id`, `jti`) VALUES (106, 'eyJhbGciOiJIUzI1NiIsInR5cCI6IkpXVCJ9.eyJ0b2tlbl90eXBlIjoicmVmcmVzaCIsImV4cCI6MTc1OTQwNDg5MCwiaWF0IjoxNzU5MzE4NDkwLCJqdGkiOiJlZGVjNDhjMzNiNjA0M2JiOWUxNDdmMzQ5MWQ3OGMzNiIsInVzZXJfaWQiOiIxIiwibXVzdF9jaGFuZ2VfcGFzc3dvcmQiOmZhbHNlfQ.8A7qXku_u96Ne0dcSbcN32068Uyt8tjoqDx2gjHjB3I', '2025-10-01 11:34:50.272000', '2025-10-02 11:34:50', 1, 'edec48c33b6043bb9e147f3491d78c36');
INSERT INTO `token_blacklist_outstandingtoken` (`id`, `token`, `created_at`, `expires_at`, `user_id`, `jti`) VALUES (107, 'eyJhbGciOiJIUzI1NiIsInR5cCI6IkpXVCJ9.eyJ0b2tlbl90eXBlIjoicmVmcmVzaCIsImV4cCI6MTc1OTQwNzQ3MSwiaWF0IjoxNzU5MzIxMDcxLCJqdGkiOiIzNDdlM2ZkYmIyNGM0NWYzYmYxNGJmOGM0M2VjYmQyZCIsInVzZXJfaWQiOiIxIn0.k4_hQe1mM6MufYRWKwg4z1XnyVA9E-qk2wGNfPi4u3g', '2025-10-01 12:17:51.457000', '2025-10-02 12:17:51', 1, '347e3fdbb24c45f3bf14bf8c43ecbd2d');
INSERT INTO `token_blacklist_outstandingtoken` (`id`, `token`, `created_at`, `expires_at`, `user_id`, `jti`) VALUES (108, 'eyJhbGciOiJIUzI1NiIsInR5cCI6IkpXVCJ9.eyJ0b2tlbl90eXBlIjoicmVmcmVzaCIsImV4cCI6MTc1OTQxNjk4MSwiaWF0IjoxNzU5MzMwNTgxLCJqdGkiOiJlZWJjMTAxZmJhYWI0YTc5OTU5MjI3OTllYzc4Nzc4MCIsInVzZXJfaWQiOiIxIiwibXVzdF9jaGFuZ2VfcGFzc3dvcmQiOmZhbHNlfQ.WZsmijMEBQ-eePsvIAPlUbO2eLp9NKBkerFW1FMGGrI', '2025-10-01 14:56:21.464008', '2025-10-02 14:56:21', 1, 'eebc101fbaab4a7995922799ec787780');
INSERT INTO `token_blacklist_outstandingtoken` (`id`, `token`, `created_at`, `expires_at`, `user_id`, `jti`) VALUES (109, 'eyJhbGciOiJIUzI1NiIsInR5cCI6IkpXVCJ9.eyJ0b2tlbl90eXBlIjoicmVmcmVzaCIsImV4cCI6MTc1OTQxNjk4MSwiaWF0IjoxNzU5MzMwNTgxLCJqdGkiOiJmYjZjNDNmNGNjYjQ0YmViOThkYTQ0MGNhYWE3YzM3NiIsInVzZXJfaWQiOiIxIiwibXVzdF9jaGFuZ2VfcGFzc3dvcmQiOmZhbHNlfQ.0uc8Fe0zdtAQec6fSYBghoJWHUR4Kx4AusMz5uBPSe8', '2025-10-01 14:56:21.473898', '2025-10-02 14:56:21', 1, 'fb6c43f4ccb44beb98da440caaa7c376');
INSERT INTO `token_blacklist_outstandingtoken` (`id`, `token`, `created_at`, `expires_at`, `user_id`, `jti`) VALUES (110, 'eyJhbGciOiJIUzI1NiIsInR5cCI6IkpXVCJ9.eyJ0b2tlbl90eXBlIjoicmVmcmVzaCIsImV4cCI6MTc1OTQxNjk4MSwiaWF0IjoxNzU5MzMwNTgxLCJqdGkiOiJhZDAyYzk5NTVhODE0MzJhOTAxNTQ5MDMyZjliYzJiNSIsInVzZXJfaWQiOiIxIiwibXVzdF9jaGFuZ2VfcGFzc3dvcmQiOmZhbHNlfQ.uM3JVM8uAVFzTuc_Aad7EDyJpoDL_lz83luNi_BWWis', '2025-10-01 14:56:21.509505', '2025-10-02 14:56:21', 1, 'ad02c9955a81432a901549032f9bc2b5');
INSERT INTO `token_blacklist_outstandingtoken` (`id`, `token`, `created_at`, `expires_at`, `user_id`, `jti`) VALUES (111, 'eyJhbGciOiJIUzI1NiIsInR5cCI6IkpXVCJ9.eyJ0b2tlbl90eXBlIjoicmVmcmVzaCIsImV4cCI6MTc1OTQxNjk4MSwiaWF0IjoxNzU5MzMwNTgxLCJqdGkiOiJkYTQ4MDQ4YTc2MWU0NzMyODM2YmFlYWUzZTBmZTc4YSIsInVzZXJfaWQiOiIxIiwibXVzdF9jaGFuZ2VfcGFzc3dvcmQiOmZhbHNlfQ.s-mCpXAzMrdy7meiOTbUka9WbIz-PJ7l2hKRlwFuNo0', '2025-10-01 14:56:21.492420', '2025-10-02 14:56:21', 1, 'da48048a761e4732836baeae3e0fe78a');
INSERT INTO `token_blacklist_outstandingtoken` (`id`, `token`, `created_at`, `expires_at`, `user_id`, `jti`) VALUES (112, 'eyJhbGciOiJIUzI1NiIsInR5cCI6IkpXVCJ9.eyJ0b2tlbl90eXBlIjoicmVmcmVzaCIsImV4cCI6MTc1OTQyMDM3NSwiaWF0IjoxNzU5MzMzOTc1LCJqdGkiOiIzZjUyMzZjNzA1NDM0YjFhODlhNWI5MTM5ZTllZDcyNSIsInVzZXJfaWQiOiI5In0.AuX_19rJ0_CQ0Ns4pp3uKG2JlXfarRv9leQ8wh3isvc', '2025-10-01 15:52:55.258625', '2025-10-02 15:52:55', NULL, '3f5236c705434b1a89a5b9139e9ed725');
INSERT INTO `token_blacklist_outstandingtoken` (`id`, `token`, `created_at`, `expires_at`, `user_id`, `jti`) VALUES (113, 'eyJhbGciOiJIUzI1NiIsInR5cCI6IkpXVCJ9.eyJ0b2tlbl90eXBlIjoicmVmcmVzaCIsImV4cCI6MTc1OTQyMDU5NSwiaWF0IjoxNzU5MzM0MTk1LCJqdGkiOiJmMzRmM2JkMzczZjI0ODVlOTEwMWNmY2YyZDExODBhZSIsInVzZXJfaWQiOiIxIiwibXVzdF9jaGFuZ2VfcGFzc3dvcmQiOmZhbHNlfQ.XBhyJ2zJGrpmbw1U4ip74lO6i2gNua9dcmIoIaUciD4', '2025-10-01 15:56:35.451363', '2025-10-02 15:56:35', 1, 'f34f3bd373f2485e9101cfcf2d1180ae');
INSERT INTO `token_blacklist_outstandingtoken` (`id`, `token`, `created_at`, `expires_at`, `user_id`, `jti`) VALUES (114, 'eyJhbGciOiJIUzI1NiIsInR5cCI6IkpXVCJ9.eyJ0b2tlbl90eXBlIjoicmVmcmVzaCIsImV4cCI6MTc1OTQyMjQ0NiwiaWF0IjoxNzU5MzM2MDQ2LCJqdGkiOiJlNjI2YTQ5NjQxZjk0ZGNkYjQxODk2Mzk0MjlhNTQ5OCIsInVzZXJfaWQiOiIxIn0.uvPVBj_7LwKR_4S28cRHLPkWydXaoQdfsuDiDIBWgec', '2025-10-01 16:27:26.696749', '2025-10-02 16:27:26', 1, 'e626a49641f94dcdb4189639429a5498');
INSERT INTO `token_blacklist_outstandingtoken` (`id`, `token`, `created_at`, `expires_at`, `user_id`, `jti`) VALUES (115, 'eyJhbGciOiJIUzI1NiIsInR5cCI6IkpXVCJ9.eyJ0b2tlbl90eXBlIjoicmVmcmVzaCIsImV4cCI6MTc1OTQyMjU3MiwiaWF0IjoxNzU5MzM2MTcyLCJqdGkiOiIwMjU2ODQxMGY0OTQ0M2I5YWQ4NzA3ZDlhY2JlODBiMiIsInVzZXJfaWQiOiIxMiJ9.40WSsN1zuypQOslqhdMcecYa-bu103_9Ry0qUiTw2To', '2025-10-01 16:29:32.655601', '2025-10-02 16:29:32', NULL, '02568410f49443b9ad8707d9acbe80b2');
INSERT INTO `token_blacklist_outstandingtoken` (`id`, `token`, `created_at`, `expires_at`, `user_id`, `jti`) VALUES (116, 'eyJhbGciOiJIUzI1NiIsInR5cCI6IkpXVCJ9.eyJ0b2tlbl90eXBlIjoicmVmcmVzaCIsImV4cCI6MTc1OTQyMjcwNiwiaWF0IjoxNzU5MzM2MzA2LCJqdGkiOiJjNjIzZWNhYWNlY2U0ZGMwOGUwMzA5MzUxZGQ1YmViMyIsInVzZXJfaWQiOiIxMiJ9.V4O0wdm9F2xpP3DNjEMnTEjxfnrzdlgGjIJAyjq7-Ak', '2025-10-01 16:31:46.639236', '2025-10-02 16:31:46', NULL, 'c623ecaacece4dc08e0309351dd5beb3');
INSERT INTO `token_blacklist_outstandingtoken` (`id`, `token`, `created_at`, `expires_at`, `user_id`, `jti`) VALUES (117, 'eyJhbGciOiJIUzI1NiIsInR5cCI6IkpXVCJ9.eyJ0b2tlbl90eXBlIjoicmVmcmVzaCIsImV4cCI6MTc1OTQyNDEwMywiaWF0IjoxNzU5MzM3NzAzLCJqdGkiOiJhZTY1ZjA0N2FhNGM0YTYyYjIzMjE2ODYxNTZlYzQxNSIsInVzZXJfaWQiOiIxMiJ9.uzbJgZgBQ3w0J3aMWBhd0TJfcjWasOBxHPa65HvzLe4', '2025-10-01 16:55:03.571730', '2025-10-02 16:55:03', NULL, 'ae65f047aa4c4a62b2321686156ec415');
INSERT INTO `token_blacklist_outstandingtoken` (`id`, `token`, `created_at`, `expires_at`, `user_id`, `jti`) VALUES (118, 'eyJhbGciOiJIUzI1NiIsInR5cCI6IkpXVCJ9.eyJ0b2tlbl90eXBlIjoicmVmcmVzaCIsImV4cCI6MTc1OTQyNDk0MSwiaWF0IjoxNzU5MzM4NTQxLCJqdGkiOiJmNGRjN2E2NjIyYjA0ZDkyYWQ3NTAwNDk0OTIzNDc4OCIsInVzZXJfaWQiOiIxIn0.x8lFB32DXSgoDq2VDsn_9Rb3AjILKVRQy-CRURGkCao', '2025-10-01 17:09:01.736991', '2025-10-02 17:09:01', 1, 'f4dc7a6622b04d92ad75004949234788');
INSERT INTO `token_blacklist_outstandingtoken` (`id`, `token`, `created_at`, `expires_at`, `user_id`, `jti`) VALUES (119, 'eyJhbGciOiJIUzI1NiIsInR5cCI6IkpXVCJ9.eyJ0b2tlbl90eXBlIjoicmVmcmVzaCIsImV4cCI6MTc1OTQyNjA0OSwiaWF0IjoxNzU5MzM5NjQ5LCJqdGkiOiI3NTIyYjlhZTAzOTM0ZTdmOTU2MDkzNmQxMGM1ZGRkMyIsInVzZXJfaWQiOiIxIiwibXVzdF9jaGFuZ2VfcGFzc3dvcmQiOmZhbHNlfQ.mUsBj0U8HV0pq8GIkSZnW88v1_yIIwHe_7_DYHlnxx0', '2025-10-01 17:27:29.157656', '2025-10-02 17:27:29', 1, '7522b9ae03934e7f9560936d10c5ddd3');
INSERT INTO `token_blacklist_outstandingtoken` (`id`, `token`, `created_at`, `expires_at`, `user_id`, `jti`) VALUES (120, 'eyJhbGciOiJIUzI1NiIsInR5cCI6IkpXVCJ9.eyJ0b2tlbl90eXBlIjoicmVmcmVzaCIsImV4cCI6MTc1OTQyNjA0OSwiaWF0IjoxNzU5MzM5NjQ5LCJqdGkiOiI2YjUwOWRkN2ZmYmQ0NDNiOGExNTdlYThhNzM1MTllNSIsInVzZXJfaWQiOiIxIiwibXVzdF9jaGFuZ2VfcGFzc3dvcmQiOmZhbHNlfQ.0y62tQDnZDn-yftKGRCaOKbtKG33HHrV9tMvbNlcVyo', '2025-10-01 17:27:29.160295', '2025-10-02 17:27:29', 1, '6b509dd7ffbd443b8a157ea8a73519e5');
INSERT INTO `token_blacklist_outstandingtoken` (`id`, `token`, `created_at`, `expires_at`, `user_id`, `jti`) VALUES (121, 'eyJhbGciOiJIUzI1NiIsInR5cCI6IkpXVCJ9.eyJ0b2tlbl90eXBlIjoicmVmcmVzaCIsImV4cCI6MTc1OTQyNjA4NCwiaWF0IjoxNzU5MzM5Njg0LCJqdGkiOiJkNDYzNmNjMjc4NmI0MDljYmIwMWQwNzJkZGQxN2UzOCIsInVzZXJfaWQiOiIxMiJ9.KA9N7ypqjgHPjbW677W6JruqM6alb15dUFu-Wca_IdE', '2025-10-01 17:28:04.652877', '2025-10-02 17:28:04', NULL, 'd4636cc2786b409cbb01d072ddd17e38');
INSERT INTO `token_blacklist_outstandingtoken` (`id`, `token`, `created_at`, `expires_at`, `user_id`, `jti`) VALUES (122, 'eyJhbGciOiJIUzI1NiIsInR5cCI6IkpXVCJ9.eyJ0b2tlbl90eXBlIjoicmVmcmVzaCIsImV4cCI6MTc1OTQyOTY1NSwiaWF0IjoxNzU5MzQzMjU1LCJqdGkiOiJkZTc0YmQxMDRjZjk0N2NmYWIzZGYwZDJlMjljZjM1ZCIsInVzZXJfaWQiOiIxIiwibXVzdF9jaGFuZ2VfcGFzc3dvcmQiOmZhbHNlfQ.azVZgX6oN-GusqaLvX-NBynTKa1NlfIU04ZNWkWLh2Q', '2025-10-01 18:27:35.174224', '2025-10-02 18:27:35', 1, 'de74bd104cf947cfab3df0d2e29cf35d');
INSERT INTO `token_blacklist_outstandingtoken` (`id`, `token`, `created_at`, `expires_at`, `user_id`, `jti`) VALUES (123, 'eyJhbGciOiJIUzI1NiIsInR5cCI6IkpXVCJ9.eyJ0b2tlbl90eXBlIjoicmVmcmVzaCIsImV4cCI6MTc1OTQyOTY1NSwiaWF0IjoxNzU5MzQzMjU1LCJqdGkiOiI4Mjg4NDQzMDcwNDA0NTY1YjZkZTcwNzhlZWE3Njc2NSIsInVzZXJfaWQiOiIxIiwibXVzdF9jaGFuZ2VfcGFzc3dvcmQiOmZhbHNlfQ.tqTx8DRaBZuv6vHRK6bYEiwdxAQBpXtkGvubcvX7hp8', '2025-10-01 18:27:35.177397', '2025-10-02 18:27:35', 1, '8288443070404565b6de7078eea76765');
INSERT INTO `token_blacklist_outstandingtoken` (`id`, `token`, `created_at`, `expires_at`, `user_id`, `jti`) VALUES (124, 'eyJhbGciOiJIUzI1NiIsInR5cCI6IkpXVCJ9.eyJ0b2tlbl90eXBlIjoicmVmcmVzaCIsImV4cCI6MTc1OTQyOTcxNSwiaWF0IjoxNzU5MzQzMzE1LCJqdGkiOiJiMzlkYzc4NjA1MDc0NzMwYTc1ZjU2MWU3YTZiOTI1YSIsInVzZXJfaWQiOiIxMiIsIm11c3RfY2hhbmdlX3Bhc3N3b3JkIjpmYWxzZX0.kD98bGGNR7CNrSWelGJH7pwXsE297qvxZi0SuOh1Eb8', '2025-10-01 18:28:35.191635', '2025-10-02 18:28:35', NULL, 'b39dc78605074730a75f561e7a6b925a');
INSERT INTO `token_blacklist_outstandingtoken` (`id`, `token`, `created_at`, `expires_at`, `user_id`, `jti`) VALUES (125, 'eyJhbGciOiJIUzI1NiIsInR5cCI6IkpXVCJ9.eyJ0b2tlbl90eXBlIjoicmVmcmVzaCIsImV4cCI6MTc1OTQyOTcxNSwiaWF0IjoxNzU5MzQzMzE1LCJqdGkiOiJiYzUzYTRmZmQ5NTI0MTQ3YTM1NjYzZjFjODk1NDI1NyIsInVzZXJfaWQiOiIxMiIsIm11c3RfY2hhbmdlX3Bhc3N3b3JkIjpmYWxzZX0.kBFNfmbIEOH24C6d9g8VqICFfLQ1BOxYCIMDobKSddI', '2025-10-01 18:28:35.188063', '2025-10-02 18:28:35', NULL, 'bc53a4ffd9524147a35663f1c8954257');
INSERT INTO `token_blacklist_outstandingtoken` (`id`, `token`, `created_at`, `expires_at`, `user_id`, `jti`) VALUES (126, 'eyJhbGciOiJIUzI1NiIsInR5cCI6IkpXVCJ9.eyJ0b2tlbl90eXBlIjoicmVmcmVzaCIsImV4cCI6MTc1OTQzMzI1NSwiaWF0IjoxNzU5MzQ2ODU1LCJqdGkiOiIzNDQzMGZhNTczZTc0N2EzOGExM2U1YmY3ZGE2YjAyYyIsInVzZXJfaWQiOiIxIiwibXVzdF9jaGFuZ2VfcGFzc3dvcmQiOmZhbHNlfQ.i_9aSBj3yHDFjtfjKakobdtHDFQBoMHt2vMASdBcxbA', '2025-10-01 19:27:35.190027', '2025-10-02 19:27:35', 1, '34430fa573e747a38a13e5bf7da6b02c');
INSERT INTO `token_blacklist_outstandingtoken` (`id`, `token`, `created_at`, `expires_at`, `user_id`, `jti`) VALUES (127, 'eyJhbGciOiJIUzI1NiIsInR5cCI6IkpXVCJ9.eyJ0b2tlbl90eXBlIjoicmVmcmVzaCIsImV4cCI6MTc1OTQzMzI1NSwiaWF0IjoxNzU5MzQ2ODU1LCJqdGkiOiJjZjA0ZjhlNDljNDU0YTQxYjU3MGY2Y2Q0OTdmZTU4YiIsInVzZXJfaWQiOiIxIiwibXVzdF9jaGFuZ2VfcGFzc3dvcmQiOmZhbHNlfQ.Ia65J6ryUW4We8VuVy-SKgxLLkXyOi_6llEaTUDE6KU', '2025-10-01 19:27:35.256827', '2025-10-02 19:27:35', 1, 'cf04f8e49c454a41b570f6cd497fe58b');
INSERT INTO `token_blacklist_outstandingtoken` (`id`, `token`, `created_at`, `expires_at`, `user_id`, `jti`) VALUES (128, 'eyJhbGciOiJIUzI1NiIsInR5cCI6IkpXVCJ9.eyJ0b2tlbl90eXBlIjoicmVmcmVzaCIsImV4cCI6MTc1OTQzMzMxNSwiaWF0IjoxNzU5MzQ2OTE1LCJqdGkiOiJjNTY3NDFmMDk1NWY0NDI2YmU5MDE2NDgzNTc4YWZlYyIsInVzZXJfaWQiOiIxMiIsIm11c3RfY2hhbmdlX3Bhc3N3b3JkIjpmYWxzZX0.XvADdG2GHI9C49G6pEEd3h5F96KfaENPwdke0ZkOLBk', '2025-10-01 19:28:35.163886', '2025-10-02 19:28:35', NULL, 'c56741f0955f4426be9016483578afec');
INSERT INTO `token_blacklist_outstandingtoken` (`id`, `token`, `created_at`, `expires_at`, `user_id`, `jti`) VALUES (129, 'eyJhbGciOiJIUzI1NiIsInR5cCI6IkpXVCJ9.eyJ0b2tlbl90eXBlIjoicmVmcmVzaCIsImV4cCI6MTc1OTQzNjg1NSwiaWF0IjoxNzU5MzUwNDU1LCJqdGkiOiI3NDYxMzhkNDI3MDc0NTY2YjE3OWQzOWJhZTQwMjE4NiIsInVzZXJfaWQiOiIxIiwibXVzdF9jaGFuZ2VfcGFzc3dvcmQiOmZhbHNlfQ.xCa2Dk6VR4MYFRARPKDGjptRvs3uQEb9toe2E6S-mwY', '2025-10-01 20:27:35.166130', '2025-10-02 20:27:35', 1, '746138d427074566b179d39bae402186');
INSERT INTO `token_blacklist_outstandingtoken` (`id`, `token`, `created_at`, `expires_at`, `user_id`, `jti`) VALUES (130, 'eyJhbGciOiJIUzI1NiIsInR5cCI6IkpXVCJ9.eyJ0b2tlbl90eXBlIjoicmVmcmVzaCIsImV4cCI6MTc1OTQzNjg1NSwiaWF0IjoxNzU5MzUwNDU1LCJqdGkiOiIxNDQ2YmFjMGNmZWU0NWIyYmNkNTgyNWZhNzA0MGY5ZSIsInVzZXJfaWQiOiIxIiwibXVzdF9jaGFuZ2VfcGFzc3dvcmQiOmZhbHNlfQ.Q39P_2TQDHgF5cZ4cuChAsIj-uXHswcjW0YpGTdvpuM', '2025-10-01 20:27:35.170659', '2025-10-02 20:27:35', 1, '1446bac0cfee45b2bcd5825fa7040f9e');
INSERT INTO `token_blacklist_outstandingtoken` (`id`, `token`, `created_at`, `expires_at`, `user_id`, `jti`) VALUES (131, 'eyJhbGciOiJIUzI1NiIsInR5cCI6IkpXVCJ9.eyJ0b2tlbl90eXBlIjoicmVmcmVzaCIsImV4cCI6MTc1OTQzNjkxNSwiaWF0IjoxNzU5MzUwNTE1LCJqdGkiOiJkNDJkYjUzMWUwYmM0Y2VlOWRjOTg0MmUxNzI0ZDE2NyIsInVzZXJfaWQiOiIxMiIsIm11c3RfY2hhbmdlX3Bhc3N3b3JkIjpmYWxzZX0.gOqPS0o_otc33a3smxceqIeEjM2nRCcN929UAIifes8', '2025-10-01 20:28:35.183568', '2025-10-02 20:28:35', NULL, 'd42db531e0bc4cee9dc9842e1724d167');
INSERT INTO `token_blacklist_outstandingtoken` (`id`, `token`, `created_at`, `expires_at`, `user_id`, `jti`) VALUES (132, 'eyJhbGciOiJIUzI1NiIsInR5cCI6IkpXVCJ9.eyJ0b2tlbl90eXBlIjoicmVmcmVzaCIsImV4cCI6MTc1OTQzNjkxNSwiaWF0IjoxNzU5MzUwNTE1LCJqdGkiOiI5NThkMjc1YmYyNTc0ZDNkODg0ODc3Yzg5MmViMGJhNiIsInVzZXJfaWQiOiIxMiIsIm11c3RfY2hhbmdlX3Bhc3N3b3JkIjpmYWxzZX0.aaD5Xn7KqGQR54agxz-WpdgdZw4oKAp5GDWWwo-FGrY', '2025-10-01 20:28:35.186967', '2025-10-02 20:28:35', NULL, '958d275bf2574d3d884877c892eb0ba6');
INSERT INTO `token_blacklist_outstandingtoken` (`id`, `token`, `created_at`, `expires_at`, `user_id`, `jti`) VALUES (133, 'eyJhbGciOiJIUzI1NiIsInR5cCI6IkpXVCJ9.eyJ0b2tlbl90eXBlIjoicmVmcmVzaCIsImV4cCI6MTc1OTQ0MDQ1NSwiaWF0IjoxNzU5MzU0MDU1LCJqdGkiOiI4ZDU2ZjBiZjg4Yjg0N2RhYWZkOWUzNTg1OGZmMzI1OCIsInVzZXJfaWQiOiIxIiwibXVzdF9jaGFuZ2VfcGFzc3dvcmQiOmZhbHNlfQ.Wm5kljjBjhB1t-lTTi80kPW5zJM8sdHIl_Wj6Qco7BU', '2025-10-01 21:27:35.164885', '2025-10-02 21:27:35', 1, '8d56f0bf88b847daafd9e35858ff3258');
INSERT INTO `token_blacklist_outstandingtoken` (`id`, `token`, `created_at`, `expires_at`, `user_id`, `jti`) VALUES (134, 'eyJhbGciOiJIUzI1NiIsInR5cCI6IkpXVCJ9.eyJ0b2tlbl90eXBlIjoicmVmcmVzaCIsImV4cCI6MTc1OTQ0MDQ1NSwiaWF0IjoxNzU5MzU0MDU1LCJqdGkiOiJhNDA5OTc3NWMxZTA0ZmMwYTM3OGMwYzRhNDY0NjdkMCIsInVzZXJfaWQiOiIxIiwibXVzdF9jaGFuZ2VfcGFzc3dvcmQiOmZhbHNlfQ.ZhE2nG7x2VRp2TxtehDjj8VpCR8U-zkDCs_g0OjDeXQ', '2025-10-01 21:27:35.158227', '2025-10-02 21:27:35', 1, 'a4099775c1e04fc0a378c0c4a46467d0');
INSERT INTO `token_blacklist_outstandingtoken` (`id`, `token`, `created_at`, `expires_at`, `user_id`, `jti`) VALUES (135, 'eyJhbGciOiJIUzI1NiIsInR5cCI6IkpXVCJ9.eyJ0b2tlbl90eXBlIjoicmVmcmVzaCIsImV4cCI6MTc1OTQ0MDUxNSwiaWF0IjoxNzU5MzU0MTE1LCJqdGkiOiIyZTg1NjA2ZWU0OTU0ZjMxYWZkNmIyNTlkYzUxZDc2MyIsInVzZXJfaWQiOiIxMiIsIm11c3RfY2hhbmdlX3Bhc3N3b3JkIjpmYWxzZX0.VAGY0G5wVr6KnLZ_vOozUHDCUJ9W9-wwJuKnt5v1tvY', '2025-10-01 21:28:35.181206', '2025-10-02 21:28:35', NULL, '2e85606ee4954f31afd6b259dc51d763');
INSERT INTO `token_blacklist_outstandingtoken` (`id`, `token`, `created_at`, `expires_at`, `user_id`, `jti`) VALUES (136, 'eyJhbGciOiJIUzI1NiIsInR5cCI6IkpXVCJ9.eyJ0b2tlbl90eXBlIjoicmVmcmVzaCIsImV4cCI6MTc1OTQ0MDUxNSwiaWF0IjoxNzU5MzU0MTE1LCJqdGkiOiI0MDJhZjM1ZjIyMDE0MjRiYmYyNmJjY2UyNmE2ODE4OCIsInVzZXJfaWQiOiIxMiIsIm11c3RfY2hhbmdlX3Bhc3N3b3JkIjpmYWxzZX0._UWHHYpl3TWSikkahx_T2VPVF75moJoChHl-0aELaDc', '2025-10-01 21:28:35.188933', '2025-10-02 21:28:35', NULL, '402af35f2201424bbf26bcce26a68188');
INSERT INTO `token_blacklist_outstandingtoken` (`id`, `token`, `created_at`, `expires_at`, `user_id`, `jti`) VALUES (137, 'eyJhbGciOiJIUzI1NiIsInR5cCI6IkpXVCJ9.eyJ0b2tlbl90eXBlIjoicmVmcmVzaCIsImV4cCI6MTc1OTQ0NDA1NSwiaWF0IjoxNzU5MzU3NjU1LCJqdGkiOiI0ODAwNjBkYTBkNTE0OTNlYmUzZmIyNDA0MjBjZTY3NSIsInVzZXJfaWQiOiIxIiwibXVzdF9jaGFuZ2VfcGFzc3dvcmQiOmZhbHNlfQ.mATioXW6qUTTf56Du5vzGvG8OECuCAEhvk9pdPA47cI', '2025-10-01 22:27:35.177174', '2025-10-02 22:27:35', 1, '480060da0d51493ebe3fb240420ce675');
INSERT INTO `token_blacklist_outstandingtoken` (`id`, `token`, `created_at`, `expires_at`, `user_id`, `jti`) VALUES (138, 'eyJhbGciOiJIUzI1NiIsInR5cCI6IkpXVCJ9.eyJ0b2tlbl90eXBlIjoicmVmcmVzaCIsImV4cCI6MTc1OTQ0NDA1NSwiaWF0IjoxNzU5MzU3NjU1LCJqdGkiOiJmZDM3ODEwYWQxNmE0MGZkYjQwZjA1NWFjYzNlMTY0NSIsInVzZXJfaWQiOiIxIiwibXVzdF9jaGFuZ2VfcGFzc3dvcmQiOmZhbHNlfQ.oToFXuq2kYqEAtwFafg1qBfI9UeXq9dvjhupWBL-ZWE', '2025-10-01 22:27:35.181130', '2025-10-02 22:27:35', 1, 'fd37810ad16a40fdb40f055acc3e1645');
INSERT INTO `token_blacklist_outstandingtoken` (`id`, `token`, `created_at`, `expires_at`, `user_id`, `jti`) VALUES (139, 'eyJhbGciOiJIUzI1NiIsInR5cCI6IkpXVCJ9.eyJ0b2tlbl90eXBlIjoicmVmcmVzaCIsImV4cCI6MTc1OTQ0NDExNSwiaWF0IjoxNzU5MzU3NzE1LCJqdGkiOiI0Y2E5Nzg3MTNjNzI0NTc3ODE4OGFkNWEyMTk0MDcxYyIsInVzZXJfaWQiOiIxMiIsIm11c3RfY2hhbmdlX3Bhc3N3b3JkIjpmYWxzZX0.FzNX4n5vBVLeMKAo-mHCVzDUJqdZIBOipAyKYvq90Hs', '2025-10-01 22:28:35.177741', '2025-10-02 22:28:35', NULL, '4ca978713c7245778188ad5a2194071c');
INSERT INTO `token_blacklist_outstandingtoken` (`id`, `token`, `created_at`, `expires_at`, `user_id`, `jti`) VALUES (140, 'eyJhbGciOiJIUzI1NiIsInR5cCI6IkpXVCJ9.eyJ0b2tlbl90eXBlIjoicmVmcmVzaCIsImV4cCI6MTc1OTQ0NDExNSwiaWF0IjoxNzU5MzU3NzE1LCJqdGkiOiIyNWEzMWZlZWNkZjM0ZDc4YTAyMzM2NDg3MGJlNmEwMyIsInVzZXJfaWQiOiIxMiIsIm11c3RfY2hhbmdlX3Bhc3N3b3JkIjpmYWxzZX0.156JwlhQjmYLV0Un_YxS5da6vudUskVxlatsrkFBnUQ', '2025-10-01 22:28:35.184913', '2025-10-02 22:28:35', NULL, '25a31feecdf34d78a023364870be6a03');
INSERT INTO `token_blacklist_outstandingtoken` (`id`, `token`, `created_at`, `expires_at`, `user_id`, `jti`) VALUES (141, 'eyJhbGciOiJIUzI1NiIsInR5cCI6IkpXVCJ9.eyJ0b2tlbl90eXBlIjoicmVmcmVzaCIsImV4cCI6MTc1OTQ0NzY1NSwiaWF0IjoxNzU5MzYxMjU1LCJqdGkiOiI1NWM4NjlkNWU3NmQ0ODgwYjFjMTY4Nzg5MDM5OGUwOSIsInVzZXJfaWQiOiIxIiwibXVzdF9jaGFuZ2VfcGFzc3dvcmQiOmZhbHNlfQ.hQ9O08DztZeMJ5CFRtjK-nN4EyKzcEkNrBkjE0bgie4', '2025-10-01 23:27:35.169849', '2025-10-02 23:27:35', 1, '55c869d5e76d4880b1c1687890398e09');
INSERT INTO `token_blacklist_outstandingtoken` (`id`, `token`, `created_at`, `expires_at`, `user_id`, `jti`) VALUES (142, 'eyJhbGciOiJIUzI1NiIsInR5cCI6IkpXVCJ9.eyJ0b2tlbl90eXBlIjoicmVmcmVzaCIsImV4cCI6MTc1OTQ0NzY1NSwiaWF0IjoxNzU5MzYxMjU1LCJqdGkiOiI2ODhiYjA4OTI2MGM0NWIxODk4N2FkNmQ0NTI5OTU0ZSIsInVzZXJfaWQiOiIxIiwibXVzdF9jaGFuZ2VfcGFzc3dvcmQiOmZhbHNlfQ.6XX4vVWvQXt4_iGXwkyQAGdVbn92qenUz07GIrgPThI', '2025-10-01 23:27:35.172625', '2025-10-02 23:27:35', 1, '688bb089260c45b18987ad6d4529954e');
INSERT INTO `token_blacklist_outstandingtoken` (`id`, `token`, `created_at`, `expires_at`, `user_id`, `jti`) VALUES (143, 'eyJhbGciOiJIUzI1NiIsInR5cCI6IkpXVCJ9.eyJ0b2tlbl90eXBlIjoicmVmcmVzaCIsImV4cCI6MTc1OTQ0NzcxNSwiaWF0IjoxNzU5MzYxMzE1LCJqdGkiOiJmMjhmNDgyNzE2Nzg0YzhjYThjMzYxNWQyMTY0OTA1ZCIsInVzZXJfaWQiOiIxMiIsIm11c3RfY2hhbmdlX3Bhc3N3b3JkIjpmYWxzZX0.O0uEXCo9gbK9RRj6_NXkfdzemLKgTWrPzhm05uqoZXw', '2025-10-01 23:28:35.177190', '2025-10-02 23:28:35', NULL, 'f28f482716784c8ca8c3615d2164905d');
INSERT INTO `token_blacklist_outstandingtoken` (`id`, `token`, `created_at`, `expires_at`, `user_id`, `jti`) VALUES (144, 'eyJhbGciOiJIUzI1NiIsInR5cCI6IkpXVCJ9.eyJ0b2tlbl90eXBlIjoicmVmcmVzaCIsImV4cCI6MTc1OTQ0ODgwMCwiaWF0IjoxNzU5MzYyNDAwLCJqdGkiOiI4ODZlZjEyOTA5OGI0NTIxYmRhNGMxYWUxMTRhYzExNCIsInVzZXJfaWQiOiIxIn0.Rcayt_sFYI69fSPz73ZIlD8EMvweQMHMTNVQ8n-dnuY', '2025-10-01 23:46:40.987388', '2025-10-02 23:46:40', 1, '886ef129098b4521bda4c1ae114ac114');
INSERT INTO `token_blacklist_outstandingtoken` (`id`, `token`, `created_at`, `expires_at`, `user_id`, `jti`) VALUES (145, 'eyJhbGciOiJIUzI1NiIsInR5cCI6IkpXVCJ9.eyJ0b2tlbl90eXBlIjoicmVmcmVzaCIsImV4cCI6MTc1OTQ1MjQwNCwiaWF0IjoxNzU5MzY2MDA0LCJqdGkiOiIxNDc5ZTQ3Y2I4ZDM0MDFhOWI5MTBiMjBiMWNmMjVhNyIsInVzZXJfaWQiOiIxIiwibXVzdF9jaGFuZ2VfcGFzc3dvcmQiOmZhbHNlfQ.psBm7EHC_TWCMWQrekl7Ollxq-jQLROQGNJVtYR7ZU0', '2025-10-02 00:46:44.206721', '2025-10-03 00:46:44', 1, '1479e47cb8d3401a9b910b20b1cf25a7');
INSERT INTO `token_blacklist_outstandingtoken` (`id`, `token`, `created_at`, `expires_at`, `user_id`, `jti`) VALUES (146, 'eyJhbGciOiJIUzI1NiIsInR5cCI6IkpXVCJ9.eyJ0b2tlbl90eXBlIjoicmVmcmVzaCIsImV4cCI6MTc1OTQ1MjQwNCwiaWF0IjoxNzU5MzY2MDA0LCJqdGkiOiJhNTk5YjY1ZDI0OTg0ZGMxOGVkYTA5ZDJkNmFkY2NkNSIsInVzZXJfaWQiOiIxIiwibXVzdF9jaGFuZ2VfcGFzc3dvcmQiOmZhbHNlfQ.OE-ALBOq8uB3xGVOaacwlXcpUd92p8-CujJLTwecT_E', '2025-10-02 00:46:44.211547', '2025-10-03 00:46:44', 1, 'a599b65d24984dc18eda09d2d6adccd5');
INSERT INTO `token_blacklist_outstandingtoken` (`id`, `token`, `created_at`, `expires_at`, `user_id`, `jti`) VALUES (147, 'eyJhbGciOiJIUzI1NiIsInR5cCI6IkpXVCJ9.eyJ0b2tlbl90eXBlIjoicmVmcmVzaCIsImV4cCI6MTc1OTQ1NjAyNCwiaWF0IjoxNzU5MzY5NjI0LCJqdGkiOiJmMGE1NDAwZDIyODA0ZDQyYTY4ODk3NjgxYzdiMzVlOCIsInVzZXJfaWQiOiIxIiwibXVzdF9jaGFuZ2VfcGFzc3dvcmQiOmZhbHNlfQ.VOGzXuaZ2HdYbULfw2vr5bX-NXo3dRM5J4rWD-Od6hI', '2025-10-02 01:47:04.042079', '2025-10-03 01:47:04', 1, 'f0a5400d22804d42a68897681c7b35e8');
INSERT INTO `token_blacklist_outstandingtoken` (`id`, `token`, `created_at`, `expires_at`, `user_id`, `jti`) VALUES (148, 'eyJhbGciOiJIUzI1NiIsInR5cCI6IkpXVCJ9.eyJ0b2tlbl90eXBlIjoicmVmcmVzaCIsImV4cCI6MTc1OTQ1NjEyMiwiaWF0IjoxNzU5MzY5NzIyLCJqdGkiOiI2MDA0NTJmYzljYzE0ZGIxODU1NGQyMDYzODk5ZWI0NSIsInVzZXJfaWQiOiIxIn0.dGj6_bu1peE0PaZcxioMEnMgGlTYLgkRxKyoxdw2Q3s', '2025-10-02 01:48:42.124767', '2025-10-03 01:48:42', 1, '600452fc9cc14db18554d2063899eb45');
INSERT INTO `token_blacklist_outstandingtoken` (`id`, `token`, `created_at`, `expires_at`, `user_id`, `jti`) VALUES (149, 'eyJhbGciOiJIUzI1NiIsInR5cCI6IkpXVCJ9.eyJ0b2tlbl90eXBlIjoicmVmcmVzaCIsImV4cCI6MTc1OTQ1OTc0NSwiaWF0IjoxNzU5MzczMzQ1LCJqdGkiOiJlZDYxZjA3ZTNkMGE0OGUzOTk3NmQ1Mjc0OTI1NjI4ZiIsInVzZXJfaWQiOiIxIiwibXVzdF9jaGFuZ2VfcGFzc3dvcmQiOmZhbHNlfQ.wHvW26QWreIq1HiHMoNtI2AicLtDdl7lBRq81R42rks', '2025-10-02 02:49:05.420646', '2025-10-03 02:49:05', 1, 'ed61f07e3d0a48e39976d5274925628f');
INSERT INTO `token_blacklist_outstandingtoken` (`id`, `token`, `created_at`, `expires_at`, `user_id`, `jti`) VALUES (150, 'eyJhbGciOiJIUzI1NiIsInR5cCI6IkpXVCJ9.eyJ0b2tlbl90eXBlIjoicmVmcmVzaCIsImV4cCI6MTc1OTQ1OTc2MSwiaWF0IjoxNzU5MzczMzYxLCJqdGkiOiI1MGMzNjUxZDlmZTk0NWM5YmVkMGE4NzYzNWM3ZGNhMiIsInVzZXJfaWQiOiIxIn0._WHYFBJybJlY-njyd_CxbPC5TYMigj6I-uELCLjPp4I', '2025-10-02 02:49:21.324669', '2025-10-03 02:49:21', 1, '50c3651d9fe945c9bed0a87635c7dca2');
INSERT INTO `token_blacklist_outstandingtoken` (`id`, `token`, `created_at`, `expires_at`, `user_id`, `jti`) VALUES (151, 'eyJhbGciOiJIUzI1NiIsInR5cCI6IkpXVCJ9.eyJ0b2tlbl90eXBlIjoicmVmcmVzaCIsImV4cCI6MTc1OTQ2MzM2MywiaWF0IjoxNzU5Mzc2OTYzLCJqdGkiOiI3YmVjZWQxNmVlNzQ0MzJmOWViZTRlNjUwYWUwMzY3YyIsInVzZXJfaWQiOiIxIiwibXVzdF9jaGFuZ2VfcGFzc3dvcmQiOmZhbHNlfQ.1AOpmz7acF3IBXyfuGFSoFMSFgLTeRRMTc9zGK_Kihs', '2025-10-02 03:49:23.203949', '2025-10-03 03:49:23', 1, '7beced16ee74432f9ebe4e650ae0367c');
INSERT INTO `token_blacklist_outstandingtoken` (`id`, `token`, `created_at`, `expires_at`, `user_id`, `jti`) VALUES (152, 'eyJhbGciOiJIUzI1NiIsInR5cCI6IkpXVCJ9.eyJ0b2tlbl90eXBlIjoicmVmcmVzaCIsImV4cCI6MTc1OTQ2MzM2MywiaWF0IjoxNzU5Mzc2OTYzLCJqdGkiOiIxOWRlOWFhOTc4MGI0ZjZkOWQ0NDQwOGFhMDYyMGQ2MSIsInVzZXJfaWQiOiIxIiwibXVzdF9jaGFuZ2VfcGFzc3dvcmQiOmZhbHNlfQ.Vl88AXdfpUZB-glFXcyfI_JAi_YPDE5dMGCiBcf45wY', '2025-10-02 03:49:23.530001', '2025-10-03 03:49:23', 1, '19de9aa9780b4f6d9d44408aa0620d61');
INSERT INTO `token_blacklist_outstandingtoken` (`id`, `token`, `created_at`, `expires_at`, `user_id`, `jti`) VALUES (153, 'eyJhbGciOiJIUzI1NiIsInR5cCI6IkpXVCJ9.eyJ0b2tlbl90eXBlIjoicmVmcmVzaCIsImV4cCI6MTc1OTQ2NzY4NCwiaWF0IjoxNzU5MzgxMjg0LCJqdGkiOiJmYTY5N2U1YWI1ZDA0MzQwYWFjMzMzNzUxNzI3MWM0OCIsInVzZXJfaWQiOiIxIiwibXVzdF9jaGFuZ2VfcGFzc3dvcmQiOmZhbHNlfQ.CwQuGaHnarCztoPh-ecqGWgeE96K2aBMXHo0948ln1c', '2025-10-02 05:06:33.585916', '2025-10-03 05:01:24', 1, 'fa697e5ab5d04340aac3337517271c48');
INSERT INTO `token_blacklist_outstandingtoken` (`id`, `token`, `created_at`, `expires_at`, `user_id`, `jti`) VALUES (154, 'eyJhbGciOiJIUzI1NiIsInR5cCI6IkpXVCJ9.eyJ0b2tlbl90eXBlIjoicmVmcmVzaCIsImV4cCI6MTc1OTQ2ODA3MywiaWF0IjoxNzU5MzgxNjczLCJqdGkiOiJmODNmODUxNzY5MTA0NzA4OWI0YWRlY2IzYmM1YTgxMCIsInVzZXJfaWQiOiIxIn0.tfSNknQf40rWcav_XZmXozgjlHZzdIbwXChZkfo2MQE', '2025-10-02 05:07:53.800459', '2025-10-03 05:07:53', 1, 'f83f8517691047089b4adecb3bc5a810');
INSERT INTO `token_blacklist_outstandingtoken` (`id`, `token`, `created_at`, `expires_at`, `user_id`, `jti`) VALUES (155, 'eyJhbGciOiJIUzI1NiIsInR5cCI6IkpXVCJ9.eyJ0b2tlbl90eXBlIjoicmVmcmVzaCIsImV4cCI6MTc1OTQ2ODEzNSwiaWF0IjoxNzU5MzgxNzM1LCJqdGkiOiI0ZmFiNGNiNWYzNzk0ZTQ0OTQyMTlmMzcwYzAxYjI2MiIsInVzZXJfaWQiOiIxIn0.iEYdRevWD6ySYKXIWWD-xRyaWdRrvF5qzx-4rPoiL0Q', '2025-10-02 05:08:55.599351', '2025-10-03 05:08:55', 1, '4fab4cb5f3794e4494219f370c01b262');
INSERT INTO `token_blacklist_outstandingtoken` (`id`, `token`, `created_at`, `expires_at`, `user_id`, `jti`) VALUES (156, 'eyJhbGciOiJIUzI1NiIsInR5cCI6IkpXVCJ9.eyJ0b2tlbl90eXBlIjoicmVmcmVzaCIsImV4cCI6MTc1OTQ3MTEzNCwiaWF0IjoxNzU5Mzg0NzM0LCJqdGkiOiI5YjFhYTNjYzU3Y2Y0OWVmOTUxYjM5NzY4NGRjY2M1MSIsInVzZXJfaWQiOiIxNCJ9.AYuXztJo8GGRkV1BjOhtEHYSAIrhSPceo1lLPJI6fHU', '2025-10-02 05:58:54.866337', '2025-10-03 05:58:54', NULL, '9b1aa3cc57cf49ef951b397684dccc51');
INSERT INTO `token_blacklist_outstandingtoken` (`id`, `token`, `created_at`, `expires_at`, `user_id`, `jti`) VALUES (157, 'eyJhbGciOiJIUzI1NiIsInR5cCI6IkpXVCJ9.eyJ0b2tlbl90eXBlIjoicmVmcmVzaCIsImV4cCI6MTc1OTQ3MTM1NiwiaWF0IjoxNzU5Mzg0OTU2LCJqdGkiOiJiYTU5ZWI0ZTMyZjA0YjBhYjViMWUwOWY1NjRmNjg3YiIsInVzZXJfaWQiOiIxIn0.82o39smnb5dz3iL1P8_8-FsBKCz8lzQ4E8QjyMqVCgg', '2025-10-02 06:02:36.737788', '2025-10-03 06:02:36', 1, 'ba59eb4e32f04b0ab5b1e09f564f687b');
INSERT INTO `token_blacklist_outstandingtoken` (`id`, `token`, `created_at`, `expires_at`, `user_id`, `jti`) VALUES (158, 'eyJhbGciOiJIUzI1NiIsInR5cCI6IkpXVCJ9.eyJ0b2tlbl90eXBlIjoicmVmcmVzaCIsImV4cCI6MTc1OTQ3MTU5MCwiaWF0IjoxNzU5Mzg1MTkwLCJqdGkiOiIyNWEwMjUyYzMzY2Y0MjZlOWZiNDA1OWQzYTY2MWM1NSIsInVzZXJfaWQiOiIxIn0.SwJBf86R4jLDUVC8e39OELizphRBmaieQByK0BuExvc', '2025-10-02 06:06:30.706822', '2025-10-03 06:06:30', 1, '25a0252c33cf426e9fb4059d3a661c55');
INSERT INTO `token_blacklist_outstandingtoken` (`id`, `token`, `created_at`, `expires_at`, `user_id`, `jti`) VALUES (159, 'eyJhbGciOiJIUzI1NiIsInR5cCI6IkpXVCJ9.eyJ0b2tlbl90eXBlIjoicmVmcmVzaCIsImV4cCI6MTc1OTQ3NDk3NCwiaWF0IjoxNzU5Mzg4NTc0LCJqdGkiOiIxZjkxODFjODExMDE0NWU1OTRjNWJlOGM5N2M5YzdmNSIsInVzZXJfaWQiOiIxIiwibXVzdF9jaGFuZ2VfcGFzc3dvcmQiOmZhbHNlfQ.l0SsGWCNtkvYmceJmE7bDwgAAAHPPpRz9AZIqkz0Rtw', '2025-10-02 07:02:54.158092', '2025-10-03 07:02:54', 1, '1f9181c8110145e594c5be8c97c9c7f5');
INSERT INTO `token_blacklist_outstandingtoken` (`id`, `token`, `created_at`, `expires_at`, `user_id`, `jti`) VALUES (160, 'eyJhbGciOiJIUzI1NiIsInR5cCI6IkpXVCJ9.eyJ0b2tlbl90eXBlIjoicmVmcmVzaCIsImV4cCI6MTc1OTQ3NTE5NSwiaWF0IjoxNzU5Mzg4Nzk1LCJqdGkiOiI1ZWExOGUxOWU4MmY0Y2VmOGVmMDE1NjYzMTllYjhiNCIsInVzZXJfaWQiOiIxIiwibXVzdF9jaGFuZ2VfcGFzc3dvcmQiOmZhbHNlfQ.DOBvb528udvFPtGA-T-k4UgJwu5S9dD5SAd1-okmVE4', '2025-10-02 07:06:35.165006', '2025-10-03 07:06:35', 1, '5ea18e19e82f4cef8ef01566319eb8b4');
INSERT INTO `token_blacklist_outstandingtoken` (`id`, `token`, `created_at`, `expires_at`, `user_id`, `jti`) VALUES (161, 'eyJhbGciOiJIUzI1NiIsInR5cCI6IkpXVCJ9.eyJ0b2tlbl90eXBlIjoicmVmcmVzaCIsImV4cCI6MTc1OTQ3NTE5NSwiaWF0IjoxNzU5Mzg4Nzk1LCJqdGkiOiJjYmUzOWY0NWU2OTM0YTc1OGZlYjQxZjNmZTg2MDdkMSIsInVzZXJfaWQiOiIxIiwibXVzdF9jaGFuZ2VfcGFzc3dvcmQiOmZhbHNlfQ.TnKCEP-DU7QP3vCh60v_s7tTEmdoedduKraf5LUV1pw', '2025-10-02 07:06:35.167643', '2025-10-03 07:06:35', 1, 'cbe39f45e6934a758feb41f3fe8607d1');
INSERT INTO `token_blacklist_outstandingtoken` (`id`, `token`, `created_at`, `expires_at`, `user_id`, `jti`) VALUES (162, 'eyJhbGciOiJIUzI1NiIsInR5cCI6IkpXVCJ9.eyJ0b2tlbl90eXBlIjoicmVmcmVzaCIsImV4cCI6MTc1OTQ3ODg0NCwiaWF0IjoxNzU5MzkyNDQ0LCJqdGkiOiJjZGQwM2ZiM2FiM2E0OTczYmU3OTI5MzY5MzkxOTk5NyIsInVzZXJfaWQiOiIxIiwibXVzdF9jaGFuZ2VfcGFzc3dvcmQiOmZhbHNlfQ.Z3UOeb9FA-IFdMWeR5KtsARyVsUsC2BVU6roCkFMHVg', '2025-10-02 08:07:24.804348', '2025-10-03 08:07:24', 1, 'cdd03fb3ab3a4973be79293693919997');
INSERT INTO `token_blacklist_outstandingtoken` (`id`, `token`, `created_at`, `expires_at`, `user_id`, `jti`) VALUES (163, 'eyJhbGciOiJIUzI1NiIsInR5cCI6IkpXVCJ9.eyJ0b2tlbl90eXBlIjoicmVmcmVzaCIsImV4cCI6MTc1OTQ3ODg0NCwiaWF0IjoxNzU5MzkyNDQ0LCJqdGkiOiI0MzQ0MWIzODJjN2M0Mzc1YTBiNDYyOWMyYWU0YWFlMCIsInVzZXJfaWQiOiIxIiwibXVzdF9jaGFuZ2VfcGFzc3dvcmQiOmZhbHNlfQ.4njGYdGtvlldytRpJDL4_kIryd5t8NJXFtJimjEAslA', '2025-10-02 08:07:24.819632', '2025-10-03 08:07:24', 1, '43441b382c7c4375a0b4629c2ae4aae0');
INSERT INTO `token_blacklist_outstandingtoken` (`id`, `token`, `created_at`, `expires_at`, `user_id`, `jti`) VALUES (164, 'eyJhbGciOiJIUzI1NiIsInR5cCI6IkpXVCJ9.eyJ0b2tlbl90eXBlIjoicmVmcmVzaCIsImV4cCI6MTc1OTQ3ODg0NSwiaWF0IjoxNzU5MzkyNDQ1LCJqdGkiOiIzNjMxNjM2ZTBjNjk0ZjAwOWNlNDZmZjUzNzI3NWEzOSIsInVzZXJfaWQiOiIxIiwibXVzdF9jaGFuZ2VfcGFzc3dvcmQiOmZhbHNlfQ.IW2vsffiKdI1mB1OFV6rZP96cafTXJYxQQfl6PQTd_0', '2025-10-02 08:07:25.311487', '2025-10-03 08:07:25', 1, '3631636e0c694f009ce46ff537275a39');
INSERT INTO `token_blacklist_outstandingtoken` (`id`, `token`, `created_at`, `expires_at`, `user_id`, `jti`) VALUES (165, 'eyJhbGciOiJIUzI1NiIsInR5cCI6IkpXVCJ9.eyJ0b2tlbl90eXBlIjoicmVmcmVzaCIsImV4cCI6MTc1OTQ3ODk5MiwiaWF0IjoxNzU5MzkyNTkyLCJqdGkiOiIwZWNkNzU2ZjM2ZmQ0ZDgyOTFmMDJkMmUyMzg0MDRhNiIsInVzZXJfaWQiOiIxIiwibXVzdF9jaGFuZ2VfcGFzc3dvcmQiOmZhbHNlfQ.sE2sAxJleYy16_JS0oPolFAaojgUs7gu5_CU-VggbP4', '2025-10-02 08:09:52.587527', '2025-10-03 08:09:52', 1, '0ecd756f36fd4d8291f02d2e238404a6');
INSERT INTO `token_blacklist_outstandingtoken` (`id`, `token`, `created_at`, `expires_at`, `user_id`, `jti`) VALUES (166, 'eyJhbGciOiJIUzI1NiIsInR5cCI6IkpXVCJ9.eyJ0b2tlbl90eXBlIjoicmVmcmVzaCIsImV4cCI6MTc1OTQ4MjQ2MCwiaWF0IjoxNzU5Mzk2MDYwLCJqdGkiOiJkNTBhZTU4ODg0YzA0OWI5ODA2MGZkNmEwN2QyZDI4MCIsInVzZXJfaWQiOiIxIiwibXVzdF9jaGFuZ2VfcGFzc3dvcmQiOmZhbHNlfQ.oLfqQA1DK0EBDFqvmaFW46Sivr-yeee2wcLa-DAwP8o', '2025-10-02 09:07:40.797175', '2025-10-03 09:07:40', 1, 'd50ae58884c049b98060fd6a07d2d280');
INSERT INTO `token_blacklist_outstandingtoken` (`id`, `token`, `created_at`, `expires_at`, `user_id`, `jti`) VALUES (167, 'eyJhbGciOiJIUzI1NiIsInR5cCI6IkpXVCJ9.eyJ0b2tlbl90eXBlIjoicmVmcmVzaCIsImV4cCI6MTc1OTQ4MjQ2MCwiaWF0IjoxNzU5Mzk2MDYwLCJqdGkiOiIwNGMzMzRlYThjMDQ0YTE5OTU2NzFmMGI0YjNkODQxMCIsInVzZXJfaWQiOiIxIiwibXVzdF9jaGFuZ2VfcGFzc3dvcmQiOmZhbHNlfQ.S1l0Ne8NEWNGIVHCudJb5Z06UJrevgnHTcaInA1vJJs', '2025-10-02 09:07:40.804680', '2025-10-03 09:07:40', 1, '04c334ea8c044a1995671f0b4b3d8410');
INSERT INTO `token_blacklist_outstandingtoken` (`id`, `token`, `created_at`, `expires_at`, `user_id`, `jti`) VALUES (168, 'eyJhbGciOiJIUzI1NiIsInR5cCI6IkpXVCJ9.eyJ0b2tlbl90eXBlIjoicmVmcmVzaCIsImV4cCI6MTc1OTQ4MzA4MSwiaWF0IjoxNzU5Mzk2NjgxLCJqdGkiOiIxNWIxOTdkMjkxY2U0YTZkOThmOWYyNDgyMGZjOGM1NCIsInVzZXJfaWQiOiIxNSJ9.0kMJWbK2wv5OtU09CoEt_Cn8EvlctXj9OmmXY9GwnK4', '2025-10-02 09:18:01.426844', '2025-10-03 09:18:01', NULL, '15b197d291ce4a6d98f9f24820fc8c54');
INSERT INTO `token_blacklist_outstandingtoken` (`id`, `token`, `created_at`, `expires_at`, `user_id`, `jti`) VALUES (169, 'eyJhbGciOiJIUzI1NiIsInR5cCI6IkpXVCJ9.eyJ0b2tlbl90eXBlIjoicmVmcmVzaCIsImV4cCI6MTc1OTQ4Mzg2MSwiaWF0IjoxNzU5Mzk3NDYxLCJqdGkiOiIyYjVkMDk3ZGVmOTI0MDA5YTYyOTY3MzFhYjRiYTJhYyIsInVzZXJfaWQiOiIxIn0.pU3R_vFsCIaVLUbdmCEkNdF8n5KXniZLGmbKBAGtl0o', '2025-10-02 09:31:01.578522', '2025-10-03 09:31:01', 1, '2b5d097def924009a6296731ab4ba2ac');
INSERT INTO `token_blacklist_outstandingtoken` (`id`, `token`, `created_at`, `expires_at`, `user_id`, `jti`) VALUES (170, 'eyJhbGciOiJIUzI1NiIsInR5cCI6IkpXVCJ9.eyJ0b2tlbl90eXBlIjoicmVmcmVzaCIsImV4cCI6MTc1OTQ4NDE4MCwiaWF0IjoxNzU5Mzk3NzgwLCJqdGkiOiJiMGU4ZDE1ZWYwZDg0ZTQ1YTQ4OWNhZmJjY2EyNzBjOSIsInVzZXJfaWQiOiIxNiJ9.ftTCyCH4iZiUNbkUBe-kUe2HLwQwJO9wo7VDuQQTbLw', '2025-10-02 09:36:20.104415', '2025-10-03 09:36:20', NULL, 'b0e8d15ef0d84e45a489cafbcca270c9');
INSERT INTO `token_blacklist_outstandingtoken` (`id`, `token`, `created_at`, `expires_at`, `user_id`, `jti`) VALUES (171, 'eyJhbGciOiJIUzI1NiIsInR5cCI6IkpXVCJ9.eyJ0b2tlbl90eXBlIjoicmVmcmVzaCIsImV4cCI6MTc1OTQ4NjQxMywiaWF0IjoxNzU5NDAwMDEzLCJqdGkiOiJhODY3NjFmY2MxMTY0ZmFlYjBiMWNmYjU2MDRkOGIwNCIsInVzZXJfaWQiOiIxIiwibXVzdF9jaGFuZ2VfcGFzc3dvcmQiOmZhbHNlfQ.O_Lxzw4yVwG3cF32dJe0jxxBRi0Fmw3ZSbrlDxbZRHc', '2025-10-02 10:13:33.874604', '2025-10-03 10:13:33', 1, 'a86761fcc1164faeb0b1cfb5604d8b04');
INSERT INTO `token_blacklist_outstandingtoken` (`id`, `token`, `created_at`, `expires_at`, `user_id`, `jti`) VALUES (172, 'eyJhbGciOiJIUzI1NiIsInR5cCI6IkpXVCJ9.eyJ0b2tlbl90eXBlIjoicmVmcmVzaCIsImV4cCI6MTc1OTQ4NjQxMywiaWF0IjoxNzU5NDAwMDEzLCJqdGkiOiJiZTAyMGYwZjg2MmU0ZWI4OTE3OGQ4YmRhN2ZhNjcwMSIsInVzZXJfaWQiOiIxIiwibXVzdF9jaGFuZ2VfcGFzc3dvcmQiOmZhbHNlfQ.2djuSL1wL__7kfWT_Na1tVfERwb9YWT4j3NGK9ucqS0', '2025-10-02 10:13:33.885571', '2025-10-03 10:13:33', 1, 'be020f0f862e4eb89178d8bda7fa6701');
INSERT INTO `token_blacklist_outstandingtoken` (`id`, `token`, `created_at`, `expires_at`, `user_id`, `jti`) VALUES (173, 'eyJhbGciOiJIUzI1NiIsInR5cCI6IkpXVCJ9.eyJ0b2tlbl90eXBlIjoicmVmcmVzaCIsImV4cCI6MTc1OTQ4NzQ5NSwiaWF0IjoxNzU5NDAxMDk1LCJqdGkiOiI4YWJjZDQyNzI5NjQ0OTEyOWM0Zjc2NDNkZmVjNGU5ZSIsInVzZXJfaWQiOiIxIiwibXVzdF9jaGFuZ2VfcGFzc3dvcmQiOmZhbHNlfQ.hjthVWqQ2znAafNp9ahgaiLSXWBcLc_VNPqQv07OCgc', '2025-10-02 10:31:35.156971', '2025-10-03 10:31:35', 1, '8abcd427296449129c4f7643dfec4e9e');
INSERT INTO `token_blacklist_outstandingtoken` (`id`, `token`, `created_at`, `expires_at`, `user_id`, `jti`) VALUES (174, 'eyJhbGciOiJIUzI1NiIsInR5cCI6IkpXVCJ9.eyJ0b2tlbl90eXBlIjoicmVmcmVzaCIsImV4cCI6MTc1OTQ5MDAxNSwiaWF0IjoxNzU5NDAzNjE1LCJqdGkiOiIwYWI0Mjc2YjBkMjM0MzExYjcyZjAxMWQxYmQ3YmI4NCIsInVzZXJfaWQiOiIxIiwibXVzdF9jaGFuZ2VfcGFzc3dvcmQiOmZhbHNlfQ.kN5j5A6ZjN1f8gtEUEnQ-yOkibPmiBikIQHw1PBzjBs', '2025-10-02 11:13:35.167341', '2025-10-03 11:13:35', 1, '0ab4276b0d234311b72f011d1bd7bb84');
INSERT INTO `token_blacklist_outstandingtoken` (`id`, `token`, `created_at`, `expires_at`, `user_id`, `jti`) VALUES (175, 'eyJhbGciOiJIUzI1NiIsInR5cCI6IkpXVCJ9.eyJ0b2tlbl90eXBlIjoicmVmcmVzaCIsImV4cCI6MTc1OTQ5MDAxNSwiaWF0IjoxNzU5NDAzNjE1LCJqdGkiOiI0ODcwM2ZjMWM4YzU0NjUzYTJiMTc2YTgyNDg3MmEzNSIsInVzZXJfaWQiOiIxIiwibXVzdF9jaGFuZ2VfcGFzc3dvcmQiOmZhbHNlfQ.mj2FnSw6DDYvA3Xj9BjRA-BH4gQ9Hm5ytZ-htEmXMpA', '2025-10-02 11:13:35.174237', '2025-10-03 11:13:35', 1, '48703fc1c8c54653a2b176a824872a35');
INSERT INTO `token_blacklist_outstandingtoken` (`id`, `token`, `created_at`, `expires_at`, `user_id`, `jti`) VALUES (176, 'eyJhbGciOiJIUzI1NiIsInR5cCI6IkpXVCJ9.eyJ0b2tlbl90eXBlIjoicmVmcmVzaCIsImV4cCI6MTc1OTQ5MzYxNSwiaWF0IjoxNzU5NDA3MjE1LCJqdGkiOiI5ZmEwNmQ5ODRjMTM0MGIwYTZhZGFjYTRhNGMwYTBjMyIsInVzZXJfaWQiOiIxIiwibXVzdF9jaGFuZ2VfcGFzc3dvcmQiOmZhbHNlfQ.EYwB2h6v_5fkvyuOg957IekTPlXosd1I5Vz3tlGs4UA', '2025-10-02 12:13:35.383900', '2025-10-03 12:13:35', 1, '9fa06d984c1340b0a6adaca4a4c0a0c3');
INSERT INTO `token_blacklist_outstandingtoken` (`id`, `token`, `created_at`, `expires_at`, `user_id`, `jti`) VALUES (177, 'eyJhbGciOiJIUzI1NiIsInR5cCI6IkpXVCJ9.eyJ0b2tlbl90eXBlIjoicmVmcmVzaCIsImV4cCI6MTc1OTQ5MzYxNSwiaWF0IjoxNzU5NDA3MjE1LCJqdGkiOiI5NzQ2NzVlMWU0Njg0MmM0OThiMDY0NmI5OTZlODNhOCIsInVzZXJfaWQiOiIxIiwibXVzdF9jaGFuZ2VfcGFzc3dvcmQiOmZhbHNlfQ.sSORgpSszwIIVJEB0PUzu0JYPm3l9IK5aRrRKNioU9U', '2025-10-02 12:13:35.389569', '2025-10-03 12:13:35', 1, '974675e1e46842c498b0646b996e83a8');
INSERT INTO `token_blacklist_outstandingtoken` (`id`, `token`, `created_at`, `expires_at`, `user_id`, `jti`) VALUES (178, 'eyJhbGciOiJIUzI1NiIsInR5cCI6IkpXVCJ9.eyJ0b2tlbl90eXBlIjoicmVmcmVzaCIsImV4cCI6MTc1OTQ5NDM3NSwiaWF0IjoxNzU5NDA3OTc1LCJqdGkiOiIzMzE2OGQ3OGNhYjA0OThkOTY0NmI2NjAyZjg0ZDA1MyIsInVzZXJfaWQiOiIxIn0.gizVoW4_f3Qdefs_Bq3Y4eOXEsmJwf03mQ0R_cU64zk', '2025-10-02 12:26:15.624564', '2025-10-03 12:26:15', 1, '33168d78cab0498d9646b6602f84d053');
INSERT INTO `token_blacklist_outstandingtoken` (`id`, `token`, `created_at`, `expires_at`, `user_id`, `jti`) VALUES (179, 'eyJhbGciOiJIUzI1NiIsInR5cCI6IkpXVCJ9.eyJ0b2tlbl90eXBlIjoicmVmcmVzaCIsImV4cCI6MTc1OTQ5NDUwMiwiaWF0IjoxNzU5NDA4MTAyLCJqdGkiOiIwM2YwNTRlMzAxODA0YTQ5OGIxNzQ3NzFhZjIyYTAyMSIsInVzZXJfaWQiOiIxNyJ9.qpSpI7nRZsOoJ0SeLvx_IfBpt5gPdRiX9T7piGALsYo', '2025-10-02 12:28:22.553414', '2025-10-03 12:28:22', NULL, '03f054e301804a498b174771af22a021');
INSERT INTO `token_blacklist_outstandingtoken` (`id`, `token`, `created_at`, `expires_at`, `user_id`, `jti`) VALUES (180, 'eyJhbGciOiJIUzI1NiIsInR5cCI6IkpXVCJ9.eyJ0b2tlbl90eXBlIjoicmVmcmVzaCIsImV4cCI6MTc1OTQ5NTI1NSwiaWF0IjoxNzU5NDA4ODU1LCJqdGkiOiJkOTY4MmJhZTdiYjA0YTViOWRkYmM2MGU2YWQ4NjQ5MCIsInVzZXJfaWQiOiIxIn0.70AlZVZdCSLCb8x98DvoucFzcKRa2yK17E-nIzw9zXU', '2025-10-02 12:40:55.677589', '2025-10-03 12:40:55', 1, 'd9682bae7bb04a5b9ddbc60e6ad86490');
INSERT INTO `token_blacklist_outstandingtoken` (`id`, `token`, `created_at`, `expires_at`, `user_id`, `jti`) VALUES (181, 'eyJhbGciOiJIUzI1NiIsInR5cCI6IkpXVCJ9.eyJ0b2tlbl90eXBlIjoicmVmcmVzaCIsImV4cCI6MTc1OTQ5NTI5MiwiaWF0IjoxNzU5NDA4ODkyLCJqdGkiOiJiZDgzYWQwOGE0NTE0MWJlYjRjYmJjZGJmNjZiZWViMiIsInVzZXJfaWQiOiIxOCJ9.J_iInzpDKwHWqYjtcsreXKQOqLdgc1ajl-cHjDGXIyg', '2025-10-02 12:41:32.065875', '2025-10-03 12:41:32', NULL, 'bd83ad08a45141beb4cbbcdbf66beeb2');
INSERT INTO `token_blacklist_outstandingtoken` (`id`, `token`, `created_at`, `expires_at`, `user_id`, `jti`) VALUES (182, 'eyJhbGciOiJIUzI1NiIsInR5cCI6IkpXVCJ9.eyJ0b2tlbl90eXBlIjoicmVmcmVzaCIsImV4cCI6MTc1OTQ5NzEzMywiaWF0IjoxNzU5NDEwNzMzLCJqdGkiOiI2MTAzODJlOWUzYWE0NzBhYmYyYzU1N2NmOWVmODQ4YiIsInVzZXJfaWQiOiIxOSJ9.g6FEbW64eGElgqOXRRAtm6jIHD_z-U5ert-sJyGxJYo', '2025-10-02 13:12:13.836979', '2025-10-03 13:12:13', NULL, '610382e9e3aa470abf2c557cf9ef848b');
INSERT INTO `token_blacklist_outstandingtoken` (`id`, `token`, `created_at`, `expires_at`, `user_id`, `jti`) VALUES (183, 'eyJhbGciOiJIUzI1NiIsInR5cCI6IkpXVCJ9.eyJ0b2tlbl90eXBlIjoicmVmcmVzaCIsImV4cCI6MTc1OTQ5NzMwNSwiaWF0IjoxNzU5NDEwOTA1LCJqdGkiOiJhOTFjMjU0NmEwODM0YzUyYjE4ZTc4YjZiZTYxMjBlNCIsInVzZXJfaWQiOiIxOSJ9.zJ_xMYbpDa4LxP9dRtQ_m6G8DulIDUg43vByzHAi_r8', '2025-10-02 13:15:05.804440', '2025-10-03 13:15:05', NULL, 'a91c2546a0834c52b18e78b6be6120e4');
INSERT INTO `token_blacklist_outstandingtoken` (`id`, `token`, `created_at`, `expires_at`, `user_id`, `jti`) VALUES (184, 'eyJhbGciOiJIUzI1NiIsInR5cCI6IkpXVCJ9.eyJ0b2tlbl90eXBlIjoicmVmcmVzaCIsImV4cCI6MTc1OTQ5Nzk5NiwiaWF0IjoxNzU5NDExNTk2LCJqdGkiOiJkN2RhMjA4MmYxYWU0M2VkOThhNjZmMjFmYTdjMjVmZCIsInVzZXJfaWQiOiIxIiwibXVzdF9jaGFuZ2VfcGFzc3dvcmQiOmZhbHNlfQ.mlV1vD9UuEeWMEWRtROgxAjllTfywSWHuAx3J3UtdQ8', '2025-10-02 13:26:36.025719', '2025-10-03 13:26:36', 1, 'd7da2082f1ae43ed98a66f21fa7c25fd');
INSERT INTO `token_blacklist_outstandingtoken` (`id`, `token`, `created_at`, `expires_at`, `user_id`, `jti`) VALUES (185, 'eyJhbGciOiJIUzI1NiIsInR5cCI6IkpXVCJ9.eyJ0b2tlbl90eXBlIjoicmVmcmVzaCIsImV4cCI6MTc1OTQ5Nzk5NiwiaWF0IjoxNzU5NDExNTk2LCJqdGkiOiIzNGE1NjczMDlkZGM0ZDgyOTJlZmQwOTNmZmEyZTI4YSIsInVzZXJfaWQiOiIxIiwibXVzdF9jaGFuZ2VfcGFzc3dvcmQiOmZhbHNlfQ.NT4vHU8AyKCXvH-ElBCZHy4TVzRcibrDoXPcprcMKRU', '2025-10-02 13:26:36.028981', '2025-10-03 13:26:36', 1, '34a567309ddc4d8292efd093ffa2e28a');
INSERT INTO `token_blacklist_outstandingtoken` (`id`, `token`, `created_at`, `expires_at`, `user_id`, `jti`) VALUES (186, 'eyJhbGciOiJIUzI1NiIsInR5cCI6IkpXVCJ9.eyJ0b2tlbl90eXBlIjoicmVmcmVzaCIsImV4cCI6MTc1OTQ5ODE1MiwiaWF0IjoxNzU5NDExNzUyLCJqdGkiOiIxNGRmNGJhY2E2MGM0NGYxOGI5YTQxMGQ3YjY3NDg0MyIsInVzZXJfaWQiOiIyMCJ9.E22sXByNF5_uff4Gc8PoQdmCbTtS1r2R4rPhnDfb0_Y', '2025-10-02 13:29:12.833740', '2025-10-03 13:29:12', 20, '14df4baca60c44f18b9a410d7b674843');
INSERT INTO `token_blacklist_outstandingtoken` (`id`, `token`, `created_at`, `expires_at`, `user_id`, `jti`) VALUES (187, 'eyJhbGciOiJIUzI1NiIsInR5cCI6IkpXVCJ9.eyJ0b2tlbl90eXBlIjoicmVmcmVzaCIsImV4cCI6MTc1OTUzNzU2OCwiaWF0IjoxNzU5NDUxMTY4LCJqdGkiOiJhMTgzMmQ1MTFmMTY0MzI2ODRkOTIwNGY0MTIzODY5ZCIsInVzZXJfaWQiOiIyMCJ9.ivlMhk2PsoD3La_d1iFy3re4P7DBw1S23BZs4cyjj-o', '2025-10-03 00:26:08.151797', '2025-10-04 00:26:08', 20, 'a1832d511f16432684d9204f4123869d');
INSERT INTO `token_blacklist_outstandingtoken` (`id`, `token`, `created_at`, `expires_at`, `user_id`, `jti`) VALUES (188, 'eyJhbGciOiJIUzI1NiIsInR5cCI6IkpXVCJ9.eyJ0b2tlbl90eXBlIjoicmVmcmVzaCIsImV4cCI6MTc1OTUzNzcxOSwiaWF0IjoxNzU5NDUxMzE5LCJqdGkiOiI4ZDY1NTdkNWIxZmE0ODgyYWQyZThjMWIzMjQ0YTliNyIsInVzZXJfaWQiOiIyMSJ9.zI3ZEzamSGNFcNgk5UYi2VEMYgcrX0tsCKKU42umVEk', '2025-10-03 00:28:39.312166', '2025-10-04 00:28:39', 21, '8d6557d5b1fa4882ad2e8c1b3244a9b7');
INSERT INTO `token_blacklist_outstandingtoken` (`id`, `token`, `created_at`, `expires_at`, `user_id`, `jti`) VALUES (189, 'eyJhbGciOiJIUzI1NiIsInR5cCI6IkpXVCJ9.eyJ0b2tlbl90eXBlIjoicmVmcmVzaCIsImV4cCI6MTc1OTUzNzc1NSwiaWF0IjoxNzU5NDUxMzU1LCJqdGkiOiI3ODU0YjBiYjk5M2Q0ZGM3ODU1NDgwZmY2NWZmMjc4ZiIsInVzZXJfaWQiOiIyMiJ9.Mbbf_zbUBIxJawmoDGJRXkPr9w51vgmlXXhJS3XTgYU', '2025-10-03 00:29:15.703984', '2025-10-04 00:29:15', 22, '7854b0bb993d4dc7855480ff65ff278f');
INSERT INTO `token_blacklist_outstandingtoken` (`id`, `token`, `created_at`, `expires_at`, `user_id`, `jti`) VALUES (190, 'eyJhbGciOiJIUzI1NiIsInR5cCI6IkpXVCJ9.eyJ0b2tlbl90eXBlIjoicmVmcmVzaCIsImV4cCI6MTc1OTUzNzgzNSwiaWF0IjoxNzU5NDUxNDM1LCJqdGkiOiIzZTg2MzExYWM2YmE0MTI2YmQ4MTQwOTVkNDQyNTEwNyIsInVzZXJfaWQiOiIyMiJ9.GLQLsWV3tg8_ar03I18cpplsYwnTfhsPupavNLiHpiI', '2025-10-03 00:30:35.765154', '2025-10-04 00:30:35', 22, '3e86311ac6ba4126bd814095d4425107');
INSERT INTO `token_blacklist_outstandingtoken` (`id`, `token`, `created_at`, `expires_at`, `user_id`, `jti`) VALUES (191, 'eyJhbGciOiJIUzI1NiIsInR5cCI6IkpXVCJ9.eyJ0b2tlbl90eXBlIjoicmVmcmVzaCIsImV4cCI6MTc1OTUzNzg2MiwiaWF0IjoxNzU5NDUxNDYyLCJqdGkiOiJjNjAxNjcwOTM3YWQ0YmNiYmM3OWQwZjI0MWRhNzA2ZiIsInVzZXJfaWQiOiIyMiJ9._ODmZrOl5fGkBEiyS-Fh851k_XXkeNPJFnAQgesQnQ0', '2025-10-03 00:31:02.655716', '2025-10-04 00:31:02', 22, 'c601670937ad4bcbbc79d0f241da706f');
INSERT INTO `token_blacklist_outstandingtoken` (`id`, `token`, `created_at`, `expires_at`, `user_id`, `jti`) VALUES (192, 'eyJhbGciOiJIUzI1NiIsInR5cCI6IkpXVCJ9.eyJ0b2tlbl90eXBlIjoicmVmcmVzaCIsImV4cCI6MTc1OTUzNzk0OSwiaWF0IjoxNzU5NDUxNTQ5LCJqdGkiOiJmMjllYWVmZjY3ZGM0NjAzOWJiNTUwMGY5NWFlZWRlNiIsInVzZXJfaWQiOiIyMSJ9.zieHajmpV1GhtJs_AaARHSdg4xqx5yMaQIOSY5w88Z8', '2025-10-03 00:32:29.491888', '2025-10-04 00:32:29', 21, 'f29eaeff67dc46039bb5500f95aeede6');
INSERT INTO `token_blacklist_outstandingtoken` (`id`, `token`, `created_at`, `expires_at`, `user_id`, `jti`) VALUES (193, 'eyJhbGciOiJIUzI1NiIsInR5cCI6IkpXVCJ9.eyJ0b2tlbl90eXBlIjoicmVmcmVzaCIsImV4cCI6MTc1OTUzNzk3OCwiaWF0IjoxNzU5NDUxNTc4LCJqdGkiOiI3MWU4ZDM2OGEzNzU0ZTZkOTE2Mzc5OTA5YjcwZWZiYSIsInVzZXJfaWQiOiIyMSJ9.FT4DuZ6J7fpW6zmcHWUqjueiKXMEiDFKvq89eeVg9IQ', '2025-10-03 00:32:58.233598', '2025-10-04 00:32:58', 21, '71e8d368a3754e6d916379909b70efba');
INSERT INTO `token_blacklist_outstandingtoken` (`id`, `token`, `created_at`, `expires_at`, `user_id`, `jti`) VALUES (194, 'eyJhbGciOiJIUzI1NiIsInR5cCI6IkpXVCJ9.eyJ0b2tlbl90eXBlIjoicmVmcmVzaCIsImV4cCI6MTc1OTUzNTU2MSwiaWF0IjoxNzU5NDQ5MTYxLCJqdGkiOiI2Yzk5MWM0MDdhZmY0ZmVjYmM2ZmQzOGY1MzVhNzVkMSIsInVzZXJfaWQiOiIxIiwibXVzdF9jaGFuZ2VfcGFzc3dvcmQiOmZhbHNlfQ.W_10d7wg9jkeC4nxum2yozpT3EaIuOCHzkFQfECEg-U', '2025-10-03 00:52:55.166421', '2025-10-03 23:52:41', 1, '6c991c407aff4fecbc6fd38f535a75d1');
INSERT INTO `token_blacklist_outstandingtoken` (`id`, `token`, `created_at`, `expires_at`, `user_id`, `jti`) VALUES (195, 'eyJhbGciOiJIUzI1NiIsInR5cCI6IkpXVCJ9.eyJ0b2tlbl90eXBlIjoicmVmcmVzaCIsImV4cCI6MTc1OTUzOTE3NSwiaWF0IjoxNzU5NDUyNzc1LCJqdGkiOiIwNzRiMjdlMTllNjc0MzNlODI1MWFlN2JkOGE4N2QxNSIsInVzZXJfaWQiOiIxIiwibXVzdF9jaGFuZ2VfcGFzc3dvcmQiOmZhbHNlfQ.ktp0-xEnojUHvUfEo1mLh0BK0DDqSIH5gsUre_GQHlM', '2025-10-03 00:52:55.166421', '2025-10-04 00:52:55', 1, '074b27e19e67433e8251ae7bd8a87d15');
INSERT INTO `token_blacklist_outstandingtoken` (`id`, `token`, `created_at`, `expires_at`, `user_id`, `jti`) VALUES (196, 'eyJhbGciOiJIUzI1NiIsInR5cCI6IkpXVCJ9.eyJ0b2tlbl90eXBlIjoicmVmcmVzaCIsImV4cCI6MTc1OTUzOTE3NSwiaWF0IjoxNzU5NDUyNzc1LCJqdGkiOiI2OWQ4MDU5MWNhZTQ0NzkzODdmYjcxNzAxOGEwZGE1MyIsInVzZXJfaWQiOiIxIiwibXVzdF9jaGFuZ2VfcGFzc3dvcmQiOmZhbHNlfQ.3XnkXAOO4Q00m9fG7kUGXMZd8hY4Tzmx29hwCP8nmgY', '2025-10-03 00:52:55.161733', '2025-10-04 00:52:55', 1, '69d80591cae4479387fb717018a0da53');
INSERT INTO `token_blacklist_outstandingtoken` (`id`, `token`, `created_at`, `expires_at`, `user_id`, `jti`) VALUES (197, 'eyJhbGciOiJIUzI1NiIsInR5cCI6IkpXVCJ9.eyJ0b2tlbl90eXBlIjoicmVmcmVzaCIsImV4cCI6MTc1OTU0MTE5MSwiaWF0IjoxNzU5NDU0NzkxLCJqdGkiOiI5ZTQzNGQwNWEzYWY0MDQ5YmNlOWFlYWJjZWNiMjBiYSIsInVzZXJfaWQiOiIyMCIsIm11c3RfY2hhbmdlX3Bhc3N3b3JkIjpmYWxzZX0.-ZPW6WTaGtkqMR7AMXI61SjC11c6XZmlFCVjHah2X7Q', '2025-10-03 01:26:31.147704', '2025-10-04 01:26:31', 20, '9e434d05a3af4049bce9aeabcecb20ba');
INSERT INTO `token_blacklist_outstandingtoken` (`id`, `token`, `created_at`, `expires_at`, `user_id`, `jti`) VALUES (198, 'eyJhbGciOiJIUzI1NiIsInR5cCI6IkpXVCJ9.eyJ0b2tlbl90eXBlIjoicmVmcmVzaCIsImV4cCI6MTc1OTU0MTUxNywiaWF0IjoxNzU5NDU1MTE3LCJqdGkiOiJlOGQ1YjcxOWIwZGU0YmYyYjlkZTEzNTI5MjFmNGFkZiIsInVzZXJfaWQiOiIyMiIsIm11c3RfY2hhbmdlX3Bhc3N3b3JkIjpmYWxzZX0.XdJJqCug4UjU5qkTTHEzLPQLwC33Ghhx9aRMPmALAD4', '2025-10-03 01:31:57.219721', '2025-10-04 01:31:57', 22, 'e8d5b719b0de4bf2b9de1352921f4adf');
INSERT INTO `token_blacklist_outstandingtoken` (`id`, `token`, `created_at`, `expires_at`, `user_id`, `jti`) VALUES (199, 'eyJhbGciOiJIUzI1NiIsInR5cCI6IkpXVCJ9.eyJ0b2tlbl90eXBlIjoicmVmcmVzaCIsImV4cCI6MTc1OTU0MTYzNywiaWF0IjoxNzU5NDU1MjM3LCJqdGkiOiJjN2U0YmVkYjE5MmQ0NDFmOGM1NDFlYWQ3YzZlNGQ2MyIsInVzZXJfaWQiOiIyMSIsIm11c3RfY2hhbmdlX3Bhc3N3b3JkIjpmYWxzZX0.TtWqnE24OYgKketYC6_2AXTryVw4J2xr4BkgiMSn_nA', '2025-10-03 01:33:57.577408', '2025-10-04 01:33:57', 21, 'c7e4bedb192d441f8c541ead7c6e4d63');
INSERT INTO `token_blacklist_outstandingtoken` (`id`, `token`, `created_at`, `expires_at`, `user_id`, `jti`) VALUES (200, 'eyJhbGciOiJIUzI1NiIsInR5cCI6IkpXVCJ9.eyJ0b2tlbl90eXBlIjoicmVmcmVzaCIsImV4cCI6MTc1OTU0Mjc3NywiaWF0IjoxNzU5NDU2Mzc3LCJqdGkiOiJiMjgzZjRiMGY0ZmM0NTAwYTVhYzY0M2M0NDQ2NmQyZSIsInVzZXJfaWQiOiIxIiwibXVzdF9jaGFuZ2VfcGFzc3dvcmQiOmZhbHNlfQ.xi3ec6FFF6XtLQf4JjEW9YSvJd8W91v--Oh2-Yum4Io', '2025-10-03 01:52:57.538899', '2025-10-04 01:52:57', 1, 'b283f4b0f4fc4500a5ac643c44466d2e');
INSERT INTO `token_blacklist_outstandingtoken` (`id`, `token`, `created_at`, `expires_at`, `user_id`, `jti`) VALUES (201, 'eyJhbGciOiJIUzI1NiIsInR5cCI6IkpXVCJ9.eyJ0b2tlbl90eXBlIjoicmVmcmVzaCIsImV4cCI6MTc1OTU0NDQ2NCwiaWF0IjoxNzU5NDU4MDY0LCJqdGkiOiJiYWMxM2EyOGI4ZmM0NWQ0YTI5MWY4OGI4MWExYmMxMyIsInVzZXJfaWQiOiIxIn0.PuXzK8h_60K1W4_qhs4cxxkCNr3MVtYjp-4FSE8frJY', '2025-10-03 02:21:04.465529', '2025-10-04 02:21:04', 1, 'bac13a28b8fc45d4a291f88b81a1bc13');
INSERT INTO `token_blacklist_outstandingtoken` (`id`, `token`, `created_at`, `expires_at`, `user_id`, `jti`) VALUES (202, 'eyJhbGciOiJIUzI1NiIsInR5cCI6IkpXVCJ9.eyJ0b2tlbl90eXBlIjoicmVmcmVzaCIsImV4cCI6MTc1OTU0NDU3NCwiaWF0IjoxNzU5NDU4MTc0LCJqdGkiOiIwZTg0NGZkZjk5NTM0ZDIwYWYyN2JjN2M0ZTNjY2ZkNSIsInVzZXJfaWQiOiIyMCJ9.qUX-BsQaT-Ai2w-uU9qLFpvTMxVs5jHnSZrWN4nwlao', '2025-10-03 02:22:54.046586', '2025-10-04 02:22:54', 20, '0e844fdf99534d20af27bc7c4e3ccfd5');
INSERT INTO `token_blacklist_outstandingtoken` (`id`, `token`, `created_at`, `expires_at`, `user_id`, `jti`) VALUES (203, 'eyJhbGciOiJIUzI1NiIsInR5cCI6IkpXVCJ9.eyJ0b2tlbl90eXBlIjoicmVmcmVzaCIsImV4cCI6MTc1OTU0NTk5NiwiaWF0IjoxNzU5NDU5NTk2LCJqdGkiOiJiZjE4Y2Q3MjQxMTE0ZjgyOTM1NmZlNTQ0NDlhODk4ZCIsInVzZXJfaWQiOiIyMSJ9.Co0GjKZ5xej71Gf7vvVtVG0YbiTjDXn8553Qx-h8mVY', '2025-10-03 02:46:36.477915', '2025-10-04 02:46:36', 21, 'bf18cd7241114f829356fe54449a898d');
INSERT INTO `token_blacklist_outstandingtoken` (`id`, `token`, `created_at`, `expires_at`, `user_id`, `jti`) VALUES (204, 'eyJhbGciOiJIUzI1NiIsInR5cCI6IkpXVCJ9.eyJ0b2tlbl90eXBlIjoicmVmcmVzaCIsImV4cCI6MTc1OTU0ODExNywiaWF0IjoxNzU5NDYxNzE3LCJqdGkiOiI3YWI5YmNlYWVlN2M0NjBjYmE1ODEzYmExZWQxZjg0MSIsInVzZXJfaWQiOiIxIiwibXVzdF9jaGFuZ2VfcGFzc3dvcmQiOmZhbHNlfQ.1CnRmWFpn6yQlf7mVT03MAmtzfPEGDnaTcbwBRfqzmc', '2025-10-03 03:21:57.246164', '2025-10-04 03:21:57', 1, '7ab9bceaee7c460cba5813ba1ed1f841');
INSERT INTO `token_blacklist_outstandingtoken` (`id`, `token`, `created_at`, `expires_at`, `user_id`, `jti`) VALUES (205, 'eyJhbGciOiJIUzI1NiIsInR5cCI6IkpXVCJ9.eyJ0b2tlbl90eXBlIjoicmVmcmVzaCIsImV4cCI6MTc1OTU0ODExNywiaWF0IjoxNzU5NDYxNzE3LCJqdGkiOiJkZGY0MWIyNzFlMTg0ZjQ3YmZkYmQwMThiY2JjYmU3MyIsInVzZXJfaWQiOiIxIiwibXVzdF9jaGFuZ2VfcGFzc3dvcmQiOmZhbHNlfQ.2YgPi00YevTb2UDOE-QwD2OyU19bTuzhDmybsUfJS8w', '2025-10-03 03:21:57.243277', '2025-10-04 03:21:57', 1, 'ddf41b271e184f47bfdbd018bcbcbe73');
INSERT INTO `token_blacklist_outstandingtoken` (`id`, `token`, `created_at`, `expires_at`, `user_id`, `jti`) VALUES (206, 'eyJhbGciOiJIUzI1NiIsInR5cCI6IkpXVCJ9.eyJ0b2tlbl90eXBlIjoicmVmcmVzaCIsImV4cCI6MTc1OTU0ODE4MywiaWF0IjoxNzU5NDYxNzgzLCJqdGkiOiJjMDAzY2UyZTU5NDA0ZDAyOGU2MTU3ZTU5OTE3NGIyOCIsInVzZXJfaWQiOiIyMCIsIm11c3RfY2hhbmdlX3Bhc3N3b3JkIjpmYWxzZX0.kokfwv1f3GL4PqYPcW3wp7GvmF7ubmTWXbKI_9MWvZM', '2025-10-03 03:23:03.380216', '2025-10-04 03:23:03', 20, 'c003ce2e59404d028e6157e599174b28');
INSERT INTO `token_blacklist_outstandingtoken` (`id`, `token`, `created_at`, `expires_at`, `user_id`, `jti`) VALUES (207, 'eyJhbGciOiJIUzI1NiIsInR5cCI6IkpXVCJ9.eyJ0b2tlbl90eXBlIjoicmVmcmVzaCIsImV4cCI6MTc1OTU0ODE4MywiaWF0IjoxNzU5NDYxNzgzLCJqdGkiOiI5ODVjM2NhZmQ5NGQ0YjMwYmE1MGEyZGNmZmQ1ZTlmOCIsInVzZXJfaWQiOiIyMCIsIm11c3RfY2hhbmdlX3Bhc3N3b3JkIjpmYWxzZX0.1JgtT2ytVuS5tWDbrCqcdpHUdSjpEHQg5mGBOtCvKdg', '2025-10-03 03:23:03.378709', '2025-10-04 03:23:03', 20, '985c3cafd94d4b30ba50a2dcffd5e9f8');
INSERT INTO `token_blacklist_outstandingtoken` (`id`, `token`, `created_at`, `expires_at`, `user_id`, `jti`) VALUES (208, 'eyJhbGciOiJIUzI1NiIsInR5cCI6IkpXVCJ9.eyJ0b2tlbl90eXBlIjoicmVmcmVzaCIsImV4cCI6MTc1OTU0OTYwMywiaWF0IjoxNzU5NDYzMjAzLCJqdGkiOiIwNTJmZTFjN2Q4MjU0Y2I2YWUxZjcyOTUwNGMxOGQ3OSIsInVzZXJfaWQiOiIyMSIsIm11c3RfY2hhbmdlX3Bhc3N3b3JkIjpmYWxzZX0.fxoMH0WsrjsajVJmHNTR5DewiNGXrGcl5joSKN8hHJ4', '2025-10-03 03:46:43.272852', '2025-10-04 03:46:43', 21, '052fe1c7d8254cb6ae1f729504c18d79');
INSERT INTO `token_blacklist_outstandingtoken` (`id`, `token`, `created_at`, `expires_at`, `user_id`, `jti`) VALUES (209, 'eyJhbGciOiJIUzI1NiIsInR5cCI6IkpXVCJ9.eyJ0b2tlbl90eXBlIjoicmVmcmVzaCIsImV4cCI6MTc1OTU0OTYwMywiaWF0IjoxNzU5NDYzMjAzLCJqdGkiOiJjN2M1NTJjMmM0MGU0ODQ3YjQ4OWNiMmJhYTYwZTZmYSIsInVzZXJfaWQiOiIyMSIsIm11c3RfY2hhbmdlX3Bhc3N3b3JkIjpmYWxzZX0.F-eVX_NlW4iR8fPRuVfGSEm6lhNabWcGVT-8LoAO89g', '2025-10-03 03:46:43.269963', '2025-10-04 03:46:43', 21, 'c7c552c2c40e4847b489cb2baa60e6fa');
INSERT INTO `token_blacklist_outstandingtoken` (`id`, `token`, `created_at`, `expires_at`, `user_id`, `jti`) VALUES (210, 'eyJhbGciOiJIUzI1NiIsInR5cCI6IkpXVCJ9.eyJ0b2tlbl90eXBlIjoicmVmcmVzaCIsImV4cCI6MTc1OTU1MTcxNywiaWF0IjoxNzU5NDY1MzE3LCJqdGkiOiIwY2YzMWU3MGRhNWY0N2M3YjM1Nzk4MzU3MWNjOWFjMCIsInVzZXJfaWQiOiIxIiwibXVzdF9jaGFuZ2VfcGFzc3dvcmQiOmZhbHNlfQ.lnBDzxWvAbF1djBZRHUuos9lCoKLuzKqwO_wMAhjPRk', '2025-10-03 04:21:57.210725', '2025-10-04 04:21:57', 1, '0cf31e70da5f47c7b357983571cc9ac0');
INSERT INTO `token_blacklist_outstandingtoken` (`id`, `token`, `created_at`, `expires_at`, `user_id`, `jti`) VALUES (211, 'eyJhbGciOiJIUzI1NiIsInR5cCI6IkpXVCJ9.eyJ0b2tlbl90eXBlIjoicmVmcmVzaCIsImV4cCI6MTc1OTU1MjM1NiwiaWF0IjoxNzU5NDY1OTU2LCJqdGkiOiI5ZjQzNDY1OGUwYjk0ODhlYWYyZjFjNzJkZGI3OTUyNyIsInVzZXJfaWQiOiIyMCIsIm11c3RfY2hhbmdlX3Bhc3N3b3JkIjpmYWxzZX0.Hoh1ZE54uwhTd0BQtiU5USEOM63Kzr5wtzv6A-3a4rQ', '2025-10-03 04:32:36.561505', '2025-10-04 04:32:36', 20, '9f434658e0b9488eaf2f1c72ddb79527');
INSERT INTO `token_blacklist_outstandingtoken` (`id`, `token`, `created_at`, `expires_at`, `user_id`, `jti`) VALUES (212, 'eyJhbGciOiJIUzI1NiIsInR5cCI6IkpXVCJ9.eyJ0b2tlbl90eXBlIjoicmVmcmVzaCIsImV4cCI6MTc1OTU1MzIxNywiaWF0IjoxNzU5NDY2ODE3LCJqdGkiOiIxNDNlOWJhNGQxZWI0ZTc2OGQ4MjYzMTk3ZjEwY2FhMiIsInVzZXJfaWQiOiIyMSIsIm11c3RfY2hhbmdlX3Bhc3N3b3JkIjpmYWxzZX0.aY9qGy47Un3g8OznVIZzWWxMB_k0o4WgzKdUigcQm1I', '2025-10-03 04:46:57.205464', '2025-10-04 04:46:57', 21, '143e9ba4d1eb4e768d8263197f10caa2');
INSERT INTO `token_blacklist_outstandingtoken` (`id`, `token`, `created_at`, `expires_at`, `user_id`, `jti`) VALUES (213, 'eyJhbGciOiJIUzI1NiIsInR5cCI6IkpXVCJ9.eyJ0b2tlbl90eXBlIjoicmVmcmVzaCIsImV4cCI6MTc1OTU1MzIxNywiaWF0IjoxNzU5NDY2ODE3LCJqdGkiOiI4NTgxNjNmMGMzZmE0ZTZiOTAxNjgyYTkzODRmOTcxOCIsInVzZXJfaWQiOiIyMSIsIm11c3RfY2hhbmdlX3Bhc3N3b3JkIjpmYWxzZX0.SX7bf47aYvypAt_tsTLiPJG3SLzWMcSENbysEX-2eO4', '2025-10-03 04:46:57.216965', '2025-10-04 04:46:57', 21, '858163f0c3fa4e6b901682a9384f9718');
INSERT INTO `token_blacklist_outstandingtoken` (`id`, `token`, `created_at`, `expires_at`, `user_id`, `jti`) VALUES (214, 'eyJhbGciOiJIUzI1NiIsInR5cCI6IkpXVCJ9.eyJ0b2tlbl90eXBlIjoicmVmcmVzaCIsImV4cCI6MTc1OTU1NTMxNywiaWF0IjoxNzU5NDY4OTE3LCJqdGkiOiI4ZjZkZjZmNTI3Yjg0MGQxOWQzZGYwY2Y5NWJkY2MxMSIsInVzZXJfaWQiOiIxIiwibXVzdF9jaGFuZ2VfcGFzc3dvcmQiOmZhbHNlfQ.TTNuxORCSiyD7KoUU9znAfmK2U-I9NuRkdyNgiWGZEE', '2025-10-03 05:21:57.276020', '2025-10-04 05:21:57', 1, '8f6df6f527b840d19d3df0cf95bdcc11');
INSERT INTO `token_blacklist_outstandingtoken` (`id`, `token`, `created_at`, `expires_at`, `user_id`, `jti`) VALUES (215, 'eyJhbGciOiJIUzI1NiIsInR5cCI6IkpXVCJ9.eyJ0b2tlbl90eXBlIjoicmVmcmVzaCIsImV4cCI6MTc1OTU1NTMxNywiaWF0IjoxNzU5NDY4OTE3LCJqdGkiOiI0NzU3NzIyOGUzZjg0ZDFmODkyYzU1NTU5NTIzMzY2OCIsInVzZXJfaWQiOiIxIiwibXVzdF9jaGFuZ2VfcGFzc3dvcmQiOmZhbHNlfQ.Ac96zGG0Hyc1KkdDQmVFacHp8jy3iKgIJplCJTY4IFI', '2025-10-03 05:21:57.271116', '2025-10-04 05:21:57', 1, '47577228e3f84d1f892c555595233668');
INSERT INTO `token_blacklist_outstandingtoken` (`id`, `token`, `created_at`, `expires_at`, `user_id`, `jti`) VALUES (216, 'eyJhbGciOiJIUzI1NiIsInR5cCI6IkpXVCJ9.eyJ0b2tlbl90eXBlIjoicmVmcmVzaCIsImV4cCI6MTc1OTU1NTk3OCwiaWF0IjoxNzU5NDY5NTc4LCJqdGkiOiIxY2UzZjVkYWU5NzE0YmMwOWY4NDM3ZGE1ZWE3NjBkMSIsInVzZXJfaWQiOiIyMCIsIm11c3RfY2hhbmdlX3Bhc3N3b3JkIjpmYWxzZX0.dty4pQfphf-rbMQrPKFAHTLeSiI2mVUAyu1IlehmIoY', '2025-10-03 05:32:58.104608', '2025-10-04 05:32:58', 20, '1ce3f5dae9714bc09f8437da5ea760d1');
INSERT INTO `token_blacklist_outstandingtoken` (`id`, `token`, `created_at`, `expires_at`, `user_id`, `jti`) VALUES (217, 'eyJhbGciOiJIUzI1NiIsInR5cCI6IkpXVCJ9.eyJ0b2tlbl90eXBlIjoicmVmcmVzaCIsImV4cCI6MTc1OTU1NjA0NywiaWF0IjoxNzU5NDY5NjQ3LCJqdGkiOiJiNDM3ODEwMzk5MTU0NzM2YWZhMzYyNzJhNmE1MDQwOCIsInVzZXJfaWQiOiIxIn0.-fcVEKpQwV1cg7aaB3meQK_0YiB2cEqFdWlZBnOdJ9k', '2025-10-03 05:34:07.788950', '2025-10-04 05:34:07', 1, 'b437810399154736afa36272a6a50408');
INSERT INTO `token_blacklist_outstandingtoken` (`id`, `token`, `created_at`, `expires_at`, `user_id`, `jti`) VALUES (218, 'eyJhbGciOiJIUzI1NiIsInR5cCI6IkpXVCJ9.eyJ0b2tlbl90eXBlIjoicmVmcmVzaCIsImV4cCI6MTc1OTU1NjgyMywiaWF0IjoxNzU5NDcwNDIzLCJqdGkiOiI3YTlmNjU4ODczN2Q0ZTdiOGQ1OGFjMzgzZmU2YWRkZSIsInVzZXJfaWQiOiIyMSIsIm11c3RfY2hhbmdlX3Bhc3N3b3JkIjpmYWxzZX0._hamsuF8hf9cZiV_pBUIstM8RZTIfnhcULC38f2zgLk', '2025-10-03 05:47:03.787061', '2025-10-04 05:47:03', 21, '7a9f6588737d4e7b8d58ac383fe6adde');
INSERT INTO `token_blacklist_outstandingtoken` (`id`, `token`, `created_at`, `expires_at`, `user_id`, `jti`) VALUES (219, 'eyJhbGciOiJIUzI1NiIsInR5cCI6IkpXVCJ9.eyJ0b2tlbl90eXBlIjoicmVmcmVzaCIsImV4cCI6MTc1OTU1NjgyMywiaWF0IjoxNzU5NDcwNDIzLCJqdGkiOiI3NTZlZTUwNDIzMzQ0M2Y2YjNjZTU5YzI0NTg0N2Y2MyIsInVzZXJfaWQiOiIyMSIsIm11c3RfY2hhbmdlX3Bhc3N3b3JkIjpmYWxzZX0.MHefGuncziGnoePt_wfhbmNlu8Z1vpmKVn2A51mXEHw', '2025-10-03 05:47:03.940940', '2025-10-04 05:47:03', 21, '756ee504233443f6b3ce59c245847f63');
INSERT INTO `token_blacklist_outstandingtoken` (`id`, `token`, `created_at`, `expires_at`, `user_id`, `jti`) VALUES (220, 'eyJhbGciOiJIUzI1NiIsInR5cCI6IkpXVCJ9.eyJ0b2tlbl90eXBlIjoicmVmcmVzaCIsImV4cCI6MTc1OTU1OTE2NCwiaWF0IjoxNzU5NDcyNzY0LCJqdGkiOiI4YTE0ZmJiOTc4MzA0ZmQ4YjNlZDU2ZmVjMzM2NGVjZiIsInVzZXJfaWQiOiIxIiwibXVzdF9jaGFuZ2VfcGFzc3dvcmQiOmZhbHNlfQ.ATXmLivGRtpP97tEXiu6zGwBB3fsUXxtNm7Gt_M4fPU', '2025-10-03 06:26:04.756145', '2025-10-04 06:26:04', 1, '8a14fbb978304fd8b3ed56fec3364ecf');
INSERT INTO `token_blacklist_outstandingtoken` (`id`, `token`, `created_at`, `expires_at`, `user_id`, `jti`) VALUES (221, 'eyJhbGciOiJIUzI1NiIsInR5cCI6IkpXVCJ9.eyJ0b2tlbl90eXBlIjoicmVmcmVzaCIsImV4cCI6MTc1OTU1OTE2NCwiaWF0IjoxNzU5NDcyNzY0LCJqdGkiOiJiYmVhYjRhNTRmMjg0ZjYwYjcwYjg4N2JkNzAwMGZhNSIsInVzZXJfaWQiOiIxIiwibXVzdF9jaGFuZ2VfcGFzc3dvcmQiOmZhbHNlfQ.iFC2EkYLOXFUBn0JHDGIapyqiUpQjH0DSEx2M7izuaQ', '2025-10-03 06:26:04.761106', '2025-10-04 06:26:04', 1, 'bbeab4a54f284f60b70b887bd7000fa5');
INSERT INTO `token_blacklist_outstandingtoken` (`id`, `token`, `created_at`, `expires_at`, `user_id`, `jti`) VALUES (222, 'eyJhbGciOiJIUzI1NiIsInR5cCI6IkpXVCJ9.eyJ0b2tlbl90eXBlIjoicmVmcmVzaCIsImV4cCI6MTc1OTU1OTE2NSwiaWF0IjoxNzU5NDcyNzY1LCJqdGkiOiJiNDhlZDlkNzBmODc0NmQyYjk3YmJkM2I1MjBjZGI4NyIsInVzZXJfaWQiOiIxIiwibXVzdF9jaGFuZ2VfcGFzc3dvcmQiOmZhbHNlfQ.71loWiHS918yQpSklDF8fSn0WEVZF9rr5QOpRxGoSLU', '2025-10-03 06:26:05.269768', '2025-10-04 06:26:05', 1, 'b48ed9d70f8746d2b97bbd3b520cdb87');
INSERT INTO `token_blacklist_outstandingtoken` (`id`, `token`, `created_at`, `expires_at`, `user_id`, `jti`) VALUES (223, 'eyJhbGciOiJIUzI1NiIsInR5cCI6IkpXVCJ9.eyJ0b2tlbl90eXBlIjoicmVmcmVzaCIsImV4cCI6MTc1OTU1OTE2NSwiaWF0IjoxNzU5NDcyNzY1LCJqdGkiOiJlMTYxODUzODEwYmQ0N2ZiODNkMGJiNmZkNGNmMTVlYSIsInVzZXJfaWQiOiIxIiwibXVzdF9jaGFuZ2VfcGFzc3dvcmQiOmZhbHNlfQ.9cRE9tdLZX6nv7PSw6RARZWpmnV4aX7A-KqHyO-HZ4g', '2025-10-03 06:26:05.279334', '2025-10-04 06:26:05', 1, 'e161853810bd47fb83d0bb6fd4cf15ea');
INSERT INTO `token_blacklist_outstandingtoken` (`id`, `token`, `created_at`, `expires_at`, `user_id`, `jti`) VALUES (224, 'eyJhbGciOiJIUzI1NiIsInR5cCI6IkpXVCJ9.eyJ0b2tlbl90eXBlIjoicmVmcmVzaCIsImV4cCI6MTc1OTU1OTE2NSwiaWF0IjoxNzU5NDcyNzY1LCJqdGkiOiI4ODE5MTEyMGRjM2M0ZjBjYjg5OTRlMzU2OTA1MzI3ZiIsInVzZXJfaWQiOiIxIiwibXVzdF9jaGFuZ2VfcGFzc3dvcmQiOmZhbHNlfQ.FdoRsdPW0F6HC553KCkaw-mzmmSXbloIfuGbjYSNro0', '2025-10-03 06:26:05.404988', '2025-10-04 06:26:05', 1, '88191120dc3c4f0cb8994e356905327f');
INSERT INTO `token_blacklist_outstandingtoken` (`id`, `token`, `created_at`, `expires_at`, `user_id`, `jti`) VALUES (225, 'eyJhbGciOiJIUzI1NiIsInR5cCI6IkpXVCJ9.eyJ0b2tlbl90eXBlIjoicmVmcmVzaCIsImV4cCI6MTc1OTU1OTY2NywiaWF0IjoxNzU5NDczMjY3LCJqdGkiOiIwNDg1YzQ1ZWYwZjE0ODcwOWNiYjc4MDhmZTlmNzE2MyIsInVzZXJfaWQiOiIxIiwibXVzdF9jaGFuZ2VfcGFzc3dvcmQiOmZhbHNlfQ.x1PCSAE9Ayhz9UKhMHRsWm6_HfCVoKrbZTeLt7y4e-g', '2025-10-03 06:34:27.157851', '2025-10-04 06:34:27', 1, '0485c45ef0f148709cbb7808fe9f7163');
INSERT INTO `token_blacklist_outstandingtoken` (`id`, `token`, `created_at`, `expires_at`, `user_id`, `jti`) VALUES (226, 'eyJhbGciOiJIUzI1NiIsInR5cCI6IkpXVCJ9.eyJ0b2tlbl90eXBlIjoicmVmcmVzaCIsImV4cCI6MTc1OTU1OTY2NywiaWF0IjoxNzU5NDczMjY3LCJqdGkiOiI4MzZkZDFiZTgwYzY0NDQ0OThkNTkxMTg5ZDk0NmI5NCIsInVzZXJfaWQiOiIxIiwibXVzdF9jaGFuZ2VfcGFzc3dvcmQiOmZhbHNlfQ.lX312R9USaaL707gw6vGLoiARpcIrRehDi_GAuTVYTc', '2025-10-03 06:34:27.161217', '2025-10-04 06:34:27', 1, '836dd1be80c6444498d591189d946b94');
INSERT INTO `token_blacklist_outstandingtoken` (`id`, `token`, `created_at`, `expires_at`, `user_id`, `jti`) VALUES (227, 'eyJhbGciOiJIUzI1NiIsInR5cCI6IkpXVCJ9.eyJ0b2tlbl90eXBlIjoicmVmcmVzaCIsImV4cCI6MTc1OTU2MDQ1NywiaWF0IjoxNzU5NDc0MDU3LCJqdGkiOiJkODc3NjA3ODlhMGY0YjRjYTEyODk3NGI1NWZlYWE1NiIsInVzZXJfaWQiOiIyMSIsIm11c3RfY2hhbmdlX3Bhc3N3b3JkIjpmYWxzZX0.7TIjRA4o7vdZxMoyswaXrzpxmVbJXlncjcSL2UTodSo', '2025-10-03 06:47:37.166152', '2025-10-04 06:47:37', 21, 'd87760789a0f4b4ca128974b55feaa56');
INSERT INTO `token_blacklist_outstandingtoken` (`id`, `token`, `created_at`, `expires_at`, `user_id`, `jti`) VALUES (228, 'eyJhbGciOiJIUzI1NiIsInR5cCI6IkpXVCJ9.eyJ0b2tlbl90eXBlIjoicmVmcmVzaCIsImV4cCI6MTc1OTU2MjA5MywiaWF0IjoxNzU5NDc1NjkzLCJqdGkiOiJiM2JkNGM0NWZhNDg0NjkzODgwN2Q2MjJjZGRkNzY3MSIsInVzZXJfaWQiOiIyMSJ9.GUuuLy8SZqM5Bt3ZFC-h45KY04duf6UlZl3EFKdiIHk', '2025-10-03 07:14:53.431959', '2025-10-04 07:14:53', 21, 'b3bd4c45fa4846938807d622cddd7671');
INSERT INTO `token_blacklist_outstandingtoken` (`id`, `token`, `created_at`, `expires_at`, `user_id`, `jti`) VALUES (229, 'eyJhbGciOiJIUzI1NiIsInR5cCI6IkpXVCJ9.eyJ0b2tlbl90eXBlIjoicmVmcmVzaCIsImV4cCI6MTc1OTU2MjgxOCwiaWF0IjoxNzU5NDc2NDE4LCJqdGkiOiJhYjI3MjUwZGE5NmY0ZmI3OWJhYjNlMTAwMjdhODRlNyIsInVzZXJfaWQiOiIxIiwibXVzdF9jaGFuZ2VfcGFzc3dvcmQiOmZhbHNlfQ.1t1cJTp75cRMcSFRs0cl0knwRAjMhXd5atOfMsH784M', '2025-10-03 07:26:58.954710', '2025-10-04 07:26:58', 1, 'ab27250da96f4fb79bab3e10027a84e7');
INSERT INTO `token_blacklist_outstandingtoken` (`id`, `token`, `created_at`, `expires_at`, `user_id`, `jti`) VALUES (230, 'eyJhbGciOiJIUzI1NiIsInR5cCI6IkpXVCJ9.eyJ0b2tlbl90eXBlIjoicmVmcmVzaCIsImV4cCI6MTc1OTU2MzI5NywiaWF0IjoxNzU5NDc2ODk3LCJqdGkiOiI1MzE1MWVjZTFjZWQ0YmExOWUzNTViYThlOTNlMWU0YyIsInVzZXJfaWQiOiIxIiwibXVzdF9jaGFuZ2VfcGFzc3dvcmQiOmZhbHNlfQ.XpLTQAgGLQ_dRbQAxlx4TTPEIVeU9ENZAPCE45MxYRs', '2025-10-03 07:34:57.172683', '2025-10-04 07:34:57', 1, '53151ece1ced4ba19e355ba8e93e1e4c');
INSERT INTO `token_blacklist_outstandingtoken` (`id`, `token`, `created_at`, `expires_at`, `user_id`, `jti`) VALUES (231, 'eyJhbGciOiJIUzI1NiIsInR5cCI6IkpXVCJ9.eyJ0b2tlbl90eXBlIjoicmVmcmVzaCIsImV4cCI6MTc1OTU2MzI5NywiaWF0IjoxNzU5NDc2ODk3LCJqdGkiOiJjNzY3MjdiMTQ3MTk0MmE4OTkwMzYzMTE1M2RhOTExNSIsInVzZXJfaWQiOiIxIiwibXVzdF9jaGFuZ2VfcGFzc3dvcmQiOmZhbHNlfQ.NpI6ywMgTyyFsVmDv7fU073f_ODdtKNf-5esTfm8GwE', '2025-10-03 07:34:57.169389', '2025-10-04 07:34:57', 1, 'c76727b1471942a89903631153da9115');
INSERT INTO `token_blacklist_outstandingtoken` (`id`, `token`, `created_at`, `expires_at`, `user_id`, `jti`) VALUES (232, 'eyJhbGciOiJIUzI1NiIsInR5cCI6IkpXVCJ9.eyJ0b2tlbl90eXBlIjoicmVmcmVzaCIsImV4cCI6MTc1OTU2NTcwMywiaWF0IjoxNzU5NDc5MzAzLCJqdGkiOiJjOTE4YmQxOTJkZDQ0YWViODZjYjAwZTRiOTQ5YmUzZiIsInVzZXJfaWQiOiIyMSIsIm11c3RfY2hhbmdlX3Bhc3N3b3JkIjpmYWxzZX0.VgAYY7kkQHKu3e_AXkf-O0JDStrwkNduoO3OQYzrkQ0', '2025-10-03 08:15:03.892435', '2025-10-04 08:15:03', 21, 'c918bd192dd44aeb86cb00e4b949be3f');
INSERT INTO `token_blacklist_outstandingtoken` (`id`, `token`, `created_at`, `expires_at`, `user_id`, `jti`) VALUES (233, 'eyJhbGciOiJIUzI1NiIsInR5cCI6IkpXVCJ9.eyJ0b2tlbl90eXBlIjoicmVmcmVzaCIsImV4cCI6MTc1OTU2NTcwMywiaWF0IjoxNzU5NDc5MzAzLCJqdGkiOiI5ZWMyODI0YTExODI0M2U2YjVkOTBkOTZhMmNjMDgwMiIsInVzZXJfaWQiOiIyMSIsIm11c3RfY2hhbmdlX3Bhc3N3b3JkIjpmYWxzZX0.NcIYgf-eIzgNgotQzRqiTk-KHXkgfJH83nmZXtqGU8I', '2025-10-03 08:15:03.882922', '2025-10-04 08:15:03', 21, '9ec2824a118243e6b5d90d96a2cc0802');
INSERT INTO `token_blacklist_outstandingtoken` (`id`, `token`, `created_at`, `expires_at`, `user_id`, `jti`) VALUES (234, 'eyJhbGciOiJIUzI1NiIsInR5cCI6IkpXVCJ9.eyJ0b2tlbl90eXBlIjoicmVmcmVzaCIsImV4cCI6MTc1OTU2Njg5NywiaWF0IjoxNzU5NDgwNDk3LCJqdGkiOiJjNTQxMzY4YjgyNGY0ODlmYTRhZjg4MWNjMGJmMjgzNyIsInVzZXJfaWQiOiIxIiwibXVzdF9jaGFuZ2VfcGFzc3dvcmQiOmZhbHNlfQ.kYJbfjmpdh1usLYtz4o6MbodcVtJJwVc1sJkDVj-RwM', '2025-10-03 08:34:57.433030', '2025-10-04 08:34:57', 1, 'c541368b824f489fa4af881cc0bf2837');
INSERT INTO `token_blacklist_outstandingtoken` (`id`, `token`, `created_at`, `expires_at`, `user_id`, `jti`) VALUES (235, 'eyJhbGciOiJIUzI1NiIsInR5cCI6IkpXVCJ9.eyJ0b2tlbl90eXBlIjoicmVmcmVzaCIsImV4cCI6MTc1OTU2OTk2OCwiaWF0IjoxNzU5NDgzNTY4LCJqdGkiOiI4MDZkOTE0MWUyYzU0M2Y2YjIyYTVlNmZlNDRjNWI3MCIsInVzZXJfaWQiOiIyMSJ9.H6O_4gPiTxgTMYXc1aTLt4tSgnz2vVDN6wMfazEIL9c', '2025-10-03 09:26:08.356565', '2025-10-04 09:26:08', 21, '806d9141e2c543f6b22a5e6fe44c5b70');
INSERT INTO `token_blacklist_outstandingtoken` (`id`, `token`, `created_at`, `expires_at`, `user_id`, `jti`) VALUES (236, 'eyJhbGciOiJIUzI1NiIsInR5cCI6IkpXVCJ9.eyJ0b2tlbl90eXBlIjoicmVmcmVzaCIsImV4cCI6MTc1OTU3MDUxNywiaWF0IjoxNzU5NDg0MTE3LCJqdGkiOiJjMTU4ZDk3Mjg5ZTg0MTQyYTQ4ZmFhMzI0OTc1YWM0NyIsInVzZXJfaWQiOiIxIiwibXVzdF9jaGFuZ2VfcGFzc3dvcmQiOmZhbHNlfQ.ZShYEBeAK2bAxK0zgjI89Un7XqAaFKHobBVpHGaBeYI', '2025-10-03 09:35:17.368489', '2025-10-04 09:35:17', 1, 'c158d97289e84142a48faa324975ac47');
INSERT INTO `token_blacklist_outstandingtoken` (`id`, `token`, `created_at`, `expires_at`, `user_id`, `jti`) VALUES (237, 'eyJhbGciOiJIUzI1NiIsInR5cCI6IkpXVCJ9.eyJ0b2tlbl90eXBlIjoicmVmcmVzaCIsImV4cCI6MTc1OTU3MDY3NywiaWF0IjoxNzU5NDg0Mjc3LCJqdGkiOiJhYjFlMmYxOGFkNGQ0NTc3YmViMTI3YzYwZjU2MjJlMSIsInVzZXJfaWQiOiIxIn0.B40mAVGt8hJ7i8ZnT0wNbq7onBBK4jDHQRBGbsL72Cc', '2025-10-03 09:37:57.231520', '2025-10-04 09:37:57', 1, 'ab1e2f18ad4d4577beb127c60f5622e1');
INSERT INTO `token_blacklist_outstandingtoken` (`id`, `token`, `created_at`, `expires_at`, `user_id`, `jti`) VALUES (238, 'eyJhbGciOiJIUzI1NiIsInR5cCI6IkpXVCJ9.eyJ0b2tlbl90eXBlIjoicmVmcmVzaCIsImV4cCI6MTc1OTU3MDcwNCwiaWF0IjoxNzU5NDg0MzA0LCJqdGkiOiJjZmI1ZTRmYjA3YzU0MzZjYmM0ZWE0ZGVjYjUzMjZjNSIsInVzZXJfaWQiOiIyMiJ9.n20TaBv6A3C4BaO8ihPETpfvwYxbEtelTyuPZrPFNYU', '2025-10-03 09:38:24.697730', '2025-10-04 09:38:24', 22, 'cfb5e4fb07c5436cbc4ea4decb5326c5');
INSERT INTO `token_blacklist_outstandingtoken` (`id`, `token`, `created_at`, `expires_at`, `user_id`, `jti`) VALUES (239, 'eyJhbGciOiJIUzI1NiIsInR5cCI6IkpXVCJ9.eyJ0b2tlbl90eXBlIjoicmVmcmVzaCIsImV4cCI6MTc1OTU3MDgwMiwiaWF0IjoxNzU5NDg0NDAyLCJqdGkiOiJlM2FiOGY1NzMxZDQ0NmM2YTliY2MzZjkzYTIzYzA2NyIsInVzZXJfaWQiOiIyMCJ9.jZsh6m2neOzgGAe4fsaOS_cd-hRAIVQWzGddFkyuUZw', '2025-10-03 09:40:02.411027', '2025-10-04 09:40:02', 20, 'e3ab8f5731d446c6a9bcc3f93a23c067');
INSERT INTO `token_blacklist_outstandingtoken` (`id`, `token`, `created_at`, `expires_at`, `user_id`, `jti`) VALUES (240, 'eyJhbGciOiJIUzI1NiIsInR5cCI6IkpXVCJ9.eyJ0b2tlbl90eXBlIjoicmVmcmVzaCIsImV4cCI6MTc1OTU3MzYxNywiaWF0IjoxNzU5NDg3MjE3LCJqdGkiOiIyNjNjZWQ0ZTM1Yjk0NzY2YmQzZmMxNGFjN2RjYWE2NCIsInVzZXJfaWQiOiIyMSIsIm11c3RfY2hhbmdlX3Bhc3N3b3JkIjpmYWxzZX0.-xj0djwFHLlVggGoBnY507ghrqF3qnWO8XKtbr2Rcl8', '2025-10-03 10:26:57.735481', '2025-10-04 10:26:57', 21, '263ced4e35b94766bd3fc14ac7dcaa64');
INSERT INTO `token_blacklist_outstandingtoken` (`id`, `token`, `created_at`, `expires_at`, `user_id`, `jti`) VALUES (241, 'eyJhbGciOiJIUzI1NiIsInR5cCI6IkpXVCJ9.eyJ0b2tlbl90eXBlIjoicmVmcmVzaCIsImV4cCI6MTc1OTU3NDI3NywiaWF0IjoxNzU5NDg3ODc3LCJqdGkiOiJjMGJkMGY4MTQ2MWQ0NmY3YTI0ZDIxOTFjZWFhNzliNCIsInVzZXJfaWQiOiIxIiwibXVzdF9jaGFuZ2VfcGFzc3dvcmQiOmZhbHNlfQ.X2PGN_1gSOs7NSjL0fkwSVZFwcrWAS0F7crZonr8R-4', '2025-10-03 10:37:57.163118', '2025-10-04 10:37:57', 1, 'c0bd0f81461d46f7a24d2191ceaa79b4');
INSERT INTO `token_blacklist_outstandingtoken` (`id`, `token`, `created_at`, `expires_at`, `user_id`, `jti`) VALUES (242, 'eyJhbGciOiJIUzI1NiIsInR5cCI6IkpXVCJ9.eyJ0b2tlbl90eXBlIjoicmVmcmVzaCIsImV4cCI6MTc1OTU3NDI3NywiaWF0IjoxNzU5NDg3ODc3LCJqdGkiOiJiZjUyNjk4Y2U2NjA0NWFmYTNmZWUwMWZjZjg3ZjRjYiIsInVzZXJfaWQiOiIxIiwibXVzdF9jaGFuZ2VfcGFzc3dvcmQiOmZhbHNlfQ.qrMAf0H1jyBuFQvne8k93Eds0yY_wydt6pOQ2OoeGTk', '2025-10-03 10:37:57.172446', '2025-10-04 10:37:57', 1, 'bf52698ce66045afa3fee01fcf87f4cb');
INSERT INTO `token_blacklist_outstandingtoken` (`id`, `token`, `created_at`, `expires_at`, `user_id`, `jti`) VALUES (243, 'eyJhbGciOiJIUzI1NiIsInR5cCI6IkpXVCJ9.eyJ0b2tlbl90eXBlIjoicmVmcmVzaCIsImV4cCI6MTc1OTU3NDMzNywiaWF0IjoxNzU5NDg3OTM3LCJqdGkiOiJhODhmYWVjNGRlZGQ0ZWQzYjhhMmFhMmU1MjAzMDYwOSIsInVzZXJfaWQiOiIyMiIsIm11c3RfY2hhbmdlX3Bhc3N3b3JkIjpmYWxzZX0.bua482UBjw4UBdHY5gkGGwrxK3a-gu4qI41eicTcadc', '2025-10-03 10:38:57.169083', '2025-10-04 10:38:57', 22, 'a88faec4dedd4ed3b8a2aa2e52030609');
INSERT INTO `token_blacklist_outstandingtoken` (`id`, `token`, `created_at`, `expires_at`, `user_id`, `jti`) VALUES (244, 'eyJhbGciOiJIUzI1NiIsInR5cCI6IkpXVCJ9.eyJ0b2tlbl90eXBlIjoicmVmcmVzaCIsImV4cCI6MTc1OTU3NDMzNywiaWF0IjoxNzU5NDg3OTM3LCJqdGkiOiI3ZGI2YWI5OWFiYjE0MjMzODFkNjlmODE3NjUzZDY4ZCIsInVzZXJfaWQiOiIyMiIsIm11c3RfY2hhbmdlX3Bhc3N3b3JkIjpmYWxzZX0.DOJ2uBurhfThZt2PeL-Y-L6140Y_Hm5HXQwYbeocLyA', '2025-10-03 10:38:57.175613', '2025-10-04 10:38:57', 22, '7db6ab99abb1423381d69f817653d68d');
INSERT INTO `token_blacklist_outstandingtoken` (`id`, `token`, `created_at`, `expires_at`, `user_id`, `jti`) VALUES (245, 'eyJhbGciOiJIUzI1NiIsInR5cCI6IkpXVCJ9.eyJ0b2tlbl90eXBlIjoicmVmcmVzaCIsImV4cCI6MTc1OTU3NDQxMywiaWF0IjoxNzU5NDg4MDEzLCJqdGkiOiI2YjEyNmRlOWZmNDg0MzQ2OTM1NWZkYWRlZTg3YzY5MyIsInVzZXJfaWQiOiIyMCIsIm11c3RfY2hhbmdlX3Bhc3N3b3JkIjpmYWxzZX0.MMpNEg83_oKuWqF56qFtSvrZFOdMRlP4EE051MD9__o', '2025-10-03 10:40:13.983751', '2025-10-04 10:40:13', 20, '6b126de9ff4843469355fdadee87c693');
INSERT INTO `token_blacklist_outstandingtoken` (`id`, `token`, `created_at`, `expires_at`, `user_id`, `jti`) VALUES (246, 'eyJhbGciOiJIUzI1NiIsInR5cCI6IkpXVCJ9.eyJ0b2tlbl90eXBlIjoicmVmcmVzaCIsImV4cCI6MTc1OTU3NDQxMywiaWF0IjoxNzU5NDg4MDEzLCJqdGkiOiIyNmZhNWU1ZGJhM2E0Y2U1YjA3ZDhlNTA5ZTVkNDgwZCIsInVzZXJfaWQiOiIyMCIsIm11c3RfY2hhbmdlX3Bhc3N3b3JkIjpmYWxzZX0.edtoD08f1Cy-98ch4YyqRXjlNnpH35TVyl9nsG2kqeA', '2025-10-03 10:40:13.985958', '2025-10-04 10:40:13', 20, '26fa5e5dba3a4ce5b07d8e509e5d480d');
INSERT INTO `token_blacklist_outstandingtoken` (`id`, `token`, `created_at`, `expires_at`, `user_id`, `jti`) VALUES (247, 'eyJhbGciOiJIUzI1NiIsInR5cCI6IkpXVCJ9.eyJ0b2tlbl90eXBlIjoicmVmcmVzaCIsImV4cCI6MTc1OTU3NzIyNSwiaWF0IjoxNzU5NDkwODI1LCJqdGkiOiI0YWFhNDdiYzgwNmU0MjcyODRmZjNiOGY2ZWMzNDFlZCIsInVzZXJfaWQiOiIyMSIsIm11c3RfY2hhbmdlX3Bhc3N3b3JkIjpmYWxzZX0.piCMYmkjMoMk0q_O3jmw4vr3JlFa04MJEtDLxj2aGXk', '2025-10-03 11:27:05.157897', '2025-10-04 11:27:05', 21, '4aaa47bc806e427284ff3b8f6ec341ed');
INSERT INTO `token_blacklist_outstandingtoken` (`id`, `token`, `created_at`, `expires_at`, `user_id`, `jti`) VALUES (248, 'eyJhbGciOiJIUzI1NiIsInR5cCI6IkpXVCJ9.eyJ0b2tlbl90eXBlIjoicmVmcmVzaCIsImV4cCI6MTc1OTU3NzIyNSwiaWF0IjoxNzU5NDkwODI1LCJqdGkiOiI3ZTViMmI2MDY4NTM0ODM0YWQ0Mjc0MTdjZTk0NWEwYyIsInVzZXJfaWQiOiIyMSIsIm11c3RfY2hhbmdlX3Bhc3N3b3JkIjpmYWxzZX0.diCeXPkErq4OAlwYC73Mj9-5dZT-HjSaUDmYkIAPQDQ', '2025-10-03 11:27:05.155390', '2025-10-04 11:27:05', 21, '7e5b2b6068534834ad427417ce945a0c');
INSERT INTO `token_blacklist_outstandingtoken` (`id`, `token`, `created_at`, `expires_at`, `user_id`, `jti`) VALUES (249, 'eyJhbGciOiJIUzI1NiIsInR5cCI6IkpXVCJ9.eyJ0b2tlbl90eXBlIjoicmVmcmVzaCIsImV4cCI6MTc1OTU3Nzg4MiwiaWF0IjoxNzU5NDkxNDgyLCJqdGkiOiIzZGIzODQ0YWNhNjU0NmVmYWEyMWJmMjY2Mjg0ODZmNiIsInVzZXJfaWQiOiIxIiwibXVzdF9jaGFuZ2VfcGFzc3dvcmQiOmZhbHNlfQ.o-X3Ifrgoiyu6ULr7K5qH5auUzYD4JnYDDSlNHeMOyk', '2025-10-03 11:38:02.668634', '2025-10-04 11:38:02', 1, '3db3844aca6546efaa21bf26628486f6');
INSERT INTO `token_blacklist_outstandingtoken` (`id`, `token`, `created_at`, `expires_at`, `user_id`, `jti`) VALUES (250, 'eyJhbGciOiJIUzI1NiIsInR5cCI6IkpXVCJ9.eyJ0b2tlbl90eXBlIjoicmVmcmVzaCIsImV4cCI6MTc1OTU3Nzg4MiwiaWF0IjoxNzU5NDkxNDgyLCJqdGkiOiI5OTA3OGMzYjE0MDY0ZGFlYThkZWNkMzM0MjFlODlmYyIsInVzZXJfaWQiOiIxIiwibXVzdF9jaGFuZ2VfcGFzc3dvcmQiOmZhbHNlfQ.jddSwZzJUfFx45DvN603ufuEyddpa9bxK_gKLso5GKI', '2025-10-03 11:38:02.678695', '2025-10-04 11:38:02', 1, '99078c3b14064daea8decd33421e89fc');
INSERT INTO `token_blacklist_outstandingtoken` (`id`, `token`, `created_at`, `expires_at`, `user_id`, `jti`) VALUES (251, 'eyJhbGciOiJIUzI1NiIsInR5cCI6IkpXVCJ9.eyJ0b2tlbl90eXBlIjoicmVmcmVzaCIsImV4cCI6MTc1OTU3NzkzNywiaWF0IjoxNzU5NDkxNTM3LCJqdGkiOiI5ODFhYWFiNDhjZmM0NDY5Yjc4YjM1OWI3YjI5OGRkYyIsInVzZXJfaWQiOiIyMiIsIm11c3RfY2hhbmdlX3Bhc3N3b3JkIjpmYWxzZX0.SemYnGwJaMY_SqBwgKbC0znCJCx_L_1CgI7ROM5b87g', '2025-10-03 11:38:57.277644', '2025-10-04 11:38:57', 22, '981aaab48cfc4469b78b359b7b298ddc');
INSERT INTO `token_blacklist_outstandingtoken` (`id`, `token`, `created_at`, `expires_at`, `user_id`, `jti`) VALUES (252, 'eyJhbGciOiJIUzI1NiIsInR5cCI6IkpXVCJ9.eyJ0b2tlbl90eXBlIjoicmVmcmVzaCIsImV4cCI6MTc1OTU3NzkzNywiaWF0IjoxNzU5NDkxNTM3LCJqdGkiOiJjMDk1ZDkxZmM2NjI0NGFiYmI3ZGQwYjExZDA4M2I1MSIsInVzZXJfaWQiOiIyMiIsIm11c3RfY2hhbmdlX3Bhc3N3b3JkIjpmYWxzZX0.KP0zPK96KSmX1gmmWkmeiH2LVggO_ynqofzHKI6A7jA', '2025-10-03 11:38:57.274860', '2025-10-04 11:38:57', 22, 'c095d91fc66244abbb7dd0b11d083b51');
INSERT INTO `token_blacklist_outstandingtoken` (`id`, `token`, `created_at`, `expires_at`, `user_id`, `jti`) VALUES (253, 'eyJhbGciOiJIUzI1NiIsInR5cCI6IkpXVCJ9.eyJ0b2tlbl90eXBlIjoicmVmcmVzaCIsImV4cCI6MTc1OTU3ODA1NywiaWF0IjoxNzU5NDkxNjU3LCJqdGkiOiJkYzkxMzgzZDhmMmI0ZWE2OWEwOWFlNDg0NGFhOTdjZiIsInVzZXJfaWQiOiIyMCIsIm11c3RfY2hhbmdlX3Bhc3N3b3JkIjpmYWxzZX0.WYStCwZT-SRFNFyXbGSWXNBhu03GjCnSpiyIAqUJ36A', '2025-10-03 11:40:57.489216', '2025-10-04 11:40:57', 20, 'dc91383d8f2b4ea69a09ae4844aa97cf');
INSERT INTO `token_blacklist_outstandingtoken` (`id`, `token`, `created_at`, `expires_at`, `user_id`, `jti`) VALUES (254, 'eyJhbGciOiJIUzI1NiIsInR5cCI6IkpXVCJ9.eyJ0b2tlbl90eXBlIjoicmVmcmVzaCIsImV4cCI6MTc1OTU3ODA1NywiaWF0IjoxNzU5NDkxNjU3LCJqdGkiOiI5MDg3OGU1YTRiNDU0YTdlYjBhM2Y0YTRmOTNlNGU4ZSIsInVzZXJfaWQiOiIyMCIsIm11c3RfY2hhbmdlX3Bhc3N3b3JkIjpmYWxzZX0._CnwYnWNDbBxeFMerpBXFj7d4Uo-Z1Uq6Y1lv1mkvZI', '2025-10-03 11:40:57.486363', '2025-10-04 11:40:57', 20, '90878e5a4b454a7eb0a3f4a4f93e4e8e');
INSERT INTO `token_blacklist_outstandingtoken` (`id`, `token`, `created_at`, `expires_at`, `user_id`, `jti`) VALUES (255, 'eyJhbGciOiJIUzI1NiIsInR5cCI6IkpXVCJ9.eyJ0b2tlbl90eXBlIjoicmVmcmVzaCIsImV4cCI6MTc1OTU4MDg4MCwiaWF0IjoxNzU5NDk0NDgwLCJqdGkiOiIyZDdkNzY2NWM0M2Q0ZGUxOTc0NDVmYjEwNzA0YzRhMiIsInVzZXJfaWQiOiIyMSIsIm11c3RfY2hhbmdlX3Bhc3N3b3JkIjpmYWxzZX0.HV4SKcw6xAjjFf2NQsgIl8oDMjz8QeTQBnz-_jhXJRA', '2025-10-03 12:28:00.933798', '2025-10-04 12:28:00', 21, '2d7d7665c43d4de197445fb10704c4a2');
INSERT INTO `token_blacklist_outstandingtoken` (`id`, `token`, `created_at`, `expires_at`, `user_id`, `jti`) VALUES (256, 'eyJhbGciOiJIUzI1NiIsInR5cCI6IkpXVCJ9.eyJ0b2tlbl90eXBlIjoicmVmcmVzaCIsImV4cCI6MTc1OTU4MTMxMiwiaWF0IjoxNzU5NDk0OTEyLCJqdGkiOiJhZmIzMGY0YTc1NGY0YWE3ODkwMjJlNWRmNGJkMWRlNSIsInVzZXJfaWQiOiIyMCJ9.wO4y-wodyriNdzf6SnPjB9nJg9BWPwsoJLRuuXhxu10', '2025-10-03 12:35:12.235616', '2025-10-04 12:35:12', 20, 'afb30f4a754f4aa789022e5df4bd1de5');
INSERT INTO `token_blacklist_outstandingtoken` (`id`, `token`, `created_at`, `expires_at`, `user_id`, `jti`) VALUES (257, 'eyJhbGciOiJIUzI1NiIsInR5cCI6IkpXVCJ9.eyJ0b2tlbl90eXBlIjoicmVmcmVzaCIsImV4cCI6MTc1OTU4MTQwOCwiaWF0IjoxNzU5NDk1MDA4LCJqdGkiOiJmZjVjNTE2YjM1YzQ0OWVmYWQwNzY5OWRlNDBhYjY3NiIsInVzZXJfaWQiOiIyMSJ9.E0jrTCltUsgxCxoO3m2vvQOboDgo8IZperNQgYwT90k', '2025-10-03 12:36:48.361577', '2025-10-04 12:36:48', 21, 'ff5c516b35c449efad07699de40ab676');
INSERT INTO `token_blacklist_outstandingtoken` (`id`, `token`, `created_at`, `expires_at`, `user_id`, `jti`) VALUES (258, 'eyJhbGciOiJIUzI1NiIsInR5cCI6IkpXVCJ9.eyJ0b2tlbl90eXBlIjoicmVmcmVzaCIsImV4cCI6MTc1OTU4MTQ4MywiaWF0IjoxNzU5NDk1MDgzLCJqdGkiOiI2MWJiZjgzY2NhOWI0ZThkYTAwYjE2ZGRjNGU2MTY1MiIsInVzZXJfaWQiOiIxIiwibXVzdF9jaGFuZ2VfcGFzc3dvcmQiOmZhbHNlfQ.cHM2EQ9k-1OkK7kwjR28-aEreGaMcD3YzPiRXigLcpM', '2025-10-03 12:38:03.186438', '2025-10-04 12:38:03', 1, '61bbf83cca9b4e8da00b16ddc4e61652');
INSERT INTO `token_blacklist_outstandingtoken` (`id`, `token`, `created_at`, `expires_at`, `user_id`, `jti`) VALUES (259, 'eyJhbGciOiJIUzI1NiIsInR5cCI6IkpXVCJ9.eyJ0b2tlbl90eXBlIjoicmVmcmVzaCIsImV4cCI6MTc1OTU4MTQ4MywiaWF0IjoxNzU5NDk1MDgzLCJqdGkiOiJlY2FjZThmOWRhZjI0NTRhYTM4YWM0NzVlZWQzYzFhNCIsInVzZXJfaWQiOiIxIiwibXVzdF9jaGFuZ2VfcGFzc3dvcmQiOmZhbHNlfQ.4Le3d_8AEr3Btut6wzNo-4-JNgL0igyOQk4dNqTISWk', '2025-10-03 12:38:03.168323', '2025-10-04 12:38:03', 1, 'ecace8f9daf2454aa38ac475eed3c1a4');
INSERT INTO `token_blacklist_outstandingtoken` (`id`, `token`, `created_at`, `expires_at`, `user_id`, `jti`) VALUES (260, 'eyJhbGciOiJIUzI1NiIsInR5cCI6IkpXVCJ9.eyJ0b2tlbl90eXBlIjoicmVmcmVzaCIsImV4cCI6MTc1OTU4MTUzNywiaWF0IjoxNzU5NDk1MTM3LCJqdGkiOiIwZDJkOWI3NWEyYTY0ZmZlYmIyMjM4ZmVlMTI1ZmYxZCIsInVzZXJfaWQiOiIyMiIsIm11c3RfY2hhbmdlX3Bhc3N3b3JkIjpmYWxzZX0.PrAG__04us1GhCK1RHn02SWse45a6cr0f1BthxYuGt0', '2025-10-03 12:38:57.153959', '2025-10-04 12:38:57', 22, '0d2d9b75a2a64ffebb2238fee125ff1d');
INSERT INTO `token_blacklist_outstandingtoken` (`id`, `token`, `created_at`, `expires_at`, `user_id`, `jti`) VALUES (261, 'eyJhbGciOiJIUzI1NiIsInR5cCI6IkpXVCJ9.eyJ0b2tlbl90eXBlIjoicmVmcmVzaCIsImV4cCI6MTc1OTU4MTUzNywiaWF0IjoxNzU5NDk1MTM3LCJqdGkiOiI2NjdhMmJmMGQ5ZTk0YWQ1YmU3OTgxYjUxNTBmZDZiMSIsInVzZXJfaWQiOiIyMiIsIm11c3RfY2hhbmdlX3Bhc3N3b3JkIjpmYWxzZX0.roDYO9Vc44dDl1u73fmUG57UDQ0Vw35R9YQI-xxUf7o', '2025-10-03 12:38:57.158587', '2025-10-04 12:38:57', 22, '667a2bf0d9e94ad5be7981b5150fd6b1');
INSERT INTO `token_blacklist_outstandingtoken` (`id`, `token`, `created_at`, `expires_at`, `user_id`, `jti`) VALUES (262, 'eyJhbGciOiJIUzI1NiIsInR5cCI6IkpXVCJ9.eyJ0b2tlbl90eXBlIjoicmVmcmVzaCIsImV4cCI6MTc1OTU4MTcxNywiaWF0IjoxNzU5NDk1MzE3LCJqdGkiOiJjNjA1NmJkOGU4YTM0ODE1OWEwOGFkMzc2YzVkNDk3YyIsInVzZXJfaWQiOiIyMCIsIm11c3RfY2hhbmdlX3Bhc3N3b3JkIjpmYWxzZX0.-cKBO92egM2gwFUR9y8SQK5zl_W-okIN-2_7KD7YgJ0', '2025-10-03 12:41:57.177207', '2025-10-04 12:41:57', 20, 'c6056bd8e8a348159a08ad376c5d497c');
INSERT INTO `token_blacklist_outstandingtoken` (`id`, `token`, `created_at`, `expires_at`, `user_id`, `jti`) VALUES (263, 'eyJhbGciOiJIUzI1NiIsInR5cCI6IkpXVCJ9.eyJ0b2tlbl90eXBlIjoicmVmcmVzaCIsImV4cCI6MTc1OTU4MTcxNywiaWF0IjoxNzU5NDk1MzE3LCJqdGkiOiI1ZDkyNGQ4NjBjZTg0ZTVjYTViZjRiMjg2NWI3MWIzOCIsInVzZXJfaWQiOiIyMCIsIm11c3RfY2hhbmdlX3Bhc3N3b3JkIjpmYWxzZX0.QJiI0IDTmTajX7uZrr4-FPguiyqTRdrlFvR1p6z4CeU', '2025-10-03 12:41:57.183027', '2025-10-04 12:41:57', 20, '5d924d860ce84e5ca5bf4b2865b71b38');
INSERT INTO `token_blacklist_outstandingtoken` (`id`, `token`, `created_at`, `expires_at`, `user_id`, `jti`) VALUES (264, 'eyJhbGciOiJIUzI1NiIsInR5cCI6IkpXVCJ9.eyJ0b2tlbl90eXBlIjoicmVmcmVzaCIsImV4cCI6MTc1OTU4NDMzMiwiaWF0IjoxNzU5NDk3OTMyLCJqdGkiOiI1NTMyMTk3NjBhYTU0ZWM0YTEwN2RjZDRjNzYzYjZhMyIsInVzZXJfaWQiOiIyMiJ9.CjXkIEK6h1kyoxGcSE7ghozryXJAsjobeUgpr4S32-k', '2025-10-03 13:25:32.543175', '2025-10-04 13:25:32', 22, '553219760aa54ec4a107dcd4c763b6a3');
INSERT INTO `token_blacklist_outstandingtoken` (`id`, `token`, `created_at`, `expires_at`, `user_id`, `jti`) VALUES (265, 'eyJhbGciOiJIUzI1NiIsInR5cCI6IkpXVCJ9.eyJ0b2tlbl90eXBlIjoicmVmcmVzaCIsImV4cCI6MTc1OTU4NTAxMywiaWF0IjoxNzU5NDk4NjEzLCJqdGkiOiIxYjZkNWQxNTEzNjg0MGI4YWI1N2E0MjM1N2Y0MzQxYSIsInVzZXJfaWQiOiIyMSIsIm11c3RfY2hhbmdlX3Bhc3N3b3JkIjpmYWxzZX0.C1ZBn8P8h9NS-UXPCbh7eBcAF436H0Y1Ztop2w-MzSk', '2025-10-03 13:36:53.302852', '2025-10-04 13:36:53', 21, '1b6d5d15136840b8ab57a42357f4341a');
INSERT INTO `token_blacklist_outstandingtoken` (`id`, `token`, `created_at`, `expires_at`, `user_id`, `jti`) VALUES (266, 'eyJhbGciOiJIUzI1NiIsInR5cCI6IkpXVCJ9.eyJ0b2tlbl90eXBlIjoicmVmcmVzaCIsImV4cCI6MTc1OTU4NTA5MSwiaWF0IjoxNzU5NDk4NjkxLCJqdGkiOiI0ODI5MzI4NTZmMWY0MjY5YTVlNWJhYmY0MGQwNjNmNiIsInVzZXJfaWQiOiIxIiwibXVzdF9jaGFuZ2VfcGFzc3dvcmQiOmZhbHNlfQ._E9Arn5_QMpo8dyt2xS2yXGU4eqsuQhu2Z7LdbLQWq0', '2025-10-03 13:38:11.736806', '2025-10-04 13:38:11', 1, '482932856f1f4269a5e5babf40d063f6');
INSERT INTO `token_blacklist_outstandingtoken` (`id`, `token`, `created_at`, `expires_at`, `user_id`, `jti`) VALUES (267, 'eyJhbGciOiJIUzI1NiIsInR5cCI6IkpXVCJ9.eyJ0b2tlbl90eXBlIjoicmVmcmVzaCIsImV4cCI6MTc1OTU4NTA5MSwiaWF0IjoxNzU5NDk4NjkxLCJqdGkiOiIwMThkZTM4ZWVkYTA0ZGFkOTU4NWE3ZTU1MTIwMGE4ZCIsInVzZXJfaWQiOiIxIiwibXVzdF9jaGFuZ2VfcGFzc3dvcmQiOmZhbHNlfQ.ItMMa-bTbaE1tSus-Uf1o82VRe5NgW1FgdxJhn2f7rQ', '2025-10-03 13:38:11.912071', '2025-10-04 13:38:11', 1, '018de38eeda04dad9585a7e551200a8d');
INSERT INTO `token_blacklist_outstandingtoken` (`id`, `token`, `created_at`, `expires_at`, `user_id`, `jti`) VALUES (268, 'eyJhbGciOiJIUzI1NiIsInR5cCI6IkpXVCJ9.eyJ0b2tlbl90eXBlIjoicmVmcmVzaCIsImV4cCI6MTc1OTU4NTMyNiwiaWF0IjoxNzU5NDk4OTI2LCJqdGkiOiI3MjVkZWRkNTgyMzA0NmEzOGExOWEzZWUyOTE5YjExZSIsInVzZXJfaWQiOiIyMCIsIm11c3RfY2hhbmdlX3Bhc3N3b3JkIjpmYWxzZX0.tN_hwwvKWCNNRqASFOoYmdQSQYfEi9Sgyayj2AxdkMs', '2025-10-03 13:42:06.161866', '2025-10-04 13:42:06', 20, '725dedd5823046a38a19a3ee2919b11e');
INSERT INTO `token_blacklist_outstandingtoken` (`id`, `token`, `created_at`, `expires_at`, `user_id`, `jti`) VALUES (269, 'eyJhbGciOiJIUzI1NiIsInR5cCI6IkpXVCJ9.eyJ0b2tlbl90eXBlIjoicmVmcmVzaCIsImV4cCI6MTc1OTU4NTMyNiwiaWF0IjoxNzU5NDk4OTI2LCJqdGkiOiI0YTUyYzE0OWIyMzg0YzNhOWE0YWVjOTc2YTE5YjA5YyIsInVzZXJfaWQiOiIyMCIsIm11c3RfY2hhbmdlX3Bhc3N3b3JkIjpmYWxzZX0.HN_fABhFq4HHiQ3L8Covfl3_-QhWsv7uNsi386QoNY4', '2025-10-03 13:42:06.153874', '2025-10-04 13:42:06', 20, '4a52c149b2384c3a9a4aec976a19b09c');
INSERT INTO `token_blacklist_outstandingtoken` (`id`, `token`, `created_at`, `expires_at`, `user_id`, `jti`) VALUES (270, 'eyJhbGciOiJIUzI1NiIsInR5cCI6IkpXVCJ9.eyJ0b2tlbl90eXBlIjoicmVmcmVzaCIsImV4cCI6MTc1OTU4Nzk2NSwiaWF0IjoxNzU5NTAxNTY1LCJqdGkiOiIwMTYyN2YwMWVlZDA0M2Y3OTRiNGEwNWIxZmQxMzc4ZiIsInVzZXJfaWQiOiIyMiIsIm11c3RfY2hhbmdlX3Bhc3N3b3JkIjpmYWxzZX0.uoo6vUyqZ5pNFKKj0NZVB8YPwg3iKdrBPRYd05IAWos', '2025-10-03 14:26:05.748973', '2025-10-04 14:26:05', 22, '01627f01eed043f794b4a05b1fd1378f');
INSERT INTO `token_blacklist_outstandingtoken` (`id`, `token`, `created_at`, `expires_at`, `user_id`, `jti`) VALUES (271, 'eyJhbGciOiJIUzI1NiIsInR5cCI6IkpXVCJ9.eyJ0b2tlbl90eXBlIjoicmVmcmVzaCIsImV4cCI6MTc1OTU4ODYzOCwiaWF0IjoxNzU5NTAyMjM4LCJqdGkiOiJkNGRkNTdiZGI0ZGY0YWI0OTIzNmE5Y2FiMjFlMDlhOSIsInVzZXJfaWQiOiIyMSIsIm11c3RfY2hhbmdlX3Bhc3N3b3JkIjpmYWxzZX0.n1ljPjOlLiaVfKnK7eZnSIXcFFNQ2gjU67bcjCHU960', '2025-10-03 14:37:18.224134', '2025-10-04 14:37:18', 21, 'd4dd57bdb4df4ab49236a9cab21e09a9');
INSERT INTO `token_blacklist_outstandingtoken` (`id`, `token`, `created_at`, `expires_at`, `user_id`, `jti`) VALUES (272, 'eyJhbGciOiJIUzI1NiIsInR5cCI6IkpXVCJ9.eyJ0b2tlbl90eXBlIjoicmVmcmVzaCIsImV4cCI6MTc1OTU4ODcyMiwiaWF0IjoxNzU5NTAyMzIyLCJqdGkiOiIwZTNkNjUzNTcyMGM0ZDNjYjIyY2ZjNDczODg1MTQ1MyIsInVzZXJfaWQiOiIxIiwibXVzdF9jaGFuZ2VfcGFzc3dvcmQiOmZhbHNlfQ.yua2Z5ADu5NxfhkO8k4ywXx95k4T6b0iq93zf_LYsic', '2025-10-03 14:38:42.819044', '2025-10-04 14:38:42', 1, '0e3d6535720c4d3cb22cfc4738851453');
INSERT INTO `token_blacklist_outstandingtoken` (`id`, `token`, `created_at`, `expires_at`, `user_id`, `jti`) VALUES (273, 'eyJhbGciOiJIUzI1NiIsInR5cCI6IkpXVCJ9.eyJ0b2tlbl90eXBlIjoicmVmcmVzaCIsImV4cCI6MTc1OTU4ODczOSwiaWF0IjoxNzU5NTAyMzM5LCJqdGkiOiIzYjYxYWEwMGZmZDk0MGNhOGY1NDhiOGE1ZWEwMjIwYyIsInVzZXJfaWQiOiIxIiwibXVzdF9jaGFuZ2VfcGFzc3dvcmQiOmZhbHNlfQ.JzJ4mBqntaq1ULn4Cyogphf6nNdY_Fqid-KAFIJIHHs', '2025-10-03 14:38:59.464962', '2025-10-04 14:38:59', 1, '3b61aa00ffd940ca8f548b8a5ea0220c');
INSERT INTO `token_blacklist_outstandingtoken` (`id`, `token`, `created_at`, `expires_at`, `user_id`, `jti`) VALUES (274, 'eyJhbGciOiJIUzI1NiIsInR5cCI6IkpXVCJ9.eyJ0b2tlbl90eXBlIjoicmVmcmVzaCIsImV4cCI6MTc1OTU4ODk0OSwiaWF0IjoxNzU5NTAyNTQ5LCJqdGkiOiI4MGJkODEzOGY3YzA0OTA5YWE5MDQxNWU2ZmRkMzYzMSIsInVzZXJfaWQiOiIxIn0.v81vzPhZ2ovyj9-fkiN05PfP5Ly8kCH5B3_aN2Vaeis', '2025-10-03 14:42:29.171815', '2025-10-04 14:42:29', 1, '80bd8138f7c04909aa90415e6fdd3631');
INSERT INTO `token_blacklist_outstandingtoken` (`id`, `token`, `created_at`, `expires_at`, `user_id`, `jti`) VALUES (275, 'eyJhbGciOiJIUzI1NiIsInR5cCI6IkpXVCJ9.eyJ0b2tlbl90eXBlIjoicmVmcmVzaCIsImV4cCI6MTc1OTU4OTAxMSwiaWF0IjoxNzU5NTAyNjExLCJqdGkiOiIzMzU0NjMyMTg1ZGQ0MjcyYTU4MDA1NTc3ZTdlNzllYiIsInVzZXJfaWQiOiIyMSJ9.rfyRf7Vi54_eg_dQYPPEMR0AnSW5pOryQ0_KxdrAZok', '2025-10-03 14:43:31.221861', '2025-10-04 14:43:31', 21, '3354632185dd4272a58005577e7e79eb');
INSERT INTO `token_blacklist_outstandingtoken` (`id`, `token`, `created_at`, `expires_at`, `user_id`, `jti`) VALUES (276, 'eyJhbGciOiJIUzI1NiIsInR5cCI6IkpXVCJ9.eyJ0b2tlbl90eXBlIjoicmVmcmVzaCIsImV4cCI6MTc1OTU4OTM4NSwiaWF0IjoxNzU5NTAyOTg1LCJqdGkiOiJhNDgzOWFlNDYxNjU0YzliOTc0N2NhZWM5NjY0MDFiNSIsInVzZXJfaWQiOiIyMCIsIm11c3RfY2hhbmdlX3Bhc3N3b3JkIjpmYWxzZX0._ibnP4oinXkiVS1xftEUSencnRF1jcQ1hPfL3jXgEOg', '2025-10-03 14:49:45.349505', '2025-10-04 14:49:45', 20, 'a4839ae461654c9b9747caec966401b5');
INSERT INTO `token_blacklist_outstandingtoken` (`id`, `token`, `created_at`, `expires_at`, `user_id`, `jti`) VALUES (277, 'eyJhbGciOiJIUzI1NiIsInR5cCI6IkpXVCJ9.eyJ0b2tlbl90eXBlIjoicmVmcmVzaCIsImV4cCI6MTc1OTU5MjU4MSwiaWF0IjoxNzU5NTA2MTgxLCJqdGkiOiJmYzJiNzJlOWQ5YmU0MjFlYmQxYzYxNGIyZmEwZTQzNyIsInVzZXJfaWQiOiIxIiwibXVzdF9jaGFuZ2VfcGFzc3dvcmQiOmZhbHNlfQ.eb4oMpQLy6Ea1YrYUJqtk13a4x1D1oHmfCxXsJr8j0Y', '2025-10-03 15:43:01.455010', '2025-10-04 15:43:01', 1, 'fc2b72e9d9be421ebd1c614b2fa0e437');
INSERT INTO `token_blacklist_outstandingtoken` (`id`, `token`, `created_at`, `expires_at`, `user_id`, `jti`) VALUES (278, 'eyJhbGciOiJIUzI1NiIsInR5cCI6IkpXVCJ9.eyJ0b2tlbl90eXBlIjoicmVmcmVzaCIsImV4cCI6MTc1OTU5MjU4MSwiaWF0IjoxNzU5NTA2MTgxLCJqdGkiOiJjY2FlMGEzYWYwOWI0OGM5YjRjNDNlZTI0OTVkYmNiMiIsInVzZXJfaWQiOiIxIiwibXVzdF9jaGFuZ2VfcGFzc3dvcmQiOmZhbHNlfQ.I61LY1U7DTn2AlMiQ3Gbt8dWz4dAvZlVyqFKMUvc4hA', '2025-10-03 15:43:01.441002', '2025-10-04 15:43:01', 1, 'ccae0a3af09b48c9b4c43ee2495dbcb2');
INSERT INTO `token_blacklist_outstandingtoken` (`id`, `token`, `created_at`, `expires_at`, `user_id`, `jti`) VALUES (279, 'eyJhbGciOiJIUzI1NiIsInR5cCI6IkpXVCJ9.eyJ0b2tlbl90eXBlIjoicmVmcmVzaCIsImV4cCI6MTc1OTU5MjY0MSwiaWF0IjoxNzU5NTA2MjQxLCJqdGkiOiI2MTQ0NWYzMmY0ZTg0MzQxYmZhMWNkOGFiZmFkYWY4ZSIsInVzZXJfaWQiOiIyMSIsIm11c3RfY2hhbmdlX3Bhc3N3b3JkIjpmYWxzZX0.BVl5U3VH3shVoX3tgKuhQbyJgv1xQcC62cejmqYuejk', '2025-10-03 15:44:01.427424', '2025-10-04 15:44:01', 21, '61445f32f4e84341bfa1cd8abfadaf8e');
INSERT INTO `token_blacklist_outstandingtoken` (`id`, `token`, `created_at`, `expires_at`, `user_id`, `jti`) VALUES (280, 'eyJhbGciOiJIUzI1NiIsInR5cCI6IkpXVCJ9.eyJ0b2tlbl90eXBlIjoicmVmcmVzaCIsImV4cCI6MTc1OTU5MjY0MSwiaWF0IjoxNzU5NTA2MjQxLCJqdGkiOiJlOGMwMDc5ZWVmNzQ0YWVmOTcwODI3ZDg3ZTYxODQwOSIsInVzZXJfaWQiOiIyMSIsIm11c3RfY2hhbmdlX3Bhc3N3b3JkIjpmYWxzZX0.QlXjtDYsINr8Y9VaptEno6rllTnNky6iHYIzJ6gtAmY', '2025-10-03 15:44:01.440319', '2025-10-04 15:44:01', 21, 'e8c0079eef744aef970827d87e618409');
INSERT INTO `token_blacklist_outstandingtoken` (`id`, `token`, `created_at`, `expires_at`, `user_id`, `jti`) VALUES (281, 'eyJhbGciOiJIUzI1NiIsInR5cCI6IkpXVCJ9.eyJ0b2tlbl90eXBlIjoicmVmcmVzaCIsImV4cCI6MTc1OTU5MzAwMSwiaWF0IjoxNzU5NTA2NjAxLCJqdGkiOiJiZTk1M2EyNjE1ZjY0YWI3ODk5YTg1ZjI0MzE5ZmU2NSIsInVzZXJfaWQiOiIyMCIsIm11c3RfY2hhbmdlX3Bhc3N3b3JkIjpmYWxzZX0.tYDfs5eno__vNo2XZe0MSwzyGtUhY2y4Rk27O-Bh3Do', '2025-10-03 15:50:01.411857', '2025-10-04 15:50:01', 20, 'be953a2615f64ab7899a85f24319fe65');
INSERT INTO `token_blacklist_outstandingtoken` (`id`, `token`, `created_at`, `expires_at`, `user_id`, `jti`) VALUES (282, 'eyJhbGciOiJIUzI1NiIsInR5cCI6IkpXVCJ9.eyJ0b2tlbl90eXBlIjoicmVmcmVzaCIsImV4cCI6MTc1OTU5MzAwMSwiaWF0IjoxNzU5NTA2NjAxLCJqdGkiOiIxNDVlYzJkMDBiZGE0YzExOWYyZWYwNmQ3OWM1M2E1NCIsInVzZXJfaWQiOiIyMCIsIm11c3RfY2hhbmdlX3Bhc3N3b3JkIjpmYWxzZX0.7Xp6fvEdni71z5c3sgbQxaXNZFWu0RYKiCKJ0kRH9WY', '2025-10-03 15:50:01.408413', '2025-10-04 15:50:01', 20, '145ec2d00bda4c119f2ef06d79c53a54');
INSERT INTO `token_blacklist_outstandingtoken` (`id`, `token`, `created_at`, `expires_at`, `user_id`, `jti`) VALUES (283, 'eyJhbGciOiJIUzI1NiIsInR5cCI6IkpXVCJ9.eyJ0b2tlbl90eXBlIjoicmVmcmVzaCIsImV4cCI6MTc1OTU5NjIyMCwiaWF0IjoxNzU5NTA5ODIwLCJqdGkiOiI2NzI1M2Y5MzBkZjA0Mjk0ODJiYjZjOGJmOWExMjcwZCIsInVzZXJfaWQiOiIxIiwibXVzdF9jaGFuZ2VfcGFzc3dvcmQiOmZhbHNlfQ.ljIuq8NpVXdyI0X3YtDgowcM7V5K2Jybrb3eW_gejUs', '2025-10-03 16:43:40.389356', '2025-10-04 16:43:40', 1, '67253f930df0429482bb6c8bf9a1270d');
INSERT INTO `token_blacklist_outstandingtoken` (`id`, `token`, `created_at`, `expires_at`, `user_id`, `jti`) VALUES (284, 'eyJhbGciOiJIUzI1NiIsInR5cCI6IkpXVCJ9.eyJ0b2tlbl90eXBlIjoicmVmcmVzaCIsImV4cCI6MTc1OTU5NjIyMCwiaWF0IjoxNzU5NTA5ODIwLCJqdGkiOiIyYTc2ZDI1YTI4Njk0NDdiYTk2Y2IzNmYzMTYwN2M0MCIsInVzZXJfaWQiOiIxIiwibXVzdF9jaGFuZ2VfcGFzc3dvcmQiOmZhbHNlfQ.QuNx8Hg83RSIfCIHdHLA5ooCh0bVf5S_4rodpGNtXU4', '2025-10-03 16:43:40.396844', '2025-10-04 16:43:40', 1, '2a76d25a2869447ba96cb36f31607c40');
INSERT INTO `token_blacklist_outstandingtoken` (`id`, `token`, `created_at`, `expires_at`, `user_id`, `jti`) VALUES (285, 'eyJhbGciOiJIUzI1NiIsInR5cCI6IkpXVCJ9.eyJ0b2tlbl90eXBlIjoicmVmcmVzaCIsImV4cCI6MTc1OTU5NjI0MSwiaWF0IjoxNzU5NTA5ODQxLCJqdGkiOiI4NWQxMmFlY2JiZDI0MmU5YWEyZGU5ZjIxOGRjYjAwNSIsInVzZXJfaWQiOiIyMSIsIm11c3RfY2hhbmdlX3Bhc3N3b3JkIjpmYWxzZX0.eG71LFBfsQUn7jKRM7tITAs75wcjjp1ArgcccWDzuUM', '2025-10-03 16:44:01.384288', '2025-10-04 16:44:01', 21, '85d12aecbbd242e9aa2de9f218dcb005');
INSERT INTO `token_blacklist_outstandingtoken` (`id`, `token`, `created_at`, `expires_at`, `user_id`, `jti`) VALUES (286, 'eyJhbGciOiJIUzI1NiIsInR5cCI6IkpXVCJ9.eyJ0b2tlbl90eXBlIjoicmVmcmVzaCIsImV4cCI6MTc1OTU5NjYwMSwiaWF0IjoxNzU5NTEwMjAxLCJqdGkiOiJkNzNhMGE0NDIyYzA0NWM3OWY5MjBjODgxNjBmZWIyYSIsInVzZXJfaWQiOiIyMCIsIm11c3RfY2hhbmdlX3Bhc3N3b3JkIjpmYWxzZX0.fi9w3oaoDKOhdGDk5Y918qSGYDBqisJO2ITaosrhrEg', '2025-10-03 16:50:01.462355', '2025-10-04 16:50:01', 20, 'd73a0a4422c045c79f920c88160feb2a');
INSERT INTO `token_blacklist_outstandingtoken` (`id`, `token`, `created_at`, `expires_at`, `user_id`, `jti`) VALUES (287, 'eyJhbGciOiJIUzI1NiIsInR5cCI6IkpXVCJ9.eyJ0b2tlbl90eXBlIjoicmVmcmVzaCIsImV4cCI6MTc1OTU5NjYwMSwiaWF0IjoxNzU5NTEwMjAxLCJqdGkiOiIyOTY5NmM0MDY4ZmU0M2I3YjFmZjZlMjUxNGU1MjRhOSIsInVzZXJfaWQiOiIyMCIsIm11c3RfY2hhbmdlX3Bhc3N3b3JkIjpmYWxzZX0.J_scVcWwtVt5l00BeipLL782Lgpfv2IlGJHHuUWZXjU', '2025-10-03 16:50:01.476258', '2025-10-04 16:50:01', 20, '29696c4068fe43b7b1ff6e2514e524a9');
INSERT INTO `token_blacklist_outstandingtoken` (`id`, `token`, `created_at`, `expires_at`, `user_id`, `jti`) VALUES (288, 'eyJhbGciOiJIUzI1NiIsInR5cCI6IkpXVCJ9.eyJ0b2tlbl90eXBlIjoicmVmcmVzaCIsImV4cCI6MTc1OTU5OTg0MSwiaWF0IjoxNzU5NTEzNDQxLCJqdGkiOiIzMmE3YjNiYTE2MDU0MDNjYTU5ODM1YTVkZTRiYTBhMiIsInVzZXJfaWQiOiIxIiwibXVzdF9jaGFuZ2VfcGFzc3dvcmQiOmZhbHNlfQ.xlqi8uIx1a1m35YzzwOlOmkWW65M4cN86SVSj6L8ZiE', '2025-10-03 17:44:01.469394', '2025-10-04 17:44:01', 1, '32a7b3ba1605403ca59835a5de4ba0a2');
INSERT INTO `token_blacklist_outstandingtoken` (`id`, `token`, `created_at`, `expires_at`, `user_id`, `jti`) VALUES (289, 'eyJhbGciOiJIUzI1NiIsInR5cCI6IkpXVCJ9.eyJ0b2tlbl90eXBlIjoicmVmcmVzaCIsImV4cCI6MTc1OTU5OTg0MSwiaWF0IjoxNzU5NTEzNDQxLCJqdGkiOiIxODNlYjRmZDcxZmY0M2VjOTRhOTUzMTFjZTg3YjIxZiIsInVzZXJfaWQiOiIxIiwibXVzdF9jaGFuZ2VfcGFzc3dvcmQiOmZhbHNlfQ.odLajLtwcHuOh-57gvxF-YmPpF3Tns6seocNCZN-QJA', '2025-10-03 17:44:01.466512', '2025-10-04 17:44:01', 1, '183eb4fd71ff43ec94a95311ce87b21f');
INSERT INTO `token_blacklist_outstandingtoken` (`id`, `token`, `created_at`, `expires_at`, `user_id`, `jti`) VALUES (290, 'eyJhbGciOiJIUzI1NiIsInR5cCI6IkpXVCJ9.eyJ0b2tlbl90eXBlIjoicmVmcmVzaCIsImV4cCI6MTc1OTU5OTg1MywiaWF0IjoxNzU5NTEzNDUzLCJqdGkiOiJiMjcwY2Y2YjA4ZTQ0MjUwYjljZDRlNTU5MjQxNjJkMSIsInVzZXJfaWQiOiIyMSIsIm11c3RfY2hhbmdlX3Bhc3N3b3JkIjpmYWxzZX0.kJ5wIcCOEHdwQ1IJqCjQZIrTsvoKrdrn7VB1OUqvgvU', '2025-10-03 17:44:13.657796', '2025-10-04 17:44:13', 21, 'b270cf6b08e44250b9cd4e55924162d1');
INSERT INTO `token_blacklist_outstandingtoken` (`id`, `token`, `created_at`, `expires_at`, `user_id`, `jti`) VALUES (291, 'eyJhbGciOiJIUzI1NiIsInR5cCI6IkpXVCJ9.eyJ0b2tlbl90eXBlIjoicmVmcmVzaCIsImV4cCI6MTc1OTU5OTg1MywiaWF0IjoxNzU5NTEzNDUzLCJqdGkiOiIxMjc2MjU1OTU2ODg0ODZjYjllNzg0N2E4MTQwNmZhZiIsInVzZXJfaWQiOiIyMSIsIm11c3RfY2hhbmdlX3Bhc3N3b3JkIjpmYWxzZX0.UG5cFONETTEPn8t50bUWafE5AxGQvKtMgscrtQfGO7c', '2025-10-03 17:44:13.655809', '2025-10-04 17:44:13', 21, '127625595688486cb9e7847a81406faf');
INSERT INTO `token_blacklist_outstandingtoken` (`id`, `token`, `created_at`, `expires_at`, `user_id`, `jti`) VALUES (292, 'eyJhbGciOiJIUzI1NiIsInR5cCI6IkpXVCJ9.eyJ0b2tlbl90eXBlIjoicmVmcmVzaCIsImV4cCI6MTc1OTYwMDIwMSwiaWF0IjoxNzU5NTEzODAxLCJqdGkiOiJkYWE4MjQ3ZGQyNTE0ZjU1YmY1NTRmZDE2MjBkZmMwOCIsInVzZXJfaWQiOiIyMCIsIm11c3RfY2hhbmdlX3Bhc3N3b3JkIjpmYWxzZX0.TZbKqo6EygvwScjyUpmP-CAHO3h_UlgkzLvgKiZ63Jc', '2025-10-03 17:50:01.406405', '2025-10-04 17:50:01', 20, 'daa8247dd2514f55bf554fd1620dfc08');
INSERT INTO `token_blacklist_outstandingtoken` (`id`, `token`, `created_at`, `expires_at`, `user_id`, `jti`) VALUES (293, 'eyJhbGciOiJIUzI1NiIsInR5cCI6IkpXVCJ9.eyJ0b2tlbl90eXBlIjoicmVmcmVzaCIsImV4cCI6MTc1OTYwMDIwMSwiaWF0IjoxNzU5NTEzODAxLCJqdGkiOiJkZGVjZjdkMjM4OGI0M2FkOGYxNmY3M2RhM2ZmODBmYSIsInVzZXJfaWQiOiIyMCIsIm11c3RfY2hhbmdlX3Bhc3N3b3JkIjpmYWxzZX0.yhETr8TRzLN04c7yuomRB6V1lZXt9mNFtR23B1OltMY', '2025-10-03 17:50:01.398882', '2025-10-04 17:50:01', 20, 'ddecf7d2388b43ad8f16f73da3ff80fa');
INSERT INTO `token_blacklist_outstandingtoken` (`id`, `token`, `created_at`, `expires_at`, `user_id`, `jti`) VALUES (294, 'eyJhbGciOiJIUzI1NiIsInR5cCI6IkpXVCJ9.eyJ0b2tlbl90eXBlIjoicmVmcmVzaCIsImV4cCI6MTc1OTYwMzQ0MSwiaWF0IjoxNzU5NTE3MDQxLCJqdGkiOiJiNGFhZTFhYWZjNDA0ZTY5ODRhY2EyMTI2ZDE0NjE0ZSIsInVzZXJfaWQiOiIxIiwibXVzdF9jaGFuZ2VfcGFzc3dvcmQiOmZhbHNlfQ.PkD6J2GzPiZxR5O1VCo5ZXaVfqb_RQZjxVbPVcSsxAE', '2025-10-03 18:44:01.392616', '2025-10-04 18:44:01', 1, 'b4aae1aafc404e6984aca2126d14614e');
INSERT INTO `token_blacklist_outstandingtoken` (`id`, `token`, `created_at`, `expires_at`, `user_id`, `jti`) VALUES (295, 'eyJhbGciOiJIUzI1NiIsInR5cCI6IkpXVCJ9.eyJ0b2tlbl90eXBlIjoicmVmcmVzaCIsImV4cCI6MTc1OTYwMzQ0MSwiaWF0IjoxNzU5NTE3MDQxLCJqdGkiOiI4NmRhZTI2ZTI0YWM0M2JmOWFmYzRhNzg0ODgzMjBiNCIsInVzZXJfaWQiOiIxIiwibXVzdF9jaGFuZ2VfcGFzc3dvcmQiOmZhbHNlfQ.b1SvJrdNt_wU4qmPqZ02sd3VLjNekNDO5AFlJwqZUxk', '2025-10-03 18:44:01.406358', '2025-10-04 18:44:01', 1, '86dae26e24ac43bf9afc4a78488320b4');
INSERT INTO `token_blacklist_outstandingtoken` (`id`, `token`, `created_at`, `expires_at`, `user_id`, `jti`) VALUES (296, 'eyJhbGciOiJIUzI1NiIsInR5cCI6IkpXVCJ9.eyJ0b2tlbl90eXBlIjoicmVmcmVzaCIsImV4cCI6MTc1OTYwMzQ1MywiaWF0IjoxNzU5NTE3MDUzLCJqdGkiOiIzN2EzMTcyNGIwYmU0NWNjYTUzYjJjNzBlYTVhYzAyNCIsInVzZXJfaWQiOiIyMSIsIm11c3RfY2hhbmdlX3Bhc3N3b3JkIjpmYWxzZX0.xPj7KiE-H2sj0hZtufqo1bJVSNatbPULqRDQicnOJ34', '2025-10-03 18:44:13.647161', '2025-10-04 18:44:13', 21, '37a31724b0be45cca53b2c70ea5ac024');
INSERT INTO `token_blacklist_outstandingtoken` (`id`, `token`, `created_at`, `expires_at`, `user_id`, `jti`) VALUES (297, 'eyJhbGciOiJIUzI1NiIsInR5cCI6IkpXVCJ9.eyJ0b2tlbl90eXBlIjoicmVmcmVzaCIsImV4cCI6MTc1OTYwMzQ1MywiaWF0IjoxNzU5NTE3MDUzLCJqdGkiOiJmMDEyNTYxNzQ3NGQ0YzEwYWRkNDk5NzQxYjQzNTU4NSIsInVzZXJfaWQiOiIyMSIsIm11c3RfY2hhbmdlX3Bhc3N3b3JkIjpmYWxzZX0.gDmHCpU4WRxiljMzYpqE-U-WXD2il8f1e9Hk_pX38ZU', '2025-10-03 18:44:13.651509', '2025-10-04 18:44:13', 21, 'f0125617474d4c10add499741b435585');
INSERT INTO `token_blacklist_outstandingtoken` (`id`, `token`, `created_at`, `expires_at`, `user_id`, `jti`) VALUES (298, 'eyJhbGciOiJIUzI1NiIsInR5cCI6IkpXVCJ9.eyJ0b2tlbl90eXBlIjoicmVmcmVzaCIsImV4cCI6MTc1OTYwMzgwMSwiaWF0IjoxNzU5NTE3NDAxLCJqdGkiOiJmMDJmYThjMjg1M2E0YjFhYjQ2MTFkMjRjOGEyNTdiMyIsInVzZXJfaWQiOiIyMCIsIm11c3RfY2hhbmdlX3Bhc3N3b3JkIjpmYWxzZX0.I_jdozywbJutxBg0gmrfa4iBulX9sjBJ6KuW6Hc_ti8', '2025-10-03 18:50:01.427504', '2025-10-04 18:50:01', 20, 'f02fa8c2853a4b1ab4611d24c8a257b3');
INSERT INTO `token_blacklist_outstandingtoken` (`id`, `token`, `created_at`, `expires_at`, `user_id`, `jti`) VALUES (299, 'eyJhbGciOiJIUzI1NiIsInR5cCI6IkpXVCJ9.eyJ0b2tlbl90eXBlIjoicmVmcmVzaCIsImV4cCI6MTc1OTYwMzgwMSwiaWF0IjoxNzU5NTE3NDAxLCJqdGkiOiJkNmRjYjEzNmM2MjE0YWM1YWJhMWIzNjYxOWQyYTIzYyIsInVzZXJfaWQiOiIyMCIsIm11c3RfY2hhbmdlX3Bhc3N3b3JkIjpmYWxzZX0.2jhxNVJwgDui3GaWhu-XA004aUEHU7i33Xo93D7YclI', '2025-10-03 18:50:01.414615', '2025-10-04 18:50:01', 20, 'd6dcb136c6214ac5aba1b36619d2a23c');
INSERT INTO `token_blacklist_outstandingtoken` (`id`, `token`, `created_at`, `expires_at`, `user_id`, `jti`) VALUES (300, 'eyJhbGciOiJIUzI1NiIsInR5cCI6IkpXVCJ9.eyJ0b2tlbl90eXBlIjoicmVmcmVzaCIsImV4cCI6MTc1OTYwNzA0MSwiaWF0IjoxNzU5NTIwNjQxLCJqdGkiOiI4MGIzNDgyZDk2Nzg0Y2M1ODJjZDQyOGQyMjJiODJiZCIsInVzZXJfaWQiOiIxIiwibXVzdF9jaGFuZ2VfcGFzc3dvcmQiOmZhbHNlfQ.l0yL62BtbLHBhP7ieAGpXe8zSOR-wF14tA2u6xvkvas', '2025-10-03 19:44:01.395477', '2025-10-04 19:44:01', 1, '80b3482d96784cc582cd428d222b82bd');
INSERT INTO `token_blacklist_outstandingtoken` (`id`, `token`, `created_at`, `expires_at`, `user_id`, `jti`) VALUES (301, 'eyJhbGciOiJIUzI1NiIsInR5cCI6IkpXVCJ9.eyJ0b2tlbl90eXBlIjoicmVmcmVzaCIsImV4cCI6MTc1OTYwNzA0MSwiaWF0IjoxNzU5NTIwNjQxLCJqdGkiOiIyYWYxZWYxYThhOTI0NjM3OTQwNjM2OWJiMjYyYTBjYiIsInVzZXJfaWQiOiIxIiwibXVzdF9jaGFuZ2VfcGFzc3dvcmQiOmZhbHNlfQ.wNsYV9dbhrxOeTDVyJMqEfG0JDpjpF4JPCU9q8SEOro', '2025-10-03 19:44:01.400873', '2025-10-04 19:44:01', 1, '2af1ef1a8a9246379406369bb262a0cb');
INSERT INTO `token_blacklist_outstandingtoken` (`id`, `token`, `created_at`, `expires_at`, `user_id`, `jti`) VALUES (302, 'eyJhbGciOiJIUzI1NiIsInR5cCI6IkpXVCJ9.eyJ0b2tlbl90eXBlIjoicmVmcmVzaCIsImV4cCI6MTc1OTYwNzA1MywiaWF0IjoxNzU5NTIwNjUzLCJqdGkiOiI2ZDU2YTNjYTY3MjY0Y2ZmOGYwNzExYmVmNTgzNWZmMiIsInVzZXJfaWQiOiIyMSIsIm11c3RfY2hhbmdlX3Bhc3N3b3JkIjpmYWxzZX0.3CcKgetjWLROkRqd-BeGLF0GxyTei60mlLEsyDBszT8', '2025-10-03 19:44:13.658851', '2025-10-04 19:44:13', 21, '6d56a3ca67264cff8f0711bef5835ff2');
INSERT INTO `token_blacklist_outstandingtoken` (`id`, `token`, `created_at`, `expires_at`, `user_id`, `jti`) VALUES (303, 'eyJhbGciOiJIUzI1NiIsInR5cCI6IkpXVCJ9.eyJ0b2tlbl90eXBlIjoicmVmcmVzaCIsImV4cCI6MTc1OTYwNzA1MywiaWF0IjoxNzU5NTIwNjUzLCJqdGkiOiIzNjM1NWZiMDFlMTc0YjkwODkxMDczYjUxMDA3ODUwYyIsInVzZXJfaWQiOiIyMSIsIm11c3RfY2hhbmdlX3Bhc3N3b3JkIjpmYWxzZX0.uANQyfXM1o84j01mFPV2m6XsHSAsxiaVmyeCrNRiJ2s', '2025-10-03 19:44:13.653627', '2025-10-04 19:44:13', 21, '36355fb01e174b90891073b51007850c');
INSERT INTO `token_blacklist_outstandingtoken` (`id`, `token`, `created_at`, `expires_at`, `user_id`, `jti`) VALUES (304, 'eyJhbGciOiJIUzI1NiIsInR5cCI6IkpXVCJ9.eyJ0b2tlbl90eXBlIjoicmVmcmVzaCIsImV4cCI6MTc1OTYwNzQwMSwiaWF0IjoxNzU5NTIxMDAxLCJqdGkiOiI1ZDJhYWQzYmExYTY0YWRhYjk1YmFlYWIxOWFkMTRiOSIsInVzZXJfaWQiOiIyMCIsIm11c3RfY2hhbmdlX3Bhc3N3b3JkIjpmYWxzZX0.D74wtSjApRVKMLpcJHIjLKftTJD76qQ9aXqL10Zz6Ts', '2025-10-03 19:50:01.439450', '2025-10-04 19:50:01', 20, '5d2aad3ba1a64adab95baeab19ad14b9');
INSERT INTO `token_blacklist_outstandingtoken` (`id`, `token`, `created_at`, `expires_at`, `user_id`, `jti`) VALUES (305, 'eyJhbGciOiJIUzI1NiIsInR5cCI6IkpXVCJ9.eyJ0b2tlbl90eXBlIjoicmVmcmVzaCIsImV4cCI6MTc1OTYwNzQwMSwiaWF0IjoxNzU5NTIxMDAxLCJqdGkiOiIwM2I0MDNhMGQyN2U0ZWRkYTQ1OTg0OGI4ZGI5MTFmZiIsInVzZXJfaWQiOiIyMCIsIm11c3RfY2hhbmdlX3Bhc3N3b3JkIjpmYWxzZX0.YQ4QVacJHuBBcbGXF5bwUTEH_3h-vh1q2F4RqWAh6IM', '2025-10-03 19:50:01.442907', '2025-10-04 19:50:01', 20, '03b403a0d27e4edda459848b8db911ff');
INSERT INTO `token_blacklist_outstandingtoken` (`id`, `token`, `created_at`, `expires_at`, `user_id`, `jti`) VALUES (306, 'eyJhbGciOiJIUzI1NiIsInR5cCI6IkpXVCJ9.eyJ0b2tlbl90eXBlIjoicmVmcmVzaCIsImV4cCI6MTc1OTYxMDY0MSwiaWF0IjoxNzU5NTI0MjQxLCJqdGkiOiIwZjZkMDExNjFlMTQ0NTNhODk4ZjgyMjBlMjAyODVlMCIsInVzZXJfaWQiOiIxIiwibXVzdF9jaGFuZ2VfcGFzc3dvcmQiOmZhbHNlfQ.a7xwkMXaQp8cV44JQ8vWwggOh5ZGzpf7rNumA26tT60', '2025-10-03 20:44:01.505506', '2025-10-04 20:44:01', 1, '0f6d01161e14453a898f8220e20285e0');
INSERT INTO `token_blacklist_outstandingtoken` (`id`, `token`, `created_at`, `expires_at`, `user_id`, `jti`) VALUES (307, 'eyJhbGciOiJIUzI1NiIsInR5cCI6IkpXVCJ9.eyJ0b2tlbl90eXBlIjoicmVmcmVzaCIsImV4cCI6MTc1OTYxMDY0MSwiaWF0IjoxNzU5NTI0MjQxLCJqdGkiOiIwNjQ4OWM4NDFjNjI0OWZjYWRlYjFiNzYyMmM1YTNiYiIsInVzZXJfaWQiOiIxIiwibXVzdF9jaGFuZ2VfcGFzc3dvcmQiOmZhbHNlfQ.ThZrwPVk7FuLstwbSYr_65atHw4FfiKiCNN0IBOSNTw', '2025-10-03 20:44:01.508503', '2025-10-04 20:44:01', 1, '06489c841c6249fcadeb1b7622c5a3bb');
INSERT INTO `token_blacklist_outstandingtoken` (`id`, `token`, `created_at`, `expires_at`, `user_id`, `jti`) VALUES (308, 'eyJhbGciOiJIUzI1NiIsInR5cCI6IkpXVCJ9.eyJ0b2tlbl90eXBlIjoicmVmcmVzaCIsImV4cCI6MTc1OTYxMDY1MywiaWF0IjoxNzU5NTI0MjUzLCJqdGkiOiI2MzVmN2IxNGI3MWQ0NmZiOWZkYWNhNjM3NjQ5OGNkNSIsInVzZXJfaWQiOiIyMSIsIm11c3RfY2hhbmdlX3Bhc3N3b3JkIjpmYWxzZX0.DaSpWVJO4HxtwkBf7UMezbvQI-FAZmI-Lb9LVu2ett4', '2025-10-03 20:44:13.663404', '2025-10-04 20:44:13', 21, '635f7b14b71d46fb9fdaca6376498cd5');
INSERT INTO `token_blacklist_outstandingtoken` (`id`, `token`, `created_at`, `expires_at`, `user_id`, `jti`) VALUES (309, 'eyJhbGciOiJIUzI1NiIsInR5cCI6IkpXVCJ9.eyJ0b2tlbl90eXBlIjoicmVmcmVzaCIsImV4cCI6MTc1OTYxMDY1MywiaWF0IjoxNzU5NTI0MjUzLCJqdGkiOiJiNjU0ODQzM2Y0ZWE0NTljYjgwMDBiYzA5OGFkNzBiZCIsInVzZXJfaWQiOiIyMSIsIm11c3RfY2hhbmdlX3Bhc3N3b3JkIjpmYWxzZX0.thkev5QC_XlXA3bTHG5QIMzTCrelcO6ea9RuvBM2Vqc', '2025-10-03 20:44:13.671542', '2025-10-04 20:44:13', 21, 'b6548433f4ea459cb8000bc098ad70bd');
INSERT INTO `token_blacklist_outstandingtoken` (`id`, `token`, `created_at`, `expires_at`, `user_id`, `jti`) VALUES (310, 'eyJhbGciOiJIUzI1NiIsInR5cCI6IkpXVCJ9.eyJ0b2tlbl90eXBlIjoicmVmcmVzaCIsImV4cCI6MTc1OTYxMTAwMSwiaWF0IjoxNzU5NTI0NjAxLCJqdGkiOiJhMTY2ZWRmYjE3MjE0MmVlYWYyODJjZWJmODc3ZTM5MCIsInVzZXJfaWQiOiIyMCIsIm11c3RfY2hhbmdlX3Bhc3N3b3JkIjpmYWxzZX0.gkX_I2CavJzD0or4_h79mIHkYBX0DRmd9mO7g9rkJS4', '2025-10-03 20:50:01.413614', '2025-10-04 20:50:01', 20, 'a166edfb172142eeaf282cebf877e390');
INSERT INTO `token_blacklist_outstandingtoken` (`id`, `token`, `created_at`, `expires_at`, `user_id`, `jti`) VALUES (311, 'eyJhbGciOiJIUzI1NiIsInR5cCI6IkpXVCJ9.eyJ0b2tlbl90eXBlIjoicmVmcmVzaCIsImV4cCI6MTc1OTYxMTAwMSwiaWF0IjoxNzU5NTI0NjAxLCJqdGkiOiI0Y2M2MzVlNWZmNDk0OGNiOGFhMmZiOTkyMTA0MjJkOCIsInVzZXJfaWQiOiIyMCIsIm11c3RfY2hhbmdlX3Bhc3N3b3JkIjpmYWxzZX0.MDMAwJAG8E5cyrb67IWd03nS69Y8DAHImXGo8GUZUrA', '2025-10-03 20:50:01.417421', '2025-10-04 20:50:01', 20, '4cc635e5ff4948cb8aa2fb99210422d8');
INSERT INTO `token_blacklist_outstandingtoken` (`id`, `token`, `created_at`, `expires_at`, `user_id`, `jti`) VALUES (312, 'eyJhbGciOiJIUzI1NiIsInR5cCI6IkpXVCJ9.eyJ0b2tlbl90eXBlIjoicmVmcmVzaCIsImV4cCI6MTc1OTYxMjM1NSwiaWF0IjoxNzU5NTI1OTU1LCJqdGkiOiJiNDM3YmJmNDcyNTA0Mjg0YmJjNmMwNmVmYjRlOWJlMyIsInVzZXJfaWQiOiIyMiJ9.GE7dtJ58FCU_ZpUTVIVOHmmx58bJXAMA8hIM1pXmIfc', '2025-10-03 21:12:35.745882', '2025-10-04 21:12:35', 22, 'b437bbf472504284bbc6c06efb4e9be3');
INSERT INTO `token_blacklist_outstandingtoken` (`id`, `token`, `created_at`, `expires_at`, `user_id`, `jti`) VALUES (313, 'eyJhbGciOiJIUzI1NiIsInR5cCI6IkpXVCJ9.eyJ0b2tlbl90eXBlIjoicmVmcmVzaCIsImV4cCI6MTc1OTYxNDI0MSwiaWF0IjoxNzU5NTI3ODQxLCJqdGkiOiI5MThmMzkzYzJhNjI0NGMyYTJkNGEwYjQwNjlhNzI5OSIsInVzZXJfaWQiOiIxIiwibXVzdF9jaGFuZ2VfcGFzc3dvcmQiOmZhbHNlfQ.Jw7v0CX8cluFQYnznHPiu7UvZeNfPlyjUWoH76VEvSk', '2025-10-03 21:44:01.425565', '2025-10-04 21:44:01', 1, '918f393c2a6244c2a2d4a0b4069a7299');
INSERT INTO `token_blacklist_outstandingtoken` (`id`, `token`, `created_at`, `expires_at`, `user_id`, `jti`) VALUES (314, 'eyJhbGciOiJIUzI1NiIsInR5cCI6IkpXVCJ9.eyJ0b2tlbl90eXBlIjoicmVmcmVzaCIsImV4cCI6MTc1OTYxNDI0MSwiaWF0IjoxNzU5NTI3ODQxLCJqdGkiOiIwZWM1NmY4YzdiNzI0Y2M1YjJhY2YwNzIzMDgyMzQ4NCIsInVzZXJfaWQiOiIxIiwibXVzdF9jaGFuZ2VfcGFzc3dvcmQiOmZhbHNlfQ.f_i6J_OnxQUvO1GnwoDm8ugmbd47k-ywNUOWx4V60a0', '2025-10-03 21:44:01.429376', '2025-10-04 21:44:01', 1, '0ec56f8c7b724cc5b2acf07230823484');
INSERT INTO `token_blacklist_outstandingtoken` (`id`, `token`, `created_at`, `expires_at`, `user_id`, `jti`) VALUES (315, 'eyJhbGciOiJIUzI1NiIsInR5cCI6IkpXVCJ9.eyJ0b2tlbl90eXBlIjoicmVmcmVzaCIsImV4cCI6MTc1OTYxNDI2NiwiaWF0IjoxNzU5NTI3ODY2LCJqdGkiOiJiNGY3NzA5MDRhOGQ0NWRkYWU4MGRlY2EzOGU3ZmRjOCIsInVzZXJfaWQiOiIyMSIsIm11c3RfY2hhbmdlX3Bhc3N3b3JkIjpmYWxzZX0.h9vPrg00hNPcSzrpfztX2AB0LYPdgm42B7VcOH3pZ7E', '2025-10-03 21:44:26.747685', '2025-10-04 21:44:26', 21, 'b4f770904a8d45ddae80deca38e7fdc8');
INSERT INTO `token_blacklist_outstandingtoken` (`id`, `token`, `created_at`, `expires_at`, `user_id`, `jti`) VALUES (316, 'eyJhbGciOiJIUzI1NiIsInR5cCI6IkpXVCJ9.eyJ0b2tlbl90eXBlIjoicmVmcmVzaCIsImV4cCI6MTc1OTYxNDYwMSwiaWF0IjoxNzU5NTI4MjAxLCJqdGkiOiI4MTlkZjRiMDhlZWU0OTY1YTBmZGNhNGMzZmJiNTkxOSIsInVzZXJfaWQiOiIyMCIsIm11c3RfY2hhbmdlX3Bhc3N3b3JkIjpmYWxzZX0.Gs7zQBQX6_RZgp_1OAOT43RoabtHiTNOTuHCQGmno44', '2025-10-03 21:50:01.420066', '2025-10-04 21:50:01', 20, '819df4b08eee4965a0fdca4c3fbb5919');
INSERT INTO `token_blacklist_outstandingtoken` (`id`, `token`, `created_at`, `expires_at`, `user_id`, `jti`) VALUES (317, 'eyJhbGciOiJIUzI1NiIsInR5cCI6IkpXVCJ9.eyJ0b2tlbl90eXBlIjoicmVmcmVzaCIsImV4cCI6MTc1OTY0MjMzNywiaWF0IjoxNzU5NTU1OTM3LCJqdGkiOiI2MTI5ZTczOWZmOTE0M2E2YmM0ZTJiZjkyM2Y5MjI3OCIsInVzZXJfaWQiOiIxIn0.geP_Zlo6R5SwasoReiLwTJ28byXHryfPJ7sfmFJQr-o', '2025-10-04 05:32:17.943985', '2025-10-05 05:32:17', 1, '6129e739ff9143a6bc4e2bf923f92278');
INSERT INTO `token_blacklist_outstandingtoken` (`id`, `token`, `created_at`, `expires_at`, `user_id`, `jti`) VALUES (318, 'eyJhbGciOiJIUzI1NiIsInR5cCI6IkpXVCJ9.eyJ0b2tlbl90eXBlIjoicmVmcmVzaCIsImV4cCI6MTc1OTY0MjQyMSwiaWF0IjoxNzU5NTU2MDIxLCJqdGkiOiIyYTQ0MTI3MmQyOWY0OWE5YWYxOTFhMzVmMGRlY2U0NCIsInVzZXJfaWQiOiIyMiIsIm11c3RfY2hhbmdlX3Bhc3N3b3JkIjpmYWxzZX0.s3YPVE4X1BLxtva2J347ETc6KvM9Ih_aCOsEXGNj6Ws', '2025-10-04 05:33:41.355748', '2025-10-05 05:33:41', 22, '2a441272d29f49a9af191a35f0dece44');
INSERT INTO `token_blacklist_outstandingtoken` (`id`, `token`, `created_at`, `expires_at`, `user_id`, `jti`) VALUES (319, 'eyJhbGciOiJIUzI1NiIsInR5cCI6IkpXVCJ9.eyJ0b2tlbl90eXBlIjoicmVmcmVzaCIsImV4cCI6MTc1OTY0MjQyMSwiaWF0IjoxNzU5NTU2MDIxLCJqdGkiOiIwMzJkZWE1ZmE3NWU0MzE0YmUwM2FkNWZhNDI0MzE3YSIsInVzZXJfaWQiOiIyMiIsIm11c3RfY2hhbmdlX3Bhc3N3b3JkIjpmYWxzZX0.atxW0S9eInzORFCrKjnag5U_9i4zFNri3OzuZIDcpzQ', '2025-10-04 05:33:41.362593', '2025-10-05 05:33:41', 22, '032dea5fa75e4314be03ad5fa424317a');
INSERT INTO `token_blacklist_outstandingtoken` (`id`, `token`, `created_at`, `expires_at`, `user_id`, `jti`) VALUES (320, 'eyJhbGciOiJIUzI1NiIsInR5cCI6IkpXVCJ9.eyJ0b2tlbl90eXBlIjoicmVmcmVzaCIsImV4cCI6MTc1OTY0MjQyMSwiaWF0IjoxNzU5NTU2MDIxLCJqdGkiOiJiM2M0N2UyODIxNjY0ZGUzYjE0N2Q5ZmVkMTI2OWQ1MyIsInVzZXJfaWQiOiIyMiIsIm11c3RfY2hhbmdlX3Bhc3N3b3JkIjpmYWxzZX0.l_uNFGWoH4nsgFthjC2xuitXgu0Y0TEYpoSxCiMWLUU', '2025-10-04 05:33:41.603891', '2025-10-05 05:33:41', 22, 'b3c47e2821664de3b147d9fed1269d53');
INSERT INTO `token_blacklist_outstandingtoken` (`id`, `token`, `created_at`, `expires_at`, `user_id`, `jti`) VALUES (321, 'eyJhbGciOiJIUzI1NiIsInR5cCI6IkpXVCJ9.eyJ0b2tlbl90eXBlIjoicmVmcmVzaCIsImV4cCI6MTc1OTY0MjQyMSwiaWF0IjoxNzU5NTU2MDIxLCJqdGkiOiIyMjI4ZmY3MDg1OWU0ZTc2YjkzYWNjYjc0MjZhNWMzMiIsInVzZXJfaWQiOiIyMiIsIm11c3RfY2hhbmdlX3Bhc3N3b3JkIjpmYWxzZX0.IzScmeqPudfs64rnX5ETo2zscn30pdrBknf-VJkv78Q', '2025-10-04 05:33:41.629694', '2025-10-05 05:33:41', 22, '2228ff70859e4e76b93accb7426a5c32');
INSERT INTO `token_blacklist_outstandingtoken` (`id`, `token`, `created_at`, `expires_at`, `user_id`, `jti`) VALUES (322, 'eyJhbGciOiJIUzI1NiIsInR5cCI6IkpXVCJ9.eyJ0b2tlbl90eXBlIjoicmVmcmVzaCIsImV4cCI6MTc1OTY0MjUyNCwiaWF0IjoxNzU5NTU2MTI0LCJqdGkiOiJmMTgzYmEyNWFmZDg0MTc1YTA3MTdhMWEwMzRlYWNmYSIsInVzZXJfaWQiOiIyMiJ9.1D0vFVoFkiKrObzMcyiuiysH6675fjIs5Fdo9Hdc6Zc', '2025-10-04 05:35:24.556431', '2025-10-05 05:35:24', 22, 'f183ba25afd84175a0717a1a034eacfa');

--
-- Table structure for table `users_user`
--
DROP TABLE IF EXISTS `users_user`;
CREATE TABLE `users_user` (
  `id` bigint(20) NOT NULL AUTO_INCREMENT,
  `password` varchar(128) NOT NULL,
  `last_login` datetime(6) DEFAULT NULL,
  `is_superuser` tinyint(1) NOT NULL,
  `email` varchar(255) NOT NULL,
  `first_name` varchar(150) NOT NULL,
  `last_name` varchar(150) NOT NULL,
  `is_staff` tinyint(1) NOT NULL,
  `is_active` tinyint(1) NOT NULL,
  `date_joined` datetime(6) NOT NULL,
  `middle_name` varchar(150) NOT NULL,
  `section` varchar(50) DEFAULT NULL,
  `userlevel` varchar(50) NOT NULL,
  `is_first_login` tinyint(1) NOT NULL,
  `must_change_password` tinyint(1) NOT NULL,
  `updated_at` datetime(6) NOT NULL,
  `district` varchar(100) DEFAULT NULL,
  PRIMARY KEY (`id`),
  UNIQUE KEY `email` (`email`)
) ENGINE=InnoDB AUTO_INCREMENT=23 DEFAULT CHARSET=utf8mb4 COLLATE=utf8mb4_general_ci;

--
-- Dumping data for table `users_user`
--
INSERT INTO `users_user` (`id`, `password`, `last_login`, `is_superuser`, `email`, `first_name`, `last_name`, `is_staff`, `is_active`, `date_joined`, `middle_name`, `section`, `userlevel`, `is_first_login`, `must_change_password`, `updated_at`, `district`) VALUES (1, 'pbkdf2_sha256$600000$3WSl66UCmjQQA37PFHjjxm$VNl7Yr/qbplCPrw9zUZKSbwLMSnlv1LyFMFtd6clLxk=', '2025-10-03 00:23:53.872507', 1, 'admin@example.com', 'Administrator', '', 1, 1, '2025-09-29 01:07:21', '', NULL, 'Admin', 0, 0, '2025-10-02 05:08:27.481187', NULL);
INSERT INTO `users_user` (`id`, `password`, `last_login`, `is_superuser`, `email`, `first_name`, `last_name`, `is_staff`, `is_active`, `date_joined`, `middle_name`, `section`, `userlevel`, `is_first_login`, `must_change_password`, `updated_at`, `district`) VALUES (20, 'pbkdf2_sha256$600000$wHoYzjG9pMg7oY8nsqaSnS$O1MxW4+T0tLEW25liq9TVfSP28MlzoZNhvk130r3Yl4=', NULL, 0, '22101222@slc-sflu.edu.ph', 'JERICHO', 'URBANO', 0, 1, '2025-10-02 13:28:47.559168', 'SOTELO', NULL, 'Division Chief', 0, 0, '2025-10-03 00:25:59.367630', NULL);
INSERT INTO `users_user` (`id`, `password`, `last_login`, `is_superuser`, `email`, `first_name`, `last_name`, `is_staff`, `is_active`, `date_joined`, `middle_name`, `section`, `userlevel`, `is_first_login`, `must_change_password`, `updated_at`, `district`) VALUES (21, 'pbkdf2_sha256$600000$v7wddOEcM4JTCmU5Dw2wlg$Ag8bR+dilI2eRgzgKDNfWC8BOcX9hNXHrJvqfxWVG1Q=', NULL, 0, 'echo.010104@gmail.com', 'SECTION', 'SAMPLE', 0, 1, '2025-10-03 00:28:32.847060', 'EMB', 'PD-1586,RA-8749,RA-9275', 'Section Chief', 0, 0, '2025-10-03 00:32:46.444798', NULL);
INSERT INTO `users_user` (`id`, `password`, `last_login`, `is_superuser`, `email`, `first_name`, `last_name`, `is_staff`, `is_active`, `date_joined`, `middle_name`, `section`, `userlevel`, `is_first_login`, `must_change_password`, `updated_at`, `district`) VALUES (22, 'pbkdf2_sha256$600000$xoiBFKuZn4nbPC4R3DZqNj$KFkVrJXeUXFtSOiSL/0bQHntnuB7aqohvlnjkP6jjTA=', NULL, 0, 'jerichourbano.01.01.04@gmail.com', 'UNIT', 'SAMPLE', 0, 1, '2025-10-03 00:29:10.329865', 'EMB', 'PD-1586', 'Unit Head', 0, 0, '2025-10-03 13:24:22.953761', 'La Union - 3rd District');

--
-- Table structure for table `users_user_groups`
--
DROP TABLE IF EXISTS `users_user_groups`;
CREATE TABLE `users_user_groups` (
  `id` bigint(20) NOT NULL AUTO_INCREMENT,
  `user_id` bigint(20) NOT NULL,
  `group_id` int(11) NOT NULL,
  PRIMARY KEY (`id`),
  UNIQUE KEY `users_user_groups_user_id_group_id_b88eab82_uniq` (`user_id`,`group_id`),
  KEY `users_user_groups_group_id_9afc8d0e_fk_auth_group_id` (`group_id`),
  CONSTRAINT `users_user_groups_group_id_9afc8d0e_fk_auth_group_id` FOREIGN KEY (`group_id`) REFERENCES `auth_group` (`id`),
  CONSTRAINT `users_user_groups_user_id_5f6f5a90_fk_users_user_id` FOREIGN KEY (`user_id`) REFERENCES `users_user` (`id`)
) ENGINE=InnoDB DEFAULT CHARSET=utf8mb4 COLLATE=utf8mb4_general_ci;

--
-- Dumping data for table `users_user_groups`
--

--
-- Table structure for table `users_user_user_permissions`
--
DROP TABLE IF EXISTS `users_user_user_permissions`;
CREATE TABLE `users_user_user_permissions` (
  `id` bigint(20) NOT NULL AUTO_INCREMENT,
  `user_id` bigint(20) NOT NULL,
  `permission_id` int(11) NOT NULL,
  PRIMARY KEY (`id`),
  UNIQUE KEY `users_user_user_permissions_user_id_permission_id_43338c45_uniq` (`user_id`,`permission_id`),
  KEY `users_user_user_perm_permission_id_0b93982e_fk_auth_perm` (`permission_id`),
  CONSTRAINT `users_user_user_perm_permission_id_0b93982e_fk_auth_perm` FOREIGN KEY (`permission_id`) REFERENCES `auth_permission` (`id`),
  CONSTRAINT `users_user_user_permissions_user_id_20aca447_fk_users_user_id` FOREIGN KEY (`user_id`) REFERENCES `users_user` (`id`)
) ENGINE=InnoDB DEFAULT CHARSET=utf8mb4 COLLATE=utf8mb4_general_ci;

--
-- Dumping data for table `users_user_user_permissions`
--

SET FOREIGN_KEY_CHECKS=1;
-- Dump completed
