[
{
  "model": "admin.logentry",
  "pk": 1,
  "fields": {
    "action_time": "2025-09-29T01:08:15.685Z",
    "user": 1,
    "content_type": 8,
    "object_id": "1",
    "object_repr": "admin@example.com ()",
    "action_flag": 2,
    "change_message": "[{\"changed\": {\"fields\": [\"Is first login\"]}}]"
  }
},
{
  "model": "admin.logentry",
  "pk": 2,
  "fields": {
    "action_time": "2025-09-29T01:09:24.949Z",
    "user": 1,
    "content_type": 8,
    "object_id": "1",
    "object_repr": "admin@example.com (Admin)",
    "action_flag": 2,
    "change_message": "[{\"changed\": {\"fields\": [\"First name\", \"Userlevel\"]}}]"
  }
},
{
  "model": "token_blacklist.outstandingtoken",
  "pk": 1,
  "fields": {
    "user": 1,
    "jti": "73af370ecca04335963fb2a217debf10",
    "token": "eyJhbGciOiJIUzI1NiIsInR5cCI6IkpXVCJ9.eyJ0b2tlbl90eXBlIjoicmVmcmVzaCIsImV4cCI6MTc1OTE5MjQ1NiwiaWF0IjoxNzU5MTA2MDU2LCJqdGkiOiI3M2FmMzcwZWNjYTA0MzM1OTYzZmIyYTIxN2RlYmYxMCIsInVzZXJfaWQiOiIxIiwibXVzdF9jaGFuZ2VfcGFzc3dvcmQiOmZhbHNlfQ.KWXX6bhjro3KU6zc1ngDH3CiVhZkQNk57OA8d4Iv43w",
    "created_at": "2025-09-29T01:08:33.788Z",
    "expires_at": "2025-09-30T00:34:16Z"
  }
},
{
  "model": "token_blacklist.outstandingtoken",
  "pk": 2,
  "fields": {
    "user": 1,
    "jti": "062310baebbe4562978af1392617ffe8",
    "token": "eyJhbGciOiJIUzI1NiIsInR5cCI6IkpXVCJ9.eyJ0b2tlbl90eXBlIjoicmVmcmVzaCIsImV4cCI6MTc1OTE5NDUyMSwiaWF0IjoxNzU5MTA4MTIxLCJqdGkiOiIwNjIzMTBiYWViYmU0NTYyOTc4YWYxMzkyNjE3ZmZlOCIsInVzZXJfaWQiOiIxIn0.QHz9yu_BZ0edskPmG5opG-fUN6kdgIU5AHkidCKx2cw",
    "created_at": "2025-09-29T01:08:41.620Z",
    "expires_at": "2025-09-30T01:08:41Z"
  }
},
{
  "model": "token_blacklist.outstandingtoken",
  "pk": 3,
  "fields": {
    "user": 1,
    "jti": "90d5b8b8ad834f04aa2478978fd13ddc",
    "token": "eyJhbGciOiJIUzI1NiIsInR5cCI6IkpXVCJ9.eyJ0b2tlbl90eXBlIjoicmVmcmVzaCIsImV4cCI6MTc1OTE5NDU5MywiaWF0IjoxNzU5MTA4MTkzLCJqdGkiOiI5MGQ1YjhiOGFkODM0ZjA0YWEyNDc4OTc4ZmQxM2RkYyIsInVzZXJfaWQiOiIxIn0.swoIPQ7pMY2OugONgi3s1xBtQsGbi8hwU8p5RFMfuw4",
    "created_at": "2025-09-29T01:09:53.353Z",
    "expires_at": "2025-09-30T01:09:53Z"
  }
},
{
  "model": "token_blacklist.outstandingtoken",
  "pk": 4,
  "fields": {
    "user": 2,
    "jti": "557b0e66240b47098da3e2f876e5e809",
    "token": "eyJhbGciOiJIUzI1NiIsInR5cCI6IkpXVCJ9.eyJ0b2tlbl90eXBlIjoicmVmcmVzaCIsImV4cCI6MTc1OTE5NTMzNiwiaWF0IjoxNzU5MTA4OTM2LCJqdGkiOiI1NTdiMGU2NjI0MGI0NzA5OGRhM2UyZjg3NmU1ZTgwOSIsInVzZXJfaWQiOiIyIn0.azGe9xo_ATKya52CKFYSph01sYsGZELYA3HUjuL2qZo",
    "created_at": "2025-09-29T01:22:16.348Z",
    "expires_at": "2025-09-30T01:22:16Z"
  }
},
{
  "model": "token_blacklist.outstandingtoken",
  "pk": 5,
  "fields": {
    "user": 1,
    "jti": "217c831f98974a63b6a633674dfb000e",
    "token": "eyJhbGciOiJIUzI1NiIsInR5cCI6IkpXVCJ9.eyJ0b2tlbl90eXBlIjoicmVmcmVzaCIsImV4cCI6MTc1OTE5OTAwMywiaWF0IjoxNzU5MTEyNjAzLCJqdGkiOiIyMTdjODMxZjk4OTc0YTYzYjZhNjMzNjc0ZGZiMDAwZSIsInVzZXJfaWQiOiIxIiwibXVzdF9jaGFuZ2VfcGFzc3dvcmQiOmZhbHNlfQ.seGNV1G6QjmWvBBUMTWjVIJiKAYdemIUn5KgpV0f-ZQ",
    "created_at": "2025-09-29T02:23:23.879Z",
    "expires_at": "2025-09-30T02:23:23Z"
  }
},
{
  "model": "token_blacklist.outstandingtoken",
  "pk": 6,
  "fields": {
    "user": 1,
    "jti": "2af0f0548bb14a95aaa5877b1a3fc404",
    "token": "eyJhbGciOiJIUzI1NiIsInR5cCI6IkpXVCJ9.eyJ0b2tlbl90eXBlIjoicmVmcmVzaCIsImV4cCI6MTc1OTE5OTAwMywiaWF0IjoxNzU5MTEyNjAzLCJqdGkiOiIyYWYwZjA1NDhiYjE0YTk1YWFhNTg3N2IxYTNmYzQwNCIsInVzZXJfaWQiOiIxIiwibXVzdF9jaGFuZ2VfcGFzc3dvcmQiOmZhbHNlfQ.kTb-T-xrx0PYSonOSDlBhVvf3_mbexNRidXDyETnKjg",
    "created_at": "2025-09-29T02:23:23.883Z",
    "expires_at": "2025-09-30T02:23:23Z"
  }
},
{
  "model": "token_blacklist.outstandingtoken",
  "pk": 7,
  "fields": {
    "user": 2,
    "jti": "a2d1067444d54e95976a45eeb5b7c5ac",
    "token": "eyJhbGciOiJIUzI1NiIsInR5cCI6IkpXVCJ9.eyJ0b2tlbl90eXBlIjoicmVmcmVzaCIsImV4cCI6MTc1OTE5OTI1OSwiaWF0IjoxNzU5MTEyODU5LCJqdGkiOiJhMmQxMDY3NDQ0ZDU0ZTk1OTc2YTQ1ZWViNWI3YzVhYyIsInVzZXJfaWQiOiIyIn0.zG0LBIH3eiO3YiQnHA4-VjF6HA_c5P2QZIAXVNLjOUI",
    "created_at": "2025-09-29T02:27:39.445Z",
    "expires_at": "2025-09-30T02:27:39Z"
  }
},
{
  "model": "token_blacklist.outstandingtoken",
  "pk": 8,
  "fields": {
    "user": 2,
    "jti": "c569397b506b4b45b8f04bcc2c4f709f",
    "token": "eyJhbGciOiJIUzI1NiIsInR5cCI6IkpXVCJ9.eyJ0b2tlbl90eXBlIjoicmVmcmVzaCIsImV4cCI6MTc1OTIwMjg4MSwiaWF0IjoxNzU5MTE2NDgxLCJqdGkiOiJjNTY5Mzk3YjUwNmI0YjQ1YjhmMDRiY2MyYzRmNzA5ZiIsInVzZXJfaWQiOiIyIiwibXVzdF9jaGFuZ2VfcGFzc3dvcmQiOmZhbHNlfQ.sROX9BZG6BagE9Pb3OcUAhvD0c0RxkMvM9-ffIOSzdQ",
    "created_at": "2025-09-29T03:28:01.164Z",
    "expires_at": "2025-09-30T03:28:01Z"
  }
},
{
  "model": "token_blacklist.outstandingtoken",
  "pk": 9,
  "fields": {
    "user": 2,
    "jti": "38ebac91e0384a9ea05d43af86a3d2fe",
    "token": "eyJhbGciOiJIUzI1NiIsInR5cCI6IkpXVCJ9.eyJ0b2tlbl90eXBlIjoicmVmcmVzaCIsImV4cCI6MTc1OTIwMjg4MSwiaWF0IjoxNzU5MTE2NDgxLCJqdGkiOiIzOGViYWM5MWUwMzg0YTllYTA1ZDQzYWY4NmEzZDJmZSIsInVzZXJfaWQiOiIyIiwibXVzdF9jaGFuZ2VfcGFzc3dvcmQiOmZhbHNlfQ.VvuG-c-cTPBKqdEFet_kwkl0RyJtcKpWS7hTAzaH9Ew",
    "created_at": "2025-09-29T03:28:01.167Z",
    "expires_at": "2025-09-30T03:28:01Z"
  }
},
{
  "model": "token_blacklist.outstandingtoken",
  "pk": 10,
  "fields": {
    "user": 1,
    "jti": "3ebee272c083431c85a5b06154f782ae",
    "token": "eyJhbGciOiJIUzI1NiIsInR5cCI6IkpXVCJ9.eyJ0b2tlbl90eXBlIjoicmVmcmVzaCIsImV4cCI6MTc1OTIwNTYwOCwiaWF0IjoxNzU5MTE5MjA4LCJqdGkiOiIzZWJlZTI3MmMwODM0MzFjODVhNWIwNjE1NGY3ODJhZSIsInVzZXJfaWQiOiIxIn0.fyE4FUM9p0271JhR2Q1TiUxCrIlcYdLS-On_b08nEZQ",
    "created_at": "2025-09-29T04:13:28.444Z",
    "expires_at": "2025-09-30T04:13:28Z"
  }
},
{
  "model": "token_blacklist.outstandingtoken",
  "pk": 11,
  "fields": {
    "user": 1,
    "jti": "5155b50345164dde895e01e07faeee5c",
    "token": "eyJhbGciOiJIUzI1NiIsInR5cCI6IkpXVCJ9.eyJ0b2tlbl90eXBlIjoicmVmcmVzaCIsImV4cCI6MTc1OTIwOTIzMiwiaWF0IjoxNzU5MTIyODMyLCJqdGkiOiI1MTU1YjUwMzQ1MTY0ZGRlODk1ZTAxZTA3ZmFlZWU1YyIsInVzZXJfaWQiOiIxIiwibXVzdF9jaGFuZ2VfcGFzc3dvcmQiOmZhbHNlfQ.OAw_kEBmjHii-0zlmV-TbGZiNSNmsJIHGraVm0BB058",
    "created_at": "2025-09-29T05:13:52.831Z",
    "expires_at": "2025-09-30T05:13:52Z"
  }
},
{
  "model": "token_blacklist.outstandingtoken",
  "pk": 12,
  "fields": {
    "user": 1,
    "jti": "165b326a8f704457ba1616048ea41c72",
    "token": "eyJhbGciOiJIUzI1NiIsInR5cCI6IkpXVCJ9.eyJ0b2tlbl90eXBlIjoicmVmcmVzaCIsImV4cCI6MTc1OTIwOTIzMiwiaWF0IjoxNzU5MTIyODMyLCJqdGkiOiIxNjViMzI2YThmNzA0NDU3YmExNjE2MDQ4ZWE0MWM3MiIsInVzZXJfaWQiOiIxIiwibXVzdF9jaGFuZ2VfcGFzc3dvcmQiOmZhbHNlfQ.o-pT5Xx1GOeK5r9I3dwiUaohfylcRFTsK7GrX1O1BLA",
    "created_at": "2025-09-29T05:13:52.834Z",
    "expires_at": "2025-09-30T05:13:52Z"
  }
},
{
  "model": "token_blacklist.outstandingtoken",
  "pk": 13,
  "fields": {
    "user": 1,
    "jti": "ce86152c9f674840b955f4647ef8af15",
    "token": "eyJhbGciOiJIUzI1NiIsInR5cCI6IkpXVCJ9.eyJ0b2tlbl90eXBlIjoicmVmcmVzaCIsImV4cCI6MTc1OTIxMjg1MCwiaWF0IjoxNzU5MTI2NDUwLCJqdGkiOiJjZTg2MTUyYzlmNjc0ODQwYjk1NWY0NjQ3ZWY4YWYxNSIsInVzZXJfaWQiOiIxIiwibXVzdF9jaGFuZ2VfcGFzc3dvcmQiOmZhbHNlfQ.o_XnIsptyrmDWeB-fuCCq56qrKJQDAbyeqbBZuqZTeY",
    "created_at": "2025-09-29T06:14:10.217Z",
    "expires_at": "2025-09-30T06:14:10Z"
  }
},
{
  "model": "token_blacklist.outstandingtoken",
  "pk": 14,
  "fields": {
    "user": 1,
    "jti": "9417afb5f7574eb49a09973c57ca919c",
    "token": "eyJhbGciOiJIUzI1NiIsInR5cCI6IkpXVCJ9.eyJ0b2tlbl90eXBlIjoicmVmcmVzaCIsImV4cCI6MTc1OTIxMjg1MCwiaWF0IjoxNzU5MTI2NDUwLCJqdGkiOiI5NDE3YWZiNWY3NTc0ZWI0OWEwOTk3M2M1N2NhOTE5YyIsInVzZXJfaWQiOiIxIiwibXVzdF9jaGFuZ2VfcGFzc3dvcmQiOmZhbHNlfQ.656QA5cbDOaDBLbHqQI2znceTeoq5IMrY3ieQBnA620",
    "created_at": "2025-09-29T06:14:10.210Z",
    "expires_at": "2025-09-30T06:14:10Z"
  }
},
{
  "model": "token_blacklist.outstandingtoken",
  "pk": 15,
  "fields": {
    "user": 1,
    "jti": "4975d60907a44fd2b6bdc47b926cfa6c",
    "token": "eyJhbGciOiJIUzI1NiIsInR5cCI6IkpXVCJ9.eyJ0b2tlbl90eXBlIjoicmVmcmVzaCIsImV4cCI6MTc1OTIxMjkxMywiaWF0IjoxNzU5MTI2NTEzLCJqdGkiOiI0OTc1ZDYwOTA3YTQ0ZmQyYjZiZGM0N2I5MjZjZmE2YyIsInVzZXJfaWQiOiIxIn0.SiavGSgmwpkUPldqdx0FDy4MASG6paHavNzjVgDkfZI",
    "created_at": "2025-09-29T06:15:13.536Z",
    "expires_at": "2025-09-30T06:15:13Z"
  }
},
{
  "model": "token_blacklist.outstandingtoken",
  "pk": 16,
  "fields": {
    "user": 1,
    "jti": "90483915f0f7445d91790ab1f4f3ebb4",
    "token": "eyJhbGciOiJIUzI1NiIsInR5cCI6IkpXVCJ9.eyJ0b2tlbl90eXBlIjoicmVmcmVzaCIsImV4cCI6MTc1OTIxMjk5OCwiaWF0IjoxNzU5MTI2NTk4LCJqdGkiOiI5MDQ4MzkxNWYwZjc0NDVkOTE3OTBhYjFmNGYzZWJiNCIsInVzZXJfaWQiOiIxIn0.qHPpSaGH3l3JV30XdINr7d0V8tn09cYWrAa-_fhIQxU",
    "created_at": "2025-09-29T06:16:38.136Z",
    "expires_at": "2025-09-30T06:16:38Z"
  }
},
{
  "model": "token_blacklist.outstandingtoken",
  "pk": 17,
  "fields": {
    "user": 1,
    "jti": "a931bb1c3ae649dc9e42a1773a56cbe0",
    "token": "eyJhbGciOiJIUzI1NiIsInR5cCI6IkpXVCJ9.eyJ0b2tlbl90eXBlIjoicmVmcmVzaCIsImV4cCI6MTc1OTIxODE2NywiaWF0IjoxNzU5MTMxNzY3LCJqdGkiOiJhOTMxYmIxYzNhZTY0OWRjOWU0MmExNzczYTU2Y2JlMCIsInVzZXJfaWQiOiIxIiwibXVzdF9jaGFuZ2VfcGFzc3dvcmQiOmZhbHNlfQ.nMqEGUEgEjejysBX4P-XKyHwQVosrM8DT2EJ1d0VCtg",
    "created_at": "2025-09-29T07:42:47.580Z",
    "expires_at": "2025-09-30T07:42:47Z"
  }
},
{
  "model": "token_blacklist.outstandingtoken",
  "pk": 18,
  "fields": {
    "user": 1,
    "jti": "c34f779ed4d3422686e9a211449f73a1",
    "token": "eyJhbGciOiJIUzI1NiIsInR5cCI6IkpXVCJ9.eyJ0b2tlbl90eXBlIjoicmVmcmVzaCIsImV4cCI6MTc1OTIxODE2NywiaWF0IjoxNzU5MTMxNzY3LCJqdGkiOiJjMzRmNzc5ZWQ0ZDM0MjI2ODZlOWEyMTE0NDlmNzNhMSIsInVzZXJfaWQiOiIxIiwibXVzdF9jaGFuZ2VfcGFzc3dvcmQiOmZhbHNlfQ.zNWvNs0xnIh488PwGbErXTMrw2kAIMgEz0NCmkTC5Wo",
    "created_at": "2025-09-29T07:42:47.590Z",
    "expires_at": "2025-09-30T07:42:47Z"
  }
},
{
  "model": "token_blacklist.outstandingtoken",
  "pk": 19,
  "fields": {
    "user": 1,
    "jti": "02bc1da360484a2181b1e8daff4506d8",
    "token": "eyJhbGciOiJIUzI1NiIsInR5cCI6IkpXVCJ9.eyJ0b2tlbl90eXBlIjoicmVmcmVzaCIsImV4cCI6MTc1OTIyMjc1OSwiaWF0IjoxNzU5MTM2MzU5LCJqdGkiOiIwMmJjMWRhMzYwNDg0YTIxODFiMWU4ZGFmZjQ1MDZkOCIsInVzZXJfaWQiOiIxIiwibXVzdF9jaGFuZ2VfcGFzc3dvcmQiOmZhbHNlfQ.wgMzv-erARn0hxIZ6ZnacNaQPI3CAHGPe1WVvh6n3gw",
    "created_at": "2025-09-29T08:59:19.436Z",
    "expires_at": "2025-09-30T08:59:19Z"
  }
},
{
  "model": "token_blacklist.outstandingtoken",
  "pk": 20,
  "fields": {
    "user": 1,
    "jti": "dbcd3b4082fe47759c23871f09deef0d",
    "token": "eyJhbGciOiJIUzI1NiIsInR5cCI6IkpXVCJ9.eyJ0b2tlbl90eXBlIjoicmVmcmVzaCIsImV4cCI6MTc1OTIyMjc1OSwiaWF0IjoxNzU5MTM2MzU5LCJqdGkiOiJkYmNkM2I0MDgyZmU0Nzc1OWMyMzg3MWYwOWRlZWYwZCIsInVzZXJfaWQiOiIxIiwibXVzdF9jaGFuZ2VfcGFzc3dvcmQiOmZhbHNlfQ.ZyyRToCaGc_DqJjncgFCEhforARY1un8hZQHlv8OM7I",
    "created_at": "2025-09-29T08:59:19.431Z",
    "expires_at": "2025-09-30T08:59:19Z"
  }
},
{
  "model": "token_blacklist.outstandingtoken",
  "pk": 21,
  "fields": {
    "user": 1,
    "jti": "4e10608320284bf392538bdc4b27955a",
    "token": "eyJhbGciOiJIUzI1NiIsInR5cCI6IkpXVCJ9.eyJ0b2tlbl90eXBlIjoicmVmcmVzaCIsImV4cCI6MTc1OTIyNjQwNSwiaWF0IjoxNzU5MTQwMDA1LCJqdGkiOiI0ZTEwNjA4MzIwMjg0YmYzOTI1MzhiZGM0YjI3OTU1YSIsInVzZXJfaWQiOiIxIiwibXVzdF9jaGFuZ2VfcGFzc3dvcmQiOmZhbHNlfQ.cN1RHMr3IBrY8XyUQ67d6OopmryL78RJ0Lq8D8alBjY",
    "created_at": "2025-09-29T10:00:05.142Z",
    "expires_at": "2025-09-30T10:00:05Z"
  }
},
{
  "model": "token_blacklist.outstandingtoken",
  "pk": 22,
  "fields": {
    "user": 1,
    "jti": "4e979af74fac4eaeac37a61c1e69f45f",
    "token": "eyJhbGciOiJIUzI1NiIsInR5cCI6IkpXVCJ9.eyJ0b2tlbl90eXBlIjoicmVmcmVzaCIsImV4cCI6MTc1OTIyNjQwNSwiaWF0IjoxNzU5MTQwMDA1LCJqdGkiOiI0ZTk3OWFmNzRmYWM0ZWFlYWMzN2E2MWMxZTY5ZjQ1ZiIsInVzZXJfaWQiOiIxIiwibXVzdF9jaGFuZ2VfcGFzc3dvcmQiOmZhbHNlfQ.aTwmY0azBvhFIyM0fo_0NbbUTJS_5ir3CR0IbU78KYg",
    "created_at": "2025-09-29T10:00:05.138Z",
    "expires_at": "2025-09-30T10:00:05Z"
  }
},
{
  "model": "token_blacklist.outstandingtoken",
  "pk": 23,
  "fields": {
    "user": 1,
    "jti": "ac753c70840a4fa6b41621f5c4920b2d",
    "token": "eyJhbGciOiJIUzI1NiIsInR5cCI6IkpXVCJ9.eyJ0b2tlbl90eXBlIjoicmVmcmVzaCIsImV4cCI6MTc1OTIzMTM0NSwiaWF0IjoxNzU5MTQ0OTQ1LCJqdGkiOiJhYzc1M2M3MDg0MGE0ZmE2YjQxNjIxZjVjNDkyMGIyZCIsInVzZXJfaWQiOiIxIiwibXVzdF9jaGFuZ2VfcGFzc3dvcmQiOmZhbHNlfQ.JASrxFsYFuuPqpSNp_BP2bWyrMz2SxoqDZ8oex9wX7s",
    "created_at": "2025-09-29T11:22:25.418Z",
    "expires_at": "2025-09-30T11:22:25Z"
  }
},
{
  "model": "token_blacklist.outstandingtoken",
  "pk": 24,
  "fields": {
    "user": 1,
    "jti": "0a2458d400014337a5d85a1e0d5172e6",
    "token": "eyJhbGciOiJIUzI1NiIsInR5cCI6IkpXVCJ9.eyJ0b2tlbl90eXBlIjoicmVmcmVzaCIsImV4cCI6MTc1OTIzMTM0NSwiaWF0IjoxNzU5MTQ0OTQ1LCJqdGkiOiIwYTI0NThkNDAwMDE0MzM3YTVkODVhMWUwZDUxNzJlNiIsInVzZXJfaWQiOiIxIiwibXVzdF9jaGFuZ2VfcGFzc3dvcmQiOmZhbHNlfQ.wGy4WUgylUVJ9KW5duQ5Ybcfin7WOAsvkCmP7urFn-g",
    "created_at": "2025-09-29T11:22:25.421Z",
    "expires_at": "2025-09-30T11:22:25Z"
  }
},
{
  "model": "token_blacklist.outstandingtoken",
  "pk": 25,
  "fields": {
    "user": 1,
    "jti": "2173e6f7748f40e3b20524a6fb6a5d12",
    "token": "eyJhbGciOiJIUzI1NiIsInR5cCI6IkpXVCJ9.eyJ0b2tlbl90eXBlIjoicmVmcmVzaCIsImV4cCI6MTc1OTIzNDk1MSwiaWF0IjoxNzU5MTQ4NTUxLCJqdGkiOiIyMTczZTZmNzc0OGY0MGUzYjIwNTI0YTZmYjZhNWQxMiIsInVzZXJfaWQiOiIxIiwibXVzdF9jaGFuZ2VfcGFzc3dvcmQiOmZhbHNlfQ.CWUyX3JNSx8IqqYg8RYPbaZTf7Es5WfzAmjf-Ltqo7g",
    "created_at": "2025-09-29T12:22:31.032Z",
    "expires_at": "2025-09-30T12:22:31Z"
  }
},
{
  "model": "token_blacklist.outstandingtoken",
  "pk": 26,
  "fields": {
    "user": 1,
    "jti": "e86b803675b04d67a8f19d9cc31b39e8",
    "token": "eyJhbGciOiJIUzI1NiIsInR5cCI6IkpXVCJ9.eyJ0b2tlbl90eXBlIjoicmVmcmVzaCIsImV4cCI6MTc1OTIzNDk1MSwiaWF0IjoxNzU5MTQ4NTUxLCJqdGkiOiJlODZiODAzNjc1YjA0ZDY3YThmMTlkOWNjMzFiMzllOCIsInVzZXJfaWQiOiIxIiwibXVzdF9jaGFuZ2VfcGFzc3dvcmQiOmZhbHNlfQ.rtJRpMAVuhv3WcmWofOCw9uMGiRc4FHsvbCc2Kukx0w",
    "created_at": "2025-09-29T12:22:31.035Z",
    "expires_at": "2025-09-30T12:22:31Z"
  }
},
{
  "model": "token_blacklist.outstandingtoken",
  "pk": 27,
  "fields": {
    "user": 1,
    "jti": "067a7bdf6b044954badf888ada05cdf1",
    "token": "eyJhbGciOiJIUzI1NiIsInR5cCI6IkpXVCJ9.eyJ0b2tlbl90eXBlIjoicmVmcmVzaCIsImV4cCI6MTc1OTI0NTA0MSwiaWF0IjoxNzU5MTU4NjQxLCJqdGkiOiIwNjdhN2JkZjZiMDQ0OTU0YmFkZjg4OGFkYTA1Y2RmMSIsInVzZXJfaWQiOiIxIiwibXVzdF9jaGFuZ2VfcGFzc3dvcmQiOmZhbHNlfQ.f2MLvYSlmyO8MTdebUPZZBwpqJty_v2esfRY3y_NjKA",
    "created_at": "2025-09-29T15:10:41.169Z",
    "expires_at": "2025-09-30T15:10:41Z"
  }
},
{
  "model": "token_blacklist.outstandingtoken",
  "pk": 28,
  "fields": {
    "user": 1,
    "jti": "7c99013f8205481ca928e895df036769",
    "token": "eyJhbGciOiJIUzI1NiIsInR5cCI6IkpXVCJ9.eyJ0b2tlbl90eXBlIjoicmVmcmVzaCIsImV4cCI6MTc1OTI0NTA0MSwiaWF0IjoxNzU5MTU4NjQxLCJqdGkiOiI3Yzk5MDEzZjgyMDU0ODFjYTkyOGU4OTVkZjAzNjc2OSIsInVzZXJfaWQiOiIxIiwibXVzdF9jaGFuZ2VfcGFzc3dvcmQiOmZhbHNlfQ.sNmfDROukdCGrvfQjou4OeVh1DWinNvXCQzIAldkcu4",
    "created_at": "2025-09-29T15:10:41.171Z",
    "expires_at": "2025-09-30T15:10:41Z"
  }
},
{
  "model": "token_blacklist.outstandingtoken",
  "pk": 29,
  "fields": {
    "user": 1,
    "jti": "d1650ccddf4c4b9189ffaf88b6400cff",
    "token": "eyJhbGciOiJIUzI1NiIsInR5cCI6IkpXVCJ9.eyJ0b2tlbl90eXBlIjoicmVmcmVzaCIsImV4cCI6MTc1OTI0ODY3MSwiaWF0IjoxNzU5MTYyMjcxLCJqdGkiOiJkMTY1MGNjZGRmNGM0YjkxODlmZmFmODhiNjQwMGNmZiIsInVzZXJfaWQiOiIxIiwibXVzdF9jaGFuZ2VfcGFzc3dvcmQiOmZhbHNlfQ.W2h2QXioNifWPCsl-o0-dkHWE1rOAf6PXRuSjTD-gd4",
    "created_at": "2025-09-29T16:11:11.593Z",
    "expires_at": "2025-09-30T16:11:11Z"
  }
},
{
  "model": "token_blacklist.outstandingtoken",
  "pk": 30,
  "fields": {
    "user": 1,
    "jti": "0bbb63ec136642dbae940bc45bcf7a6c",
    "token": "eyJhbGciOiJIUzI1NiIsInR5cCI6IkpXVCJ9.eyJ0b2tlbl90eXBlIjoicmVmcmVzaCIsImV4cCI6MTc1OTI0ODkxNSwiaWF0IjoxNzU5MTYyNTE1LCJqdGkiOiIwYmJiNjNlYzEzNjY0MmRiYWU5NDBiYzQ1YmNmN2E2YyIsInVzZXJfaWQiOiIxIn0.-YWZmm_lKyPY_eDsDR6jMit96_QeLIRSawNX-jVMRNs",
    "created_at": "2025-09-29T16:15:15.785Z",
    "expires_at": "2025-09-30T16:15:15Z"
  }
},
{
  "model": "token_blacklist.outstandingtoken",
  "pk": 31,
  "fields": {
    "user": 1,
    "jti": "ebabafed6ebc48c1baabde869dda584d",
    "token": "eyJhbGciOiJIUzI1NiIsInR5cCI6IkpXVCJ9.eyJ0b2tlbl90eXBlIjoicmVmcmVzaCIsImV4cCI6MTc1OTI1MjU0MywiaWF0IjoxNzU5MTY2MTQzLCJqdGkiOiJlYmFiYWZlZDZlYmM0OGMxYmFhYmRlODY5ZGRhNTg0ZCIsInVzZXJfaWQiOiIxIiwibXVzdF9jaGFuZ2VfcGFzc3dvcmQiOmZhbHNlfQ.YGc2UDl5qQfS97I0IqmDhYFhD6zra1Qkn9dH4xY3AaQ",
    "created_at": "2025-09-29T17:15:43.147Z",
    "expires_at": "2025-09-30T17:15:43Z"
  }
},
{
  "model": "token_blacklist.outstandingtoken",
  "pk": 32,
  "fields": {
    "user": 1,
    "jti": "da2a7d55ee764cb7aac09c8e924519df",
    "token": "eyJhbGciOiJIUzI1NiIsInR5cCI6IkpXVCJ9.eyJ0b2tlbl90eXBlIjoicmVmcmVzaCIsImV4cCI6MTc1OTI1MjU0MywiaWF0IjoxNzU5MTY2MTQzLCJqdGkiOiJkYTJhN2Q1NWVlNzY0Y2I3YWFjMDljOGU5MjQ1MTlkZiIsInVzZXJfaWQiOiIxIiwibXVzdF9jaGFuZ2VfcGFzc3dvcmQiOmZhbHNlfQ.fNm6Sqo-XIbK1yp3E3XDYl0sjVbpfwPtK7MriEBk2AE",
    "created_at": "2025-09-29T17:15:43.152Z",
    "expires_at": "2025-09-30T17:15:43Z"
  }
},
{
  "model": "token_blacklist.outstandingtoken",
  "pk": 33,
  "fields": {
    "user": 1,
    "jti": "6bc076c99e054da995485a24f6385322",
    "token": "eyJhbGciOiJIUzI1NiIsInR5cCI6IkpXVCJ9.eyJ0b2tlbl90eXBlIjoicmVmcmVzaCIsImV4cCI6MTc1OTI1NjE2NSwiaWF0IjoxNzU5MTY5NzY1LCJqdGkiOiI2YmMwNzZjOTllMDU0ZGE5OTU0ODVhMjRmNjM4NTMyMiIsInVzZXJfaWQiOiIxIiwibXVzdF9jaGFuZ2VfcGFzc3dvcmQiOmZhbHNlfQ.Mv7nohpBZ7JY41oIMYjMknhGuuxykk8x2_kqCaE7IwM",
    "created_at": "2025-09-29T18:16:05.168Z",
    "expires_at": "2025-09-30T18:16:05Z"
  }
},
{
  "model": "token_blacklist.outstandingtoken",
  "pk": 34,
  "fields": {
    "user": 1,
    "jti": "4f8466450a3d4dfd9c8b282636d1f4af",
    "token": "eyJhbGciOiJIUzI1NiIsInR5cCI6IkpXVCJ9.eyJ0b2tlbl90eXBlIjoicmVmcmVzaCIsImV4cCI6MTc1OTI1NjE2NSwiaWF0IjoxNzU5MTY5NzY1LCJqdGkiOiI0Zjg0NjY0NTBhM2Q0ZGZkOWM4YjI4MjYzNmQxZjRhZiIsInVzZXJfaWQiOiIxIiwibXVzdF9jaGFuZ2VfcGFzc3dvcmQiOmZhbHNlfQ.B7Csi6aKUPtsNLEAlsyWymaRzvSiU4aHD9Ye58zb2aM",
    "created_at": "2025-09-29T18:16:05.175Z",
    "expires_at": "2025-09-30T18:16:05Z"
  }
},
{
  "model": "token_blacklist.outstandingtoken",
  "pk": 35,
  "fields": {
    "user": 1,
    "jti": "05db288d24134c478f939a0e3d1767bb",
    "token": "eyJhbGciOiJIUzI1NiIsInR5cCI6IkpXVCJ9.eyJ0b2tlbl90eXBlIjoicmVmcmVzaCIsImV4cCI6MTc1OTI3NTMzNSwiaWF0IjoxNzU5MTg4OTM1LCJqdGkiOiIwNWRiMjg4ZDI0MTM0YzQ3OGY5MzlhMGUzZDE3NjdiYiIsInVzZXJfaWQiOiIxIiwibXVzdF9jaGFuZ2VfcGFzc3dvcmQiOmZhbHNlfQ.8nDcB3alHdEwpiWHVmzaJYz3rHqhH1V-avBaLD7KcBc",
    "created_at": "2025-09-29T23:35:35.977Z",
    "expires_at": "2025-09-30T23:35:35Z"
  }
},
{
  "model": "token_blacklist.outstandingtoken",
  "pk": 36,
  "fields": {
    "user": 1,
    "jti": "385bb77fa49340a3948d219d1c8f1061",
    "token": "eyJhbGciOiJIUzI1NiIsInR5cCI6IkpXVCJ9.eyJ0b2tlbl90eXBlIjoicmVmcmVzaCIsImV4cCI6MTc1OTI3NTM3MiwiaWF0IjoxNzU5MTg4OTcyLCJqdGkiOiIzODViYjc3ZmE0OTM0MGEzOTQ4ZDIxOWQxYzhmMTA2MSIsInVzZXJfaWQiOiIxIn0.pJVnJ_0e9ZbCEXslRmmJSZ0tchBKCaLZjokQs1uQMmg",
    "created_at": "2025-09-29T23:36:12.248Z",
    "expires_at": "2025-09-30T23:36:12Z"
  }
},
{
  "model": "token_blacklist.outstandingtoken",
  "pk": 37,
  "fields": {
    "user": 1,
    "jti": "61d61502c70d4e42a3c62c43f9605374",
    "token": "eyJhbGciOiJIUzI1NiIsInR5cCI6IkpXVCJ9.eyJ0b2tlbl90eXBlIjoicmVmcmVzaCIsImV4cCI6MTc1OTI3OTE0NiwiaWF0IjoxNzU5MTkyNzQ2LCJqdGkiOiI2MWQ2MTUwMmM3MGQ0ZTQyYTNjNjJjNDNmOTYwNTM3NCIsInVzZXJfaWQiOiIxIiwibXVzdF9jaGFuZ2VfcGFzc3dvcmQiOmZhbHNlfQ.ti2HjGUox4OZUtoUWLhQlC1vgmmdz6KRaGFVDdpAL20",
    "created_at": "2025-09-30T00:39:06.181Z",
    "expires_at": "2025-10-01T00:39:06Z"
  }
},
{
  "model": "token_blacklist.outstandingtoken",
  "pk": 38,
  "fields": {
    "user": 1,
    "jti": "4fa6b794de7e4a4ebf8f6f6ef347547f",
    "token": "eyJhbGciOiJIUzI1NiIsInR5cCI6IkpXVCJ9.eyJ0b2tlbl90eXBlIjoicmVmcmVzaCIsImV4cCI6MTc1OTI3OTE0NiwiaWF0IjoxNzU5MTkyNzQ2LCJqdGkiOiI0ZmE2Yjc5NGRlN2U0YTRlYmY4ZjZmNmVmMzQ3NTQ3ZiIsInVzZXJfaWQiOiIxIiwibXVzdF9jaGFuZ2VfcGFzc3dvcmQiOmZhbHNlfQ.fG0EDJPXt4nGAqxVgSe5iq-povynf28xcLy9zkOvHRo",
    "created_at": "2025-09-30T00:39:06.186Z",
    "expires_at": "2025-10-01T00:39:06Z"
  }
},
{
  "model": "token_blacklist.outstandingtoken",
  "pk": 39,
  "fields": {
    "user": 1,
    "jti": "6b29ccbe86ad40e285135410d93c1427",
    "token": "eyJhbGciOiJIUzI1NiIsInR5cCI6IkpXVCJ9.eyJ0b2tlbl90eXBlIjoicmVmcmVzaCIsImV4cCI6MTc1OTI4MjcwMSwiaWF0IjoxNzU5MTk2MzAxLCJqdGkiOiI2YjI5Y2NiZTg2YWQ0MGUyODUxMzU0MTBkOTNjMTQyNyIsInVzZXJfaWQiOiIxIn0.ofyCF9GlBiURwHdl8n9y_BDQ1WQ_TOkWH3aq-BbTG3s",
    "created_at": "2025-09-30T01:38:21.577Z",
    "expires_at": "2025-10-01T01:38:21Z"
  }
},
{
  "model": "token_blacklist.outstandingtoken",
  "pk": 40,
  "fields": {
    "user": 1,
    "jti": "9012afad81a44efbb892639800246b54",
    "token": "eyJhbGciOiJIUzI1NiIsInR5cCI6IkpXVCJ9.eyJ0b2tlbl90eXBlIjoicmVmcmVzaCIsImV4cCI6MTc1OTI4NzcxNSwiaWF0IjoxNzU5MjAxMzE1LCJqdGkiOiI5MDEyYWZhZDgxYTQ0ZWZiYjg5MjYzOTgwMDI0NmI1NCIsInVzZXJfaWQiOiIxIiwibXVzdF9jaGFuZ2VfcGFzc3dvcmQiOmZhbHNlfQ.srFT3DlzKg7qTmgqKboedllZ6H_GuCWNZQJv05gNXv8",
    "created_at": "2025-09-30T03:01:55.414Z",
    "expires_at": "2025-10-01T03:01:55Z"
  }
},
{
  "model": "token_blacklist.outstandingtoken",
  "pk": 41,
  "fields": {
    "user": 1,
    "jti": "d6e07d9406bd4a9693e802773f05ae90",
    "token": "eyJhbGciOiJIUzI1NiIsInR5cCI6IkpXVCJ9.eyJ0b2tlbl90eXBlIjoicmVmcmVzaCIsImV4cCI6MTc1OTI4NzcxNSwiaWF0IjoxNzU5MjAxMzE1LCJqdGkiOiJkNmUwN2Q5NDA2YmQ0YTk2OTNlODAyNzczZjA1YWU5MCIsInVzZXJfaWQiOiIxIiwibXVzdF9jaGFuZ2VfcGFzc3dvcmQiOmZhbHNlfQ.vhG9WJEafPNwNu-moX20_Vo7ryw1QDZfskZiMHheAqk",
    "created_at": "2025-09-30T03:01:55.417Z",
    "expires_at": "2025-10-01T03:01:55Z"
  }
},
{
  "model": "token_blacklist.outstandingtoken",
  "pk": 42,
  "fields": {
    "user": 1,
    "jti": "8134235ae46e459aa499ece1a596bc8f",
    "token": "eyJhbGciOiJIUzI1NiIsInR5cCI6IkpXVCJ9.eyJ0b2tlbl90eXBlIjoicmVmcmVzaCIsImV4cCI6MTc1OTI5MTMzMywiaWF0IjoxNzU5MjA0OTMzLCJqdGkiOiI4MTM0MjM1YWU0NmU0NTlhYTQ5OWVjZTFhNTk2YmM4ZiIsInVzZXJfaWQiOiIxIiwibXVzdF9jaGFuZ2VfcGFzc3dvcmQiOmZhbHNlfQ.EhPpLJLWqS8P73r-te7E1W09sucCHMkZ4NrB1PXiaNE",
    "created_at": "2025-09-30T04:02:13.283Z",
    "expires_at": "2025-10-01T04:02:13Z"
  }
},
{
  "model": "token_blacklist.outstandingtoken",
  "pk": 43,
  "fields": {
    "user": 1,
    "jti": "f39bcb0aa6bf4e1483f5e775ebfc9cad",
    "token": "eyJhbGciOiJIUzI1NiIsInR5cCI6IkpXVCJ9.eyJ0b2tlbl90eXBlIjoicmVmcmVzaCIsImV4cCI6MTc1OTI5MTMzMywiaWF0IjoxNzU5MjA0OTMzLCJqdGkiOiJmMzliY2IwYWE2YmY0ZTE0ODNmNWU3NzVlYmZjOWNhZCIsInVzZXJfaWQiOiIxIiwibXVzdF9jaGFuZ2VfcGFzc3dvcmQiOmZhbHNlfQ.KrUONGmMjUUu_QXC8VNw8Hw-UByvSiK97lZi66hmLBU",
    "created_at": "2025-09-30T04:02:13.286Z",
    "expires_at": "2025-10-01T04:02:13Z"
  }
},
{
  "model": "token_blacklist.outstandingtoken",
  "pk": 44,
  "fields": {
    "user": 2,
    "jti": "c695be5b33a6443ba6d264f1f96eed18",
    "token": "eyJhbGciOiJIUzI1NiIsInR5cCI6IkpXVCJ9.eyJ0b2tlbl90eXBlIjoicmVmcmVzaCIsImV4cCI6MTc1OTI5MjE3NiwiaWF0IjoxNzU5MjA1Nzc2LCJqdGkiOiJjNjk1YmU1YjMzYTY0NDNiYTZkMjY0ZjFmOTZlZWQxOCIsInVzZXJfaWQiOiIyIn0.lQup3IrlxBXlF45HUeWtfDpjRU68zpm6OKOnAsy2xdQ",
    "created_at": "2025-09-30T04:16:16.638Z",
    "expires_at": "2025-10-01T04:16:16Z"
  }
},
{
  "model": "token_blacklist.outstandingtoken",
  "pk": 45,
  "fields": {
    "user": 1,
    "jti": "e942a1ef487f40abb9e8eaee163e4c0a",
    "token": "eyJhbGciOiJIUzI1NiIsInR5cCI6IkpXVCJ9.eyJ0b2tlbl90eXBlIjoicmVmcmVzaCIsImV4cCI6MTc1OTI5MjY3NywiaWF0IjoxNzU5MjA2Mjc3LCJqdGkiOiJlOTQyYTFlZjQ4N2Y0MGFiYjllOGVhZWUxNjNlNGMwYSIsInVzZXJfaWQiOiIxIn0.4XH9c1hGbmDsdFu7LXeDBB0BzbkMeH9PPLKycVRCsr0",
    "created_at": "2025-09-30T04:24:37.162Z",
    "expires_at": "2025-10-01T04:24:37Z"
  }
},
{
  "model": "token_blacklist.outstandingtoken",
  "pk": 46,
  "fields": {
    "user": 1,
    "jti": "1a769c565ffb486382dc1c4588d1babe",
    "token": "eyJhbGciOiJIUzI1NiIsInR5cCI6IkpXVCJ9.eyJ0b2tlbl90eXBlIjoicmVmcmVzaCIsImV4cCI6MTc1OTI5NjMwMiwiaWF0IjoxNzU5MjA5OTAyLCJqdGkiOiIxYTc2OWM1NjVmZmI0ODYzODJkYzFjNDU4OGQxYmFiZSIsInVzZXJfaWQiOiIxIiwibXVzdF9jaGFuZ2VfcGFzc3dvcmQiOmZhbHNlfQ.GiTd6MhPk2qJ2R1B098RGXeIQ4V5h0fgJ2d-4GR_rlc",
    "created_at": "2025-09-30T05:25:02.115Z",
    "expires_at": "2025-10-01T05:25:02Z"
  }
},
{
  "model": "token_blacklist.outstandingtoken",
  "pk": 47,
  "fields": {
    "user": 1,
    "jti": "05fd93d0957e4a8da258f5f941134db6",
    "token": "eyJhbGciOiJIUzI1NiIsInR5cCI6IkpXVCJ9.eyJ0b2tlbl90eXBlIjoicmVmcmVzaCIsImV4cCI6MTc1OTI5NjMwMiwiaWF0IjoxNzU5MjA5OTAyLCJqdGkiOiIwNWZkOTNkMDk1N2U0YThkYTI1OGY1Zjk0MTEzNGRiNiIsInVzZXJfaWQiOiIxIiwibXVzdF9jaGFuZ2VfcGFzc3dvcmQiOmZhbHNlfQ.7i-7BNXGPbOXbVKQgSKxo-uzL_pfUOZjODkaZ031xxw",
    "created_at": "2025-09-30T05:25:02.118Z",
    "expires_at": "2025-10-01T05:25:02Z"
  }
},
{
  "model": "token_blacklist.outstandingtoken",
  "pk": 48,
  "fields": {
    "user": 1,
    "jti": "414f44a329944bbda8fafa052f0c4ccd",
    "token": "eyJhbGciOiJIUzI1NiIsInR5cCI6IkpXVCJ9.eyJ0b2tlbl90eXBlIjoicmVmcmVzaCIsImV4cCI6MTc1OTI5OTkwNSwiaWF0IjoxNzU5MjEzNTA1LCJqdGkiOiI0MTRmNDRhMzI5OTQ0YmJkYThmYWZhMDUyZjBjNGNjZCIsInVzZXJfaWQiOiIxIiwibXVzdF9jaGFuZ2VfcGFzc3dvcmQiOmZhbHNlfQ.Mdl0ri6XCEf6lzLBSXihw326GnI-Xt9KEp9o--c7pEM",
    "created_at": "2025-09-30T06:25:05.122Z",
    "expires_at": "2025-10-01T06:25:05Z"
  }
},
{
  "model": "token_blacklist.outstandingtoken",
  "pk": 49,
  "fields": {
    "user": 1,
    "jti": "20aee302a9aa4eb2befa8cbcf44bda88",
    "token": "eyJhbGciOiJIUzI1NiIsInR5cCI6IkpXVCJ9.eyJ0b2tlbl90eXBlIjoicmVmcmVzaCIsImV4cCI6MTc1OTMwNTcyNiwiaWF0IjoxNzU5MjE5MzI2LCJqdGkiOiIyMGFlZTMwMmE5YWE0ZWIyYmVmYThjYmNmNDRiZGE4OCIsInVzZXJfaWQiOiIxIn0.Q9DzSUWyVr-k6EH5R3WCSGFqIQAlkh1zsZmOnYHKFso",
    "created_at": "2025-09-30T08:02:06.014Z",
    "expires_at": "2025-10-01T08:02:06Z"
  }
},
{
  "model": "token_blacklist.outstandingtoken",
  "pk": 50,
  "fields": {
    "user": 1,
    "jti": "5c84c0ec4d574e7b986926f65ac759c4",
    "token": "eyJhbGciOiJIUzI1NiIsInR5cCI6IkpXVCJ9.eyJ0b2tlbl90eXBlIjoicmVmcmVzaCIsImV4cCI6MTc1OTMwOTM0MCwiaWF0IjoxNzU5MjIyOTQwLCJqdGkiOiI1Yzg0YzBlYzRkNTc0ZTdiOTg2OTI2ZjY1YWM3NTljNCIsInVzZXJfaWQiOiIxIiwibXVzdF9jaGFuZ2VfcGFzc3dvcmQiOmZhbHNlfQ.bkdcQcf3tLX8FefnHFSTx_cWFQ42xoLhuHrlPAPsBgM",
    "created_at": "2025-09-30T09:02:20.117Z",
    "expires_at": "2025-10-01T09:02:20Z"
  }
},
{
  "model": "token_blacklist.outstandingtoken",
  "pk": 51,
  "fields": {
    "user": 1,
    "jti": "eeaed90d8a5c46f88859e0d4f5f4e186",
    "token": "eyJhbGciOiJIUzI1NiIsInR5cCI6IkpXVCJ9.eyJ0b2tlbl90eXBlIjoicmVmcmVzaCIsImV4cCI6MTc1OTMwOTM0MCwiaWF0IjoxNzU5MjIyOTQwLCJqdGkiOiJlZWFlZDkwZDhhNWM0NmY4ODg1OWUwZDRmNWY0ZTE4NiIsInVzZXJfaWQiOiIxIiwibXVzdF9jaGFuZ2VfcGFzc3dvcmQiOmZhbHNlfQ.8f9-r4FMbR6pqzPCemkLrnFXbMP9ia6wGF_IDzGY7Nc",
    "created_at": "2025-09-30T09:02:20.127Z",
    "expires_at": "2025-10-01T09:02:20Z"
  }
},
{
  "model": "token_blacklist.outstandingtoken",
  "pk": 52,
  "fields": {
    "user": 3,
    "jti": "1f7dc840ca2545e48af7d6dc200189eb",
    "token": "eyJhbGciOiJIUzI1NiIsInR5cCI6IkpXVCJ9.eyJ0b2tlbl90eXBlIjoicmVmcmVzaCIsImV4cCI6MTc1OTMxMjAxMywiaWF0IjoxNzU5MjI1NjEzLCJqdGkiOiIxZjdkYzg0MGNhMjU0NWU0OGFmN2Q2ZGMyMDAxODllYiIsInVzZXJfaWQiOiIzIn0.ocMAnGv3rKnDrtg7EaRUBPGZ_3VIPMLqKKNjLmYlFFE",
    "created_at": "2025-09-30T09:46:53.164Z",
    "expires_at": "2025-10-01T09:46:53Z"
  }
},
{
  "model": "token_blacklist.outstandingtoken",
  "pk": 53,
  "fields": {
    "user": 1,
    "jti": "e3ef71e3ded341ec8af2f8cc844a688e",
    "token": "eyJhbGciOiJIUzI1NiIsInR5cCI6IkpXVCJ9.eyJ0b2tlbl90eXBlIjoicmVmcmVzaCIsImV4cCI6MTc1OTMxMzEyOSwiaWF0IjoxNzU5MjI2NzI5LCJqdGkiOiJlM2VmNzFlM2RlZDM0MWVjOGFmMmY4Y2M4NDRhNjg4ZSIsInVzZXJfaWQiOiIxIiwibXVzdF9jaGFuZ2VfcGFzc3dvcmQiOmZhbHNlfQ.3GcQHJe8I0awyCczse_Y37ybzdClqGPTltkd9tA7P_Q",
    "created_at": "2025-09-30T10:05:29.691Z",
    "expires_at": "2025-10-01T10:05:29Z"
  }
},
{
  "model": "token_blacklist.outstandingtoken",
  "pk": 54,
  "fields": {
    "user": 1,
    "jti": "7402b7ffeff64cdc9cf4a3bff16c6519",
    "token": "eyJhbGciOiJIUzI1NiIsInR5cCI6IkpXVCJ9.eyJ0b2tlbl90eXBlIjoicmVmcmVzaCIsImV4cCI6MTc1OTMxMzEyOSwiaWF0IjoxNzU5MjI2NzI5LCJqdGkiOiI3NDAyYjdmZmVmZjY0Y2RjOWNmNGEzYmZmMTZjNjUxOSIsInVzZXJfaWQiOiIxIiwibXVzdF9jaGFuZ2VfcGFzc3dvcmQiOmZhbHNlfQ.Dv0kezittPvwMaxdQ2FBIHs5JCF8QIheh7PSaKED1Q4",
    "created_at": "2025-09-30T10:05:29.779Z",
    "expires_at": "2025-10-01T10:05:29Z"
  }
},
{
  "model": "token_blacklist.blacklistedtoken",
  "pk": 1,
  "fields": {
    "token": 1,
    "blacklisted_at": "2025-09-29T01:08:33.798Z"
  }
},
{
  "model": "token_blacklist.blacklistedtoken",
  "pk": 2,
  "fields": {
    "token": 2,
    "blacklisted_at": "2025-09-29T01:09:40.450Z"
  }
},
{
  "model": "token_blacklist.blacklistedtoken",
  "pk": 3,
  "fields": {
    "token": 3,
    "blacklisted_at": "2025-09-29T02:23:23.893Z"
  }
},
{
  "model": "token_blacklist.blacklistedtoken",
  "pk": 4,
  "fields": {
    "token": 6,
    "blacklisted_at": "2025-09-29T02:27:30.130Z"
  }
},
{
  "model": "token_blacklist.blacklistedtoken",
  "pk": 5,
  "fields": {
    "token": 7,
    "blacklisted_at": "2025-09-29T03:28:01.184Z"
  }
},
{
  "model": "token_blacklist.blacklistedtoken",
  "pk": 7,
  "fields": {
    "token": 9,
    "blacklisted_at": "2025-09-29T04:13:20.436Z"
  }
},
{
  "model": "token_blacklist.blacklistedtoken",
  "pk": 8,
  "fields": {
    "token": 10,
    "blacklisted_at": "2025-09-29T05:13:52.843Z"
  }
},
{
  "model": "token_blacklist.blacklistedtoken",
  "pk": 9,
  "fields": {
    "token": 12,
    "blacklisted_at": "2025-09-29T06:14:10.224Z"
  }
},
{
  "model": "token_blacklist.blacklistedtoken",
  "pk": 10,
  "fields": {
    "token": 14,
    "blacklisted_at": "2025-09-29T06:14:59.531Z"
  }
},
{
  "model": "token_blacklist.blacklistedtoken",
  "pk": 11,
  "fields": {
    "token": 15,
    "blacklisted_at": "2025-09-29T06:15:18.362Z"
  }
},
{
  "model": "token_blacklist.blacklistedtoken",
  "pk": 12,
  "fields": {
    "token": 16,
    "blacklisted_at": "2025-09-29T07:42:47.596Z"
  }
},
{
  "model": "token_blacklist.blacklistedtoken",
  "pk": 14,
  "fields": {
    "token": 18,
    "blacklisted_at": "2025-09-29T08:59:19.460Z"
  }
},
{
  "model": "token_blacklist.blacklistedtoken",
  "pk": 15,
  "fields": {
    "token": 20,
    "blacklisted_at": "2025-09-29T10:00:05.156Z"
  }
},
{
  "model": "token_blacklist.blacklistedtoken",
  "pk": 17,
  "fields": {
    "token": 22,
    "blacklisted_at": "2025-09-29T11:22:25.434Z"
  }
},
{
  "model": "token_blacklist.blacklistedtoken",
  "pk": 19,
  "fields": {
    "token": 24,
    "blacklisted_at": "2025-09-29T12:22:31.046Z"
  }
},
{
  "model": "token_blacklist.blacklistedtoken",
  "pk": 20,
  "fields": {
    "token": 26,
    "blacklisted_at": "2025-09-29T15:10:41.183Z"
  }
},
{
  "model": "token_blacklist.blacklistedtoken",
  "pk": 22,
  "fields": {
    "token": 28,
    "blacklisted_at": "2025-09-29T16:11:12.679Z"
  }
},
{
  "model": "token_blacklist.blacklistedtoken",
  "pk": 23,
  "fields": {
    "token": 30,
    "blacklisted_at": "2025-09-29T17:15:43.173Z"
  }
},
{
  "model": "token_blacklist.blacklistedtoken",
  "pk": 26,
  "fields": {
    "token": 32,
    "blacklisted_at": "2025-09-29T18:16:05.204Z"
  }
},
{
  "model": "token_blacklist.blacklistedtoken",
  "pk": 27,
  "fields": {
    "token": 34,
    "blacklisted_at": "2025-09-29T23:35:35.991Z"
  }
},
{
  "model": "token_blacklist.blacklistedtoken",
  "pk": 28,
  "fields": {
    "token": 36,
    "blacklisted_at": "2025-09-30T00:39:06.202Z"
  }
},
{
  "model": "token_blacklist.blacklistedtoken",
  "pk": 30,
  "fields": {
    "token": 39,
    "blacklisted_at": "2025-09-30T03:01:55.431Z"
  }
},
{
  "model": "token_blacklist.blacklistedtoken",
  "pk": 32,
  "fields": {
    "token": 41,
    "blacklisted_at": "2025-09-30T04:02:13.303Z"
  }
},
{
  "model": "token_blacklist.blacklistedtoken",
  "pk": 34,
  "fields": {
    "token": 43,
    "blacklisted_at": "2025-09-30T04:16:08.181Z"
  }
},
{
  "model": "token_blacklist.blacklistedtoken",
  "pk": 35,
  "fields": {
    "token": 44,
    "blacklisted_at": "2025-09-30T04:24:28.706Z"
  }
},
{
  "model": "token_blacklist.blacklistedtoken",
  "pk": 36,
  "fields": {
    "token": 45,
    "blacklisted_at": "2025-09-30T05:25:02.132Z"
  }
},
{
  "model": "token_blacklist.blacklistedtoken",
  "pk": 38,
  "fields": {
    "token": 47,
    "blacklisted_at": "2025-09-30T06:25:05.136Z"
  }
},
{
  "model": "token_blacklist.blacklistedtoken",
  "pk": 39,
  "fields": {
    "token": 49,
    "blacklisted_at": "2025-09-30T09:02:20.140Z"
  }
},
{
  "model": "token_blacklist.blacklistedtoken",
  "pk": 41,
  "fields": {
    "token": 51,
    "blacklisted_at": "2025-09-30T10:05:29.707Z"
  }
},
{
  "model": "token_blacklist.blacklistedtoken",
  "pk": 42,
  "fields": {
    "token": 53,
    "blacklisted_at": "2025-09-30T10:05:29.789Z"
  }
},
{
  "model": "users.user",
  "pk": 1,
  "fields": {
    "password": "pbkdf2_sha256$600000$E2mCfSBbFdFKmhf4VD6FcH$rbH//+9050N6Tu6kbS5SXH69C8BKvzjGK/zyTeR209w=",
    "last_login": "2025-09-29T01:08:05Z",
    "is_superuser": true,
    "email": "admin@example.com",
    "first_name": "Admin",
    "middle_name": "",
    "last_name": "",
    "userlevel": "Admin",
    "section": null,
    "district": null,
    "is_staff": true,
    "is_active": true,
    "date_joined": "2025-09-29T01:07:21Z",
    "updated_at": "2025-09-29T06:14:50.318Z",
    "is_first_login": false,
    "must_change_password": false,
    "groups": [],
    "user_permissions": []
  }
},
{
  "model": "users.user",
  "pk": 2,
  "fields": {
    "password": "pbkdf2_sha256$600000$RQ9zEfusVCwaG97ckEHpdA$ELjr4hH8006hkiSYvtlcmwfjuLwKuWnFM+e2z+pD0Zk=",
    "last_login": null,
    "is_superuser": false,
    "email": "22101222@slc-sflu.edu.ph",
    "first_name": "JERICHO",
    "middle_name": "SOTELO",
    "last_name": "URBANO",
    "userlevel": "Division Chief",
    "section": null,
    "district": null,
    "is_staff": false,
    "is_active": true,
    "date_joined": "2025-09-29T01:22:05.601Z",
    "updated_at": "2025-09-29T02:27:50.723Z",
    "is_first_login": false,
    "must_change_password": false,
    "groups": [],
    "user_permissions": []
  }
},
{
  "model": "users.user",
  "pk": 3,
  "fields": {
    "password": "pbkdf2_sha256$600000$UkWKgC3xVuX5CPFnyy8Vnn$mE9FhO+wNBtw2nY+LXrp+rUNOBKrW6Gt8qFEWLAzcyg=",
    "last_login": null,
    "is_superuser": false,
    "email": "jerichourb.01.01.04@gmail.com",
    "first_name": "MONITORING1",
    "middle_name": "EMB",
    "last_name": "SAMPLE",
    "userlevel": "Monitoring Personnel",
    "section": "RA-8749",
    "district": null,
    "is_staff": false,
    "is_active": true,
    "date_joined": "2025-09-30T09:46:24.537Z",
    "updated_at": "2025-09-30T09:56:44.793Z",
    "is_first_login": true,
    "must_change_password": false,
    "groups": [],
    "user_permissions": []
  }
},
{
  "model": "establishments.establishment",
  "pk": 1,
  "fields": {
    "name": "SAINT LOUIS COLLEGE",
    "nature_of_business": "EDUCATION",
    "year_established": "1964",
    "province": "LA UNION",
    "city": "SAN FERNANDO",
    "barangay": "CARLATAN",
    "street_building": "MACARTHUR HIGHWAY",
    "postal_code": "2500",
    "latitude": "16.636925",
    "longitude": "120.313207",
    "polygon": [
      [
        16.638429373213555,
        120.314137422738
      ],
      [
        16.6382649981934,
        120.31304333422544
      ],
      [
        16.63739175353592,
        120.3131505978051
      ],
      [
        16.637222240876767,
        120.31214768333531
      ],
      [
        16.63558947970582,
        120.31284267779758
      ],
      [
        16.635661394797953,
        120.31316715012606
      ],
      [
        16.635741015047063,
        120.31314301582063
      ],
      [
        16.635794951326073,
        120.3136900600769
      ],
      [
        16.6364524590313,
        120.31377587094063
      ],
      [
        16.636442185490747,
        120.31384022908844
      ],
      [
        16.636370270691444,
        120.31394212948912
      ],
      [
        16.636401091323012,
        120.31396626379453
      ],
      [
        16.63637797584978,
        120.3139957612789
      ],
      [
        16.636709297366288,
        120.31421565161722
      ]
    ],
    "is_active": true,
    "created_at": "2025-09-29T02:29:26.322Z",
    "updated_at": "2025-09-29T02:54:09.108Z"
  }
},
{
  "model": "notifications.notification",
  "pk": 1,
  "fields": {
    "recipient": 2,
    "sender": 2,
    "notification_type": "new_user",
    "title": "New Division Chief Created",
    "message": "A new Division Chief (22101222@slc-sflu.edu.ph) has been created.",
    "is_read": false,
    "created_at": "2025-09-29T01:22:16.339Z"
  }
},
{
  "model": "notifications.notification",
  "pk": 2,
  "fields": {
    "recipient": 1,
    "sender": 2,
    "notification_type": "new_establishment",
    "title": "New Establishment Created",
    "message": "A new establishment \"SAINT LOUIS COLLEGE\" has been created by 22101222@slc-sflu.edu.ph.",
    "is_read": true,
    "created_at": "2025-09-29T02:29:26.378Z"
  }
},
{
  "model": "notifications.notification",
  "pk": 3,
  "fields": {
    "recipient": 2,
    "sender": 2,
    "notification_type": "new_establishment",
    "title": "New Establishment Created",
    "message": "A new establishment \"SAINT LOUIS COLLEGE\" has been created by 22101222@slc-sflu.edu.ph.",
    "is_read": false,
    "created_at": "2025-09-29T02:29:26.386Z"
  }
},
{
  "model": "notifications.notification",
  "pk": 4,
  "fields": {
    "recipient": 2,
    "sender": 3,
    "notification_type": "new_user",
    "title": "New Monitoring Personnel Created",
    "message": "New Monitoring Personnel (jerichourb.01.01.04@gmail.com) created for section: RA-9275.",
    "is_read": false,
    "created_at": "2025-09-30T09:46:53.113Z"
  }
},
{
  "model": "audit.activitylog",
  "pk": 1,
  "fields": {
    "user": 1,
    "action": "create",
    "message": "New user account created: admin@example.com",
    "ip_address": null,
    "user_agent": "",
    "created_at": "2025-09-29T01:07:28.261Z"
  }
},
{
  "model": "audit.activitylog",
  "pk": 2,
  "fields": {
    "user": 1,
    "action": "update",
    "message": "User account updated: admin@example.com",
    "ip_address": null,
    "user_agent": "",
    "created_at": "2025-09-29T01:08:05.364Z"
  }
},
{
  "model": "audit.activitylog",
  "pk": 3,
  "fields": {
    "user": 1,
    "action": "login",
    "message": "User admin@example.com logged in",
    "ip_address": "127.0.0.1",
    "user_agent": "Mozilla/5.0 (Windows NT 10.0; Win64; x64) AppleWebKit/537.36 (KHTML, like Gecko) Chrome/140.0.0.0 Safari/537.36",
    "created_at": "2025-09-29T01:08:05.366Z"
  }
},
{
  "model": "audit.activitylog",
  "pk": 4,
  "fields": {
    "user": 1,
    "action": "update",
    "message": "User account updated: admin@example.com",
    "ip_address": null,
    "user_agent": "",
    "created_at": "2025-09-29T01:08:15.679Z"
  }
},
{
  "model": "audit.activitylog",
  "pk": 5,
  "fields": {
    "user": 1,
    "action": "update",
    "message": "User account updated: admin@example.com",
    "ip_address": null,
    "user_agent": "",
    "created_at": "2025-09-29T01:09:24.944Z"
  }
},
{
  "model": "audit.activitylog",
  "pk": 6,
  "fields": {
    "user": 1,
    "action": "update",
    "message": "System configuration updated",
    "ip_address": "127.0.0.1",
    "user_agent": "Mozilla/5.0 (Windows NT 10.0; Win64; x64) AppleWebKit/537.36 (KHTML, like Gecko) Chrome/140.0.0.0 Safari/537.36",
    "created_at": "2025-09-29T01:10:18.883Z"
  }
},
{
  "model": "audit.activitylog",
  "pk": 7,
  "fields": {
    "user": 2,
    "action": "create",
    "message": "New user account created: 22101222@slc-sflu.edu.ph",
    "ip_address": null,
    "user_agent": "",
    "created_at": "2025-09-29T01:22:13.490Z"
  }
},
{
  "model": "audit.activitylog",
  "pk": 8,
  "fields": {
    "user": 1,
    "action": "create",
    "message": "New user registered: 22101222@slc-sflu.edu.ph",
    "ip_address": "127.0.0.1",
    "user_agent": "Mozilla/5.0 (Windows NT 10.0; Win64; x64) AppleWebKit/537.36 (KHTML, like Gecko) Chrome/140.0.0.0 Safari/537.36",
    "created_at": "2025-09-29T01:22:16.287Z"
  }
},
{
  "model": "audit.activitylog",
  "pk": 9,
  "fields": {
    "user": 2,
    "action": "update",
    "message": "User account updated: 22101222@slc-sflu.edu.ph",
    "ip_address": null,
    "user_agent": "",
    "created_at": "2025-09-29T02:27:39.452Z"
  }
},
{
  "model": "audit.activitylog",
  "pk": 10,
  "fields": {
    "user": 2,
    "action": "update",
    "message": "User account updated: 22101222@slc-sflu.edu.ph",
    "ip_address": null,
    "user_agent": "",
    "created_at": "2025-09-29T02:27:50.727Z"
  }
},
{
  "model": "audit.activitylog",
  "pk": 11,
  "fields": {
    "user": 2,
    "action": "update",
    "message": "First-time password set for 22101222@slc-sflu.edu.ph",
    "ip_address": "127.0.0.1",
    "user_agent": "Mozilla/5.0 (Windows NT 10.0; Win64; x64) AppleWebKit/537.36 (KHTML, like Gecko) Chrome/140.0.0.0 Safari/537.36",
    "created_at": "2025-09-29T02:27:50.730Z"
  }
},
{
  "model": "audit.activitylog",
  "pk": 12,
  "fields": {
    "user": null,
    "action": "create",
    "message": "Created establishment: SAINT LOUIS COLLEGE",
    "ip_address": null,
    "user_agent": "",
    "created_at": "2025-09-29T02:29:26.326Z"
  }
},
{
  "model": "audit.activitylog",
  "pk": 13,
  "fields": {
    "user": 2,
    "action": "update",
    "message": "Updated establishment: SAINT LOUIS COLLEGE",
    "ip_address": null,
    "user_agent": "",
    "created_at": "2025-09-29T02:29:26.359Z"
  }
},
{
  "model": "audit.activitylog",
  "pk": 14,
  "fields": {
    "user": 2,
    "action": "update",
    "message": "Updated establishment: SAINT LOUIS COLLEGE",
    "ip_address": null,
    "user_agent": "",
    "created_at": "2025-09-29T02:54:09.131Z"
  }
},
{
  "model": "audit.activitylog",
  "pk": 15,
  "fields": {
    "user": 1,
    "action": "update",
    "message": "User account updated: admin@example.com",
    "ip_address": null,
    "user_agent": "",
    "created_at": "2025-09-29T06:14:50.325Z"
  }
},
{
  "model": "audit.activitylog",
  "pk": 16,
  "fields": {
    "user": 1,
    "action": "update",
    "message": "Password changed for admin@example.com",
    "ip_address": "127.0.0.1",
    "user_agent": "Mozilla/5.0 (Windows NT 10.0; Win64; x64) AppleWebKit/537.36 (KHTML, like Gecko) Chrome/140.0.0.0 Safari/537.36",
    "created_at": "2025-09-29T06:14:50.331Z"
  }
},
{
  "model": "audit.activitylog",
  "pk": 17,
  "fields": {
    "user": 1,
    "action": "update",
    "message": "System configuration updated",
    "ip_address": "127.0.0.1",
    "user_agent": "Mozilla/5.0 (Windows NT 10.0; Win64; x64) AppleWebKit/537.36 (KHTML, like Gecko) Chrome/140.0.0.0 Safari/537.36",
    "created_at": "2025-09-29T06:18:42.121Z"
  }
},
{
  "model": "audit.activitylog",
  "pk": 18,
  "fields": {
    "user": 1,
    "action": "update",
    "message": "System configuration updated",
    "ip_address": "127.0.0.1",
    "user_agent": "Mozilla/5.0 (Windows NT 10.0; Win64; x64) AppleWebKit/537.36 (KHTML, like Gecko) Chrome/140.0.0.0 Safari/537.36",
    "created_at": "2025-09-29T06:19:32.652Z"
  }
},
{
  "model": "audit.activitylog",
  "pk": 19,
  "fields": {
    "user": 3,
    "action": "create",
    "message": "New user account created: jerichourb.01.01.04@gmail.com",
    "ip_address": null,
    "user_agent": "",
    "created_at": "2025-09-30T09:46:50.087Z"
  }
},
{
  "model": "audit.activitylog",
  "pk": 20,
  "fields": {
    "user": 1,
    "action": "create",
    "message": "New user registered: jerichourb.01.01.04@gmail.com",
    "ip_address": "127.0.0.1",
    "user_agent": "Mozilla/5.0 (Windows NT 10.0; Win64; x64) AppleWebKit/537.36 (KHTML, like Gecko) Chrome/140.0.0.0 Safari/537.36",
    "created_at": "2025-09-30T09:46:53.101Z"
  }
},
{
  "model": "audit.activitylog",
  "pk": 21,
  "fields": {
    "user": 3,
    "action": "update",
    "message": "User account updated: jerichourb.01.01.04@gmail.com",
    "ip_address": null,
    "user_agent": "",
    "created_at": "2025-09-30T09:56:44.800Z"
  }
},
{
  "model": "audit.activitylog",
  "pk": 22,
  "fields": {
    "user": 1,
    "action": "update",
    "message": "Updated user: jerichourb.01.01.04@gmail.com",
    "ip_address": "127.0.0.1",
    "user_agent": "Mozilla/5.0 (Windows NT 10.0; Win64; x64) AppleWebKit/537.36 (KHTML, like Gecko) Chrome/140.0.0.0 Safari/537.36",
    "created_at": "2025-09-30T09:56:44.810Z"
  }
},
{
  "model": "inspections.inspection",
  "pk": 1,
  "fields": {
    "code": "AIR-2025-0001",
    "establishment": 1,
    "section": "RA-8749",
    "district": "LA UNION",
    "assigned_legal_unit": null,
    "assigned_division_head": 2,
    "assigned_section_chief": null,
    "assigned_unit_head": null,
    "assigned_monitor": null,
    "status": "DIVISION_CREATED",
    "inspection_list": null,
    "applicable_laws": null,
    "billing_record": null,
    "compliance_call": null,
    "inspection_notes": null,
    "current_assigned_to": 2,
    "workflow_comments": null,
    "created_by": 2,
    "created_at": "2025-09-29T03:10:18.302Z",
    "updated_at": "2025-09-29T03:10:18.326Z"
  }
},
{
  "model": "system_config.systemconfiguration",
  "pk": 1,
  "fields": {
    "email_host": "smtp.gmail.com",
    "email_port": 587,
    "email_use_tls": true,
    "email_host_user": "jerichourbano.0101.04@gmail.com",
    "email_host_password": "pkfn htuz duyo nben",
    "default_from_email": "jerichourbano.0101.04@gmail.com",
    "default_user_password": "password123",
    "access_token_lifetime_minutes": 60,
    "refresh_token_lifetime_days": 1,
    "rotate_refresh_tokens": true,
    "blacklist_after_rotation": true,
    "created_at": "2025-09-29T01:09:57.494Z",
    "updated_at": "2025-09-29T06:19:32.656Z",
    "is_active": true
  }
}
]
